Execution,ScenarioID,Configuration_API_Description,Attribute[TTC],Attribute[DTO],Attribute[Jerk],Attribute[COL],Attribute[COLT],Attribute[SAC]
0,0_scenario_0,A red Hatchback is driving from the opposite direction (near) and switching lane.,100000.0,12.567068,4.44,False,None,0.0
0,0_scenario_1,A pedestrian is crossing the road from right to left.,100000.0,4.118806,5.88,False,None,0.0
0,0_scenario_2_pedestrian,A yellow BoxTruck is overtaking (far) the ego vehicle and maintaining lane.,0.0,2.399844,7.460000000000001,True,pedestrian,1.8733714605709817
1,1_scenario_0,A yellow SUV is overtaking (near) the ego vehicle and switching lane.,100000.0,8.145593,3.58,False,None,0.0
1,1_scenario_1,A white SchoolBus is driving ahead (near) of the ego vehicle and switching lane.,0.403553,3.413931,9.98,False,None,0.0
1,1_scenario_2,A pedestrian is crossing the road from left to right.,100000.0,11.560778,4.44,False,None,0.0
1,1_scenario_3,A skyblue Hatchback is driving ahead (far) of the ego vehicle and maintaining lane.,1.519612,2.832242,4.26,False,None,0.0
1,1_scenario_4,A yellow Sedan is overtaking (near) the ego vehicle and switching lane.,100000.0,14.696105,1.82,False,None,0.0
1,1_scenario_5,A pink Hatchback is driving ahead (near) of the ego vehicle and switching lane.,100000.0,5.143383,4.26,False,None,0.0
1,1_scenario_6,A red Jeep is overtaking (near) the ego vehicle and switching lane.,100000.0,8.067836,6.88,False,None,0.0
1,1_scenario_7,A yellow SUV is overtaking (far) the ego vehicle and switching lane.,100000.0,20.687218,6.16,False,None,0.0
1,1_scenario_8,A white SchoolBus is driving ahead (near) of the ego vehicle and switching lane.,100000.0,36.741189,6.9,False,None,0.0
1,1_scenario_9,A pedestrian is crossing the road from left to right.,100000.0,9.266473,6.7,False,None,0.0
1,1_scenario_10,A pedestrian is crossing the road from left to right.,100000.0,10.993809,6.7,False,None,0.0
1,1_scenario_11,A pedestrian is crossing the road from left to right.,100000.0,13.707575,6.68,False,None,0.0
1,1_scenario_12,A pedestrian is crossing the road from left to right.,100000.0,16.596893,6.68,False,None,0.0
1,1_scenario_13,A pedestrian is crossing the road from left to right.,7.587146,6.456944,6.26,False,None,0.0
1,1_scenario_14,A pink SUV is crossing the road (far) and switching lane.,2.747786,6.441179,5.800000000000001,False,None,0.0
1,1_scenario_15,A pink Jeep is driving ahead (far) of the ego vehicle and maintaining lane.,3.502727,6.981955,1.2999999999999998,False,None,0.0
1,1_scenario_16,A black Sedan is driving ahead (near) of the ego vehicle and maintaining lane.,100000.0,10.730899,6.699999999999999,False,None,0.0
1,1_scenario_17,A yellow BoxTruck is overtaking (far) the ego vehicle and maintaining lane.,8.477534,15.856147,6.72,False,None,0.0
1,1_scenario_18,A pink SchoolBus is driving from the opposite direction (far) and maintaining lane.,100000.0,16.828611,6.5600000000000005,False,None,0.0
1,1_scenario_19,A pink Jeep is crossing the road (near) and switching lane.,100000.0,6.129172,6.8,False,None,0.0
1,1_scenario_20,A yellow Sedan is crossing the road (far) and switching lane.,100000.0,40.39621,6.82,False,None,0.0
1,1_scenario_21,A yellow SchoolBus is driving from the opposite direction (near) and switching lane.,100000.0,20.719843,4.76,False,None,0.0
2,2_scenario_0,A pedestrian is crossing the road from left to right.,100000.0,18.362441,4.56,False,None,0.0
2,2_scenario_1,A black SchoolBus is driving ahead (near) of the ego vehicle and maintaining lane.,100000.0,2.461458,3.32,False,None,0.0
2,2_scenario_2,A yellow Hatchback is driving ahead (near) of the ego vehicle and maintaining lane.,0.518542,8.113948,6.94,False,None,0.0
2,2_scenario_3,A black Sedan is driving ahead (near) of the ego vehicle and maintaining lane.,3.004133,11.954852,6.640000000000001,False,None,0.0
2,2_scenario_4,A yellow Hatchback is overtaking (far) the ego vehicle and switching lane.,0.217239,1.232289,6.960000000000001,False,None,0.0
2,2_scenario_5,A black Hatchback is overtaking (near) the ego vehicle and switching lane.,0.208784,3.780323,4.7,False,None,0.0
2,2_scenario_6,A skyblue Sedan is overtaking (far) the ego vehicle and switching lane.,1.75279,19.351397,6.119999999999999,False,None,0.0
2,2_scenario_7,A yellow BoxTruck is overtaking (far) the ego vehicle and maintaining lane.,1.21585,4.565811,2.74,False,None,0.0
2,2_scenario_8,A black Sedan is driving ahead (near) of the ego vehicle and maintaining lane.,1.961293,24.581563,4.44,False,None,0.0
2,2_scenario_9,A yellow Hatchback is driving ahead (near) of the ego vehicle and maintaining lane.,0.809076,7.483358,13.6,False,None,0.0
2,2_scenario_10,A skyblue Hatchback is driving from the opposite direction (far) and maintaining lane.,7.776779,16.414831,6.66,False,None,0.0
2,2_scenario_11,A red SchoolBus is overtaking (near) the ego vehicle and switching lane.,100000.0,8.865639,6.859999999999999,False,None,0.0
2,2_scenario_12,A pedestrian is crossing the road from left to right.,100000.0,9.19084,4.32,False,None,0.0
2,2_scenario_13,A red BoxTruck is driving from the opposite direction (near) and maintaining lane.,100000.0,9.167874,0.78,False,None,0.0
2,2_scenario_14,A yellow Jeep is driving from the opposite direction (far) and switching lane.,100000.0,9.084697,5.46,False,None,0.0
3,3_scenario_0,A pedestrian is crossing the road from left to right.,100000.0,16.895534,4.48,False,None,0.0
3,3_scenario_1,A skyblue Hatchback is driving from the opposite direction (far) and maintaining lane.,100000.0,2.827993,6.12,False,None,0.0
3,3_scenario_2,A pink Jeep is driving ahead (far) of the ego vehicle and maintaining lane.,2.593074,10.869825,8.8,False,None,0.0
3,3_scenario_3,A skyblue BoxTruck is driving ahead (near) of the ego vehicle and switching lane.,5.02414,14.128214,6.040000000000001,False,None,0.0
3,3_scenario_4,A black Sedan is driving ahead (far) of the ego vehicle and maintaining lane.,3.151099,23.840664,10.1,False,None,0.0
3,3_scenario_5,A white BoxTruck is driving from the opposite direction (far) and switching lane.,2.086331,26.937661,7.14,False,None,0.0
3,3_scenario_6,A red BoxTruck is driving from the opposite direction (near) and maintaining lane.,1.316602,6.999792,7.439999999999999,False,None,0.0
3,3_scenario_7,A pedestrian is crossing the road from left to right.,2.617803,12.931802,4.46,False,None,0.0
3,3_scenario_8,A black SchoolBus is overtaking (near) the ego vehicle and maintaining lane.,2.503635,4.733819,6.300000000000001,False,None,0.0
3,3_scenario_9,A black Sedan is driving ahead (near) of the ego vehicle and maintaining lane.,9.30048,9.416411,6.880000000000001,False,None,0.0
3,3_scenario_10,A black Jeep is driving ahead (far) of the ego vehicle and switching lane.,100000.0,24.083394,7.4,False,None,0.0
3,3_scenario_11,A pedestrian is crossing the road from left to right.,100000.0,24.934725,6.62,False,None,0.0
3,3_scenario_12,A black SUV is driving ahead (near) of the ego vehicle and maintaining lane.,100000.0,12.549364,3.88,False,None,0.0
3,3_scenario_13,A black SchoolBus is overtaking (near) the ego vehicle and maintaining lane.,100000.0,9.82,4.94,False,None,0.0
3,3_scenario_14,A pedestrian is crossing the road from right to left.,100000.0,8.665565,7.26,False,None,0.0
4,4_scenario_0,A pedestrian is crossing the road from left to right.,100000.0,14.446516,4.76,False,None,0.0
4,4_scenario_1,A yellow Hatchback is overtaking (far) the ego vehicle and switching lane.,0.966425,1.730823,5.64,False,None,0.0
4,4_scenario_2_npc_vehicle,A white SchoolBus is driving ahead (far) of the ego vehicle and maintaining lane.,0.0,3.044537,10.44,True,npc_vehicle,15.415255168086071
5,5_scenario_0,A yellow Sedan is driving from the opposite direction (near) and switching lane.,100000.0,12.37515,5.02,False,None,0.0
5,5_scenario_1,A pink Jeep is driving ahead (far) of the ego vehicle and maintaining lane.,15.273049,43.495081,5.54,False,None,0.0
5,5_scenario_2,A pink Jeep is driving ahead (far) of the ego vehicle and maintaining lane.,100000.0,48.31585,8.46,False,None,0.0
5,5_scenario_3,A skyblue SchoolBus is driving ahead (far) of the ego vehicle and switching lane.,19.321219,9.453265,13.8,False,None,0.0
5,5_scenario_4,A skyblue SchoolBus is driving ahead (far) of the ego vehicle and switching lane.,100000.0,29.767617,6.04,False,None,0.0
5,5_scenario_5,A red BoxTruck is driving from the opposite direction (far) and maintaining lane.,4.146413,48.85323,7.539999999999999,False,None,0.0
5,5_scenario_6,A red SUV is driving ahead (near) of the ego vehicle and switching lane.,0.473174,8.025484,16.259999999999998,False,None,0.0
5,5_scenario_7,A pedestrian is crossing the road from right to left.,2.712937,13.51477,10.74,False,None,0.0
5,5_scenario_8,A black Jeep is overtaking (far) the ego vehicle and maintaining lane.,100000.0,3.35326,10.14,False,None,0.0
5,5_scenario_9_pedestrian,A red BoxTruck is driving from the opposite direction (far) and maintaining lane.,0.0,1.37939,5.18,True,pedestrian,5.7020235203294165
6,6_scenario_0,A white SchoolBus is driving ahead (near) of the ego vehicle and switching lane.,6.328021,15.746014,10.18,False,None,0.0
6,6_scenario_1,A red Hatchback is driving from the opposite direction (near) and switching lane.,2.087049,31.1852,2.5,False,None,0.0
6,6_scenario_2,A red SUV is overtaking (near) the ego vehicle and maintaining lane.,0.294775,6.424219,13.46,False,None,0.0
6,6_scenario_3_npc_vehicle,A black Hatchback is overtaking (near) the ego vehicle and switching lane.,0.0,4.796674,6.94,True,npc_vehicle,11.300282645947734
7,7_scenario_0,A pink BoxTruck is driving ahead (near) of the ego vehicle and maintaining lane.,100000.0,15.190205,5.5,False,None,0.0
7,7_scenario_1,A skyblue Hatchback is driving ahead (far) of the ego vehicle and maintaining lane.,4.603903,4.082714,10.28,False,None,0.0
7,7_scenario_2,A white Sedan is driving ahead (far) of the ego vehicle and switching lane.,3.817762,13.403428,12.22,False,None,0.0
7,7_scenario_3,A yellow SUV is overtaking (near) the ego vehicle and switching lane.,0.844316,6.944552,6.72,False,None,0.0
7,7_scenario_4,A white Jeep is driving ahead (near) of the ego vehicle and maintaining lane.,1.922837,4.745316,6.239999999999999,False,None,0.0
7,7_scenario_5,A black Hatchback is overtaking (near) the ego vehicle and switching lane.,1.67854,3.431221,4.0200000000000005,False,None,0.0
7,7_scenario_6,A black Jeep is overtaking (far) the ego vehicle and maintaining lane.,1.422647,6.264791,5.72,False,None,0.0
7,7_scenario_7,A red SUV is overtaking (near) the ego vehicle and maintaining lane.,1.241229,20.171884,4.44,False,None,0.0
7,7_scenario_8,A pedestrian is crossing the road from left to right.,3.807274,11.522795,7.0600000000000005,False,None,0.0
7,7_scenario_9,A black Jeep is overtaking (near) the ego vehicle and maintaining lane.,0.379075,2.072893,7.0600000000000005,False,None,0.0
7,7_scenario_10,A pedestrian is crossing the road from left to right.,0.864945,2.353195,6.4,False,None,0.0
7,7_scenario_11,A pedestrian is crossing the road from left to right.,9.198057,9.233338,4.4,False,None,0.0
7,7_scenario_12,A black Jeep is overtaking (far) the ego vehicle and maintaining lane.,100000.0,10.697615,4.98,False,None,0.0
7,7_scenario_13,A black Hatchback is overtaking (near) the ego vehicle and switching lane.,100000.0,11.167784,4.86,False,None,0.0
8,8_scenario_0,A yellow SUV is overtaking (near) the ego vehicle and switching lane.,2.034695,8.163464,2.62,False,None,0.0
8,8_scenario_1_npc_vehicle,A black Jeep is overtaking (near) the ego vehicle and maintaining lane.,0.0,4.978538,4.22,True,npc_vehicle,10.28708044632952
9,9_scenario_0,A yellow SUV is overtaking (near) the ego vehicle and switching lane.,1.514965,8.10125,3.4000000000000004,False,None,0.0
9,9_scenario_1,A yellow Hatchback is overtaking (far) the ego vehicle and switching lane.,0.549362,8.789548,6.86,False,None,0.0
9,9_scenario_2,A skyblue BoxTruck is driving ahead (near) of the ego vehicle and switching lane.,4.905956,6.163842,8.18,False,None,0.0
9,9_scenario_3,A black Sedan is driving ahead (far) of the ego vehicle and maintaining lane.,2.190908,9.290819,9.02,False,None,0.0
9,9_scenario_4,A yellow Hatchback is crossing the road (near) and maintaining lane.,0.59671,5.583693,9.88,False,None,0.0
9,9_scenario_5,A black Sedan is driving ahead (near) of the ego vehicle and maintaining lane.,1.62986,13.523812,4.76,False,None,0.0
9,9_scenario_6,A white SchoolBus is crossing the road (far) and switching lane.,4.39061,25.104988,3.72,False,None,0.0
9,9_scenario_7,A pedestrian is crossing the road from left to right.,3.42722,22.86034,0.0,False,None,0.0
9,9_scenario_8,A pedestrian is crossing the road from left to right.,100000.0,27.855341,0.0,False,None,0.0
9,9_scenario_9,A pedestrian is crossing the road from left to right.,100000.0,26.283276,0.0,False,None,0.0
10,10_scenario_0,A yellow Sedan is driving from the opposite direction (near) and switching lane.,100000.0,12.356167,4.32,False,None,0.0
10,10_scenario_1,A black Jeep is driving ahead (near) of the ego vehicle and switching lane.,0.623492,6.184817,6.380000000000001,False,None,0.0
10,10_scenario_2,A white BoxTruck is overtaking (near) the ego vehicle and switching lane.,100000.0,4.570543,3.0000000000000004,False,None,0.0
10,10_scenario_3,A yellow Sedan is overtaking (near) the ego vehicle and switching lane.,100000.0,4.372575,5.1,False,None,0.0
10,10_scenario_4,A red SchoolBus is overtaking (near) the ego vehicle and switching lane.,100000.0,3.567315,4.58,False,None,0.0
10,10_scenario_5,A yellow Sedan is crossing the road (far) and maintaining lane.,2.570999,10.75926,7.199999999999999,False,None,0.0
10,10_scenario_6,A red BoxTruck is driving ahead (far) of the ego vehicle and maintaining lane.,2.879889,21.564209,7.88,False,None,0.0
10,10_scenario_7_obstacle,A yellow BoxTruck is overtaking (far) the ego vehicle and maintaining lane.,0.0,13.18555,7.18,True,obstacle,0.5559437147637921
11,11_scenario_0,A pedestrian is crossing the road from left to right.,100000.0,18.174216,5.76,False,None,0.0
11,11_scenario_1,A yellow Sedan is overtaking (far) the ego vehicle and maintaining lane.,100000.0,5.76574,5.98,False,None,0.0
11,11_scenario_2_pedestrian,A red BoxTruck is driving ahead (far) of the ego vehicle and switching lane.,0.0,1.559512,4.4,True,pedestrian,5.801556469766194
12,12_scenario_0,A yellow SUV is overtaking (near) the ego vehicle and switching lane.,100000.0,9.092546,4.74,False,None,0.0
12,12_scenario_1,A white Jeep is driving ahead (near) of the ego vehicle and maintaining lane.,0.57138,3.367939,8.06,False,None,0.0
12,12_scenario_2,A red BoxTruck is driving ahead (far) of the ego vehicle and switching lane.,97.881381,4.667248,6.08,False,None,0.0
12,12_scenario_3,A pink Sedan is driving from the opposite direction (near) and maintaining lane.,0.743957,4.037984,7.619999999999999,False,None,0.0
12,12_scenario_4,A black Sedan is driving ahead (far) of the ego vehicle and maintaining lane.,3.565722,17.149773,7.54,False,None,0.0
12,12_scenario_5,A red BoxTruck is driving from the opposite direction (far) and maintaining lane.,3.111663,17.072268,8.959999999999999,False,None,0.0
12,12_scenario_6,A pedestrian is crossing the road from left to right.,2.330811,8.392748,5.88,False,None,0.0
12,12_scenario_7,A yellow Sedan is overtaking (far) the ego vehicle and maintaining lane.,11.488986,15.097014,3.64,False,None,0.0
12,12_scenario_8,A pedestrian is crossing the road from left to right.,100000.0,3.250167,0.6,False,None,0.0
13,13_scenario_0,A red SUV is crossing the road (near) and maintaining lane.,100000.0,11.401523,4.6,False,None,0.0
13,13_scenario_1,A skyblue BoxTruck is driving ahead (near) of the ego vehicle and switching lane.,7.09804,11.640353,0.88,False,None,0.0
13,13_scenario_2,A black Jeep is driving ahead (far) of the ego vehicle and switching lane.,1.926037,18.906036,4.6,False,None,0.0
13,13_scenario_3,A red SUV is overtaking (near) the ego vehicle and maintaining lane.,6.655579,17.963906,5.84,False,None,0.0
13,13_scenario_4,A black SUV is driving ahead (near) of the ego vehicle and maintaining lane.,2.564473,4.22086,5.4,False,None,0.0
13,13_scenario_5,A pink Hatchback is driving ahead (near) of the ego vehicle and switching lane.,1.577911,9.676347,4.68,False,None,0.0
13,13_scenario_6,A pedestrian is crossing the road from left to right.,5.194097,19.631261,0.66,False,None,0.0
13,13_scenario_7_obstacle,A white SUV is driving ahead (far) of the ego vehicle and switching lane.,0.0,6.070316,5.8,True,obstacle,0.6374018023772012
14,14_scenario_0,A red SUV is crossing the road (near) and maintaining lane.,100000.0,11.396675,3.46,False,None,0.0
14,14_scenario_1,A white BoxTruck is overtaking (near) the ego vehicle and switching lane.,100000.0,4.135394,0.74,False,None,0.0
14,14_scenario_2_npc_vehicle,A skyblue BoxTruck is driving ahead (near) of the ego vehicle and switching lane.,0.0,7.47827,10.62,True,npc_vehicle,0.0652552963246978
15,15_scenario_0,A pedestrian is crossing the road from left to right.,100000.0,15.530562,2.3800000000000003,False,None,0.0
15,15_scenario_1_pedestrian,A white SchoolBus is driving ahead (near) of the ego vehicle and switching lane.,0.0,2.746208,6.739999999999999,True,pedestrian,6.675833877389588
16,16_scenario_0,A yellow SUV is overtaking (near) the ego vehicle and switching lane.,3.18716,9.716173,2.68,False,None,0.0
16,16_scenario_1,A skyblue BoxTruck is driving ahead (near) of the ego vehicle and switching lane.,0.725836,3.322115,6.36,False,None,0.0
16,16_scenario_2,A skyblue Hatchback is driving from the opposite direction (far) and maintaining lane.,7.824443,4.721263,13.5,False,None,0.0
16,16_scenario_3,A red Hatchback is crossing the road (near) and switching lane.,28.258828,9.197828,6.7,False,None,0.0
16,16_scenario_4,A yellow SchoolBus is overtaking (far) the ego vehicle and maintaining lane.,2.978616,13.426577,11.72,False,None,0.0
16,16_scenario_5_npc_vehicle,A skyblue Hatchback is driving ahead (far) of the ego vehicle and maintaining lane.,0.0,7.013049,10.74,True,npc_vehicle,11.725319027748808
17,17_scenario_0,A skyblue BoxTruck is driving ahead (near) of the ego vehicle and switching lane.,100000.0,15.755379,4.619999999999999,False,None,0.0
17,17_scenario_1,A pink SchoolBus is crossing the road (near) and switching lane.,2.670467,11.921854,0.84,False,None,0.0
17,17_scenario_2_npc_vehicle,A white Jeep is driving ahead (near) of the ego vehicle and maintaining lane.,0.0,2.865123,2.12,True,npc_vehicle,5.626486475626106
18,18_scenario_0,A pedestrian is crossing the road from left to right.,100000.0,16.069163,2.88,False,None,0.0
18,18_scenario_1,A red BoxTruck is overtaking (near) the ego vehicle and maintaining lane.,100000.0,1.94044,4.96,False,None,0.0
18,18_scenario_2,A white SchoolBus is crossing the road (far) and switching lane.,100000.0,2.033895,3.26,False,None,0.0
18,18_scenario_3,A black Hatchback is overtaking (near) the ego vehicle and switching lane.,100000.0,18.365778,5.42,False,None,0.0
18,18_scenario_4,A black Sedan is driving ahead (near) of the ego vehicle and maintaining lane.,0.704407,6.027142,6.64,False,None,0.0
18,18_scenario_5,A pedestrian is crossing the road from left to right.,1.811092,11.516745,9.34,False,None,0.0
18,18_scenario_6,A yellow Hatchback is overtaking (far) the ego vehicle and switching lane.,5.013673,4.120067,12.04,False,None,0.0
18,18_scenario_7,A red BoxTruck is driving from the opposite direction (near) and maintaining lane.,3.482374,3.248427,4.26,False,None,0.0
18,18_scenario_8,A skyblue Sedan is overtaking (far) the ego vehicle and switching lane.,1.401245,14.123671,3.2,False,None,0.0
18,18_scenario_9,A yellow Hatchback is driving ahead (near) of the ego vehicle and maintaining lane.,7.300998,12.885967,5.68,False,None,0.0
18,18_scenario_10,A pink SchoolBus is crossing the road (near) and switching lane.,4.755163,28.323758,7.279999999999999,False,None,0.0
18,18_scenario_11,A red SchoolBus is overtaking (near) the ego vehicle and switching lane.,3.410753,11.327778,6.3,False,None,0.0
18,18_scenario_12,A pedestrian is crossing the road from left to right.,3.95744,10.182441,6.7,False,None,0.0
18,18_scenario_13_npc_vehicle,A pedestrian is crossing the road from left to right.,0.0,7.079317,2.16,True,npc_vehicle,2.134354205184583
19,19_scenario_0,A yellow Sedan is driving from the opposite direction (near) and switching lane.,100000.0,12.37515,5.02,False,None,0.0
19,19_scenario_1,A pink Jeep is driving ahead (far) of the ego vehicle and maintaining lane.,15.273049,43.495081,5.54,False,None,0.0
19,19_scenario_2,A pink Jeep is driving ahead (far) of the ego vehicle and maintaining lane.,100000.0,48.31585,8.46,False,None,0.0
19,19_scenario_3,A skyblue SchoolBus is driving ahead (far) of the ego vehicle and switching lane.,19.321219,9.453265,13.8,False,None,0.0
19,19_scenario_4,A skyblue SchoolBus is driving ahead (far) of the ego vehicle and switching lane.,100000.0,29.767617,6.04,False,None,0.0
19,19_scenario_5,A red BoxTruck is driving from the opposite direction (far) and maintaining lane.,4.146413,48.85323,7.539999999999999,False,None,0.0
19,19_scenario_6,A red SUV is driving ahead (near) of the ego vehicle and switching lane.,0.473174,8.025484,16.259999999999998,False,None,0.0
19,19_scenario_7,A pedestrian is crossing the road from right to left.,2.712937,13.51477,10.74,False,None,0.0
19,19_scenario_8,A black Jeep is overtaking (far) the ego vehicle and maintaining lane.,100000.0,3.35326,10.14,False,None,0.0
19,19_scenario_9_pedestrian,A red BoxTruck is driving from the opposite direction (far) and maintaining lane.,0.0,1.37939,5.18,True,pedestrian,5.7020235203294165
