Execution,ScenarioID,Configuration_API_Description,Attribute[TTC],Attribute[DTO],Attribute[Jerk],Attribute[COL],Attribute[COLT],Attribute[SAC]
0,0_scenario_0,A yellow SchoolBus is driving from the opposite direction (near) and switching lane.,1.801997,25.008824,3.4799999999999995,False,None,0.0
0,0_scenario_1,A yellow Jeep is driving from the opposite direction (far) and switching lane.,5.152388,46.889063,2.0,False,None,0.0
0,0_scenario_2,A yellow SchoolBus is driving from the opposite direction (near) and switching lane.,7.266642,16.657779,0.98,False,None,0.0
0,0_scenario_3,A white SUV is driving ahead (far) of the ego vehicle and switching lane.,4.02555,23.05196,3.02,False,None,0.0
0,0_scenario_4,A pink BoxTruck is driving ahead (near) of the ego vehicle and maintaining lane.,3.299161,7.131026,6.36,False,None,0.0
0,0_scenario_5,A red BoxTruck is driving from the opposite direction (near) and maintaining lane.,7.39354,6.11252,6.16,False,None,0.0
0,0_scenario_6,A skyblue Jeep is overtaking (far) the ego vehicle and switching lane.,12.746479,7.673678,3.66,False,None,0.0
0,0_scenario_7,A skyblue Hatchback is driving ahead (far) of the ego vehicle and maintaining lane.,18.234686,8.707443,3.9,False,None,0.0
0,0_scenario_8,A white SchoolBus is driving ahead (far) of the ego vehicle and maintaining lane.,9.413918,11.107646,5.56,False,None,0.0
0,0_scenario_9,A black SchoolBus is driving ahead (near) of the ego vehicle and maintaining lane.,5.094494,11.055737,12.0,False,None,0.0
0,0_scenario_10,A black Sedan is driving ahead (near) of the ego vehicle and maintaining lane.,2.853111,17.552445,5.62,False,None,0.0
0,0_scenario_11,A white BoxTruck is overtaking (far) the ego vehicle and switching lane.,5.710146,16.637531,1.62,False,None,0.0
0,0_scenario_12,A black Jeep is overtaking (near) the ego vehicle and maintaining lane.,20.389687,3.607563,4.48,False,None,0.0
0,0_scenario_13,A yellow Hatchback is driving ahead (near) of the ego vehicle and maintaining lane.,2.28651,11.651325,3.04,False,None,0.0
0,0_scenario_14,A yellow Sedan is overtaking (near) the ego vehicle and switching lane.,3.80827,4.656923,1.52,False,None,0.0
0,0_scenario_15,A black SUV is driving from the opposite direction (far) and switching lane.,100000.0,24.292049,6.86,False,None,0.0
0,0_scenario_16,A pink SUV is overtaking (far) the ego vehicle and maintaining lane.,0.880402,8.518296,6.9,False,None,0.0
1,1_scenario_0,A pink Jeep is crossing the road (near) and switching lane.,100000.0,12.026868,5.7,False,None,0.0
1,1_scenario_1,A white Jeep is driving ahead (near) of the ego vehicle and maintaining lane.,0.832997,10.791531,14.34,False,None,0.0
1,1_scenario_2,A black Jeep is overtaking (near) the ego vehicle and maintaining lane.,100000.0,18.495537,0.8,False,None,0.0
1,1_scenario_3,A yellow Sedan is crossing the road (far) and switching lane.,2.72936,19.835295,9.38,False,None,0.0
1,1_scenario_4,A pink Jeep is driving ahead (far) of the ego vehicle and maintaining lane.,8.379235,24.94339,2.3399999999999994,False,None,0.0
1,1_scenario_5,A black Jeep is overtaking (far) the ego vehicle and maintaining lane.,2.705912,29.708838,0.7599999999999999,False,None,0.0
1,1_scenario_6,A red BoxTruck is driving ahead (far) of the ego vehicle and maintaining lane.,38.875649,3.747706,10.92,False,None,0.0
1,1_scenario_7,A red Hatchback is driving from the opposite direction (near) and switching lane.,13.510738,4.264405,2.92,False,None,0.0
1,1_scenario_8,A yellow SUV is overtaking (far) the ego vehicle and switching lane.,5.672227,5.138022,5.62,False,None,0.0
1,1_scenario_9,A yellow SUV is overtaking (near) the ego vehicle and switching lane.,2.811341,9.507292,3.4399999999999995,False,None,0.0
1,1_scenario_10,A red BoxTruck is driving ahead (far) of the ego vehicle and switching lane.,4.837691,9.822513,6.9,False,None,0.0
1,1_scenario_11,A skyblue Sedan is overtaking (far) the ego vehicle and switching lane.,4.990126,5.912983,8.3,False,None,0.0
1,1_scenario_12,A yellow Jeep is driving from the opposite direction (far) and switching lane.,0.93976,3.143705,5.22,False,None,0.0
1,1_scenario_13,A red BoxTruck is driving from the opposite direction (near) and maintaining lane.,4.217928,3.327715,2.06,False,None,0.0
1,1_scenario_14,A white SUV is driving ahead (far) of the ego vehicle and switching lane.,100000.0,20.53207,0.7000000000000001,False,None,0.0
1,1_scenario_15,A red SchoolBus is overtaking (far) the ego vehicle and switching lane.,100000.0,18.348328,5.0,False,None,0.0
1,1_scenario_16,A red SchoolBus is driving from the opposite direction (near) and maintaining lane.,56.212417,5.182617,7.0,False,None,0.0
2,2_scenario_0,A black Jeep is driving ahead (far) of the ego vehicle and switching lane.,9.955819,51.150775,6.859999999999999,False,None,0.0
2,2_scenario_1,A white SchoolBus is driving ahead (far) of the ego vehicle and maintaining lane.,19.167168,45.613273,2.4799999999999995,False,None,0.0
2,2_scenario_2,A yellow BoxTruck is overtaking (far) the ego vehicle and maintaining lane.,30.899486,45.640883,0.74,False,None,0.0
2,2_scenario_3,A black Jeep is driving ahead (far) of the ego vehicle and switching lane.,56.510119,41.673176,0.7,False,None,0.0
2,2_scenario_4,A red SchoolBus is driving from the opposite direction (near) and maintaining lane.,100000.0,16.7963,2.14,False,None,0.0
2,2_scenario_5,A pink Hatchback is crossing the road (far) and maintaining lane.,17.851075,32.872702,13.28,False,None,0.0
2,2_scenario_6,A white SchoolBus is driving ahead (near) of the ego vehicle and switching lane.,1.229659,11.34897,10.74,False,None,0.0
2,2_scenario_7,A yellow Hatchback is overtaking (near) the ego vehicle and maintaining lane.,7.316954,13.720927,1.66,False,None,0.0
2,2_scenario_8,A skyblue SchoolBus is driving ahead (far) of the ego vehicle and switching lane.,4.867167,3.23608,9.42,False,None,0.0
2,2_scenario_9,A white SchoolBus is driving ahead (near) of the ego vehicle and switching lane.,2.791983,5.204199,15.22,False,None,0.0
2,2_scenario_10,A yellow Hatchback is overtaking (near) the ego vehicle and maintaining lane.,3.858015,4.746915,7.899999999999999,False,None,0.0
2,2_scenario_11,A black Jeep is driving ahead (near) of the ego vehicle and switching lane.,2.767464,4.61819,9.62,False,None,0.0
2,2_scenario_12,A pink BoxTruck is driving ahead (near) of the ego vehicle and maintaining lane.,5.051698,21.877505,7.76,False,None,0.0
2,2_scenario_13,A white SchoolBus is driving ahead (far) of the ego vehicle and maintaining lane.,100000.0,32.901867,5.78,False,None,0.0
2,2_scenario_14,A red SchoolBus is overtaking (near) the ego vehicle and switching lane.,100000.0,8.62094,7.14,False,None,0.0
2,2_scenario_15,A yellow Sedan is overtaking (far) the ego vehicle and maintaining lane.,100000.0,8.621129,7.04,False,None,0.0
2,2_scenario_16,A white SchoolBus is crossing the road (far) and switching lane.,57.757193,8.848161,6.72,False,None,0.0
3,3_scenario_0,A black Jeep is driving ahead (far) of the ego vehicle and switching lane.,13.394494,50.904324,2.36,False,None,0.0
3,3_scenario_1,A white Hatchback is driving ahead (far) of the ego vehicle and switching lane.,26.416423,46.611005,5.02,False,None,0.0
3,3_scenario_2,A skyblue SUV is driving from the opposite direction (near) and maintaining lane.,5.11898,16.548705,0.6600000000000001,False,None,0.0
3,3_scenario_3,A red SchoolBus is overtaking (far) the ego vehicle and switching lane.,100000.0,28.938151,1.3199999999999998,False,None,0.0
3,3_scenario_4,A red BoxTruck is driving ahead (far) of the ego vehicle and maintaining lane.,42.198785,30.24361,4.18,False,None,0.0
3,3_scenario_5,A skyblue SUV is driving from the opposite direction (near) and maintaining lane.,1.808422,15.481074,13.74,False,None,0.0
3,3_scenario_6,A skyblue Jeep is overtaking (far) the ego vehicle and switching lane.,25.039491,15.191739,9.64,False,None,0.0
3,3_scenario_7,A white Jeep is driving ahead (near) of the ego vehicle and maintaining lane.,26.86687,18.269463,4.0600000000000005,False,None,0.0
3,3_scenario_8,A skyblue SchoolBus is driving ahead (far) of the ego vehicle and switching lane.,11.882404,23.146544,14.76,False,None,0.0
3,3_scenario_9,A white Hatchback is driving ahead (far) of the ego vehicle and switching lane.,6.808375,35.52664,4.64,False,None,0.0
3,3_scenario_10,A red BoxTruck is driving ahead (far) of the ego vehicle and switching lane.,63.545348,46.481608,4.1,False,None,0.0
3,3_scenario_11,A red Hatchback is crossing the road (near) and switching lane.,100000.0,13.985496,2.54,False,None,0.0
3,3_scenario_12,A yellow BoxTruck is overtaking (far) the ego vehicle and maintaining lane.,100000.0,17.607569,0.7999999999999999,False,None,0.0
3,3_scenario_13,A yellow SchoolBus is overtaking (far) the ego vehicle and maintaining lane.,1.382416,4.727463,5.0,False,None,0.0
4,4_scenario_0,A black SchoolBus is driving ahead (near) of the ego vehicle and maintaining lane.,100000.0,13.080032,8.879999999999999,False,None,0.0
4,4_scenario_1,A red SchoolBus is overtaking (far) the ego vehicle and switching lane.,1.653313,20.981178,16.06,False,None,0.0
4,4_scenario_2,A yellow SUV is overtaking (near) the ego vehicle and switching lane.,1.331683,13.954924,4.04,False,None,0.0
4,4_scenario_3,A red BoxTruck is driving ahead (far) of the ego vehicle and switching lane.,72.056017,14.002633,4.5,False,None,0.0
4,4_scenario_4,A pink Sedan is driving from the opposite direction (near) and maintaining lane.,38.967212,11.106074,1.84,False,None,0.0
4,4_scenario_5,A red Hatchback is crossing the road (near) and switching lane.,1.297233,9.554545,8.540000000000001,False,None,0.0
4,4_scenario_6,A white BoxTruck is overtaking (near) the ego vehicle and switching lane.,2.258544,11.083201,6.779999999999999,False,None,0.0
4,4_scenario_7,A white BoxTruck is driving from the opposite direction (far) and switching lane.,2.204404,11.084033,7.9,False,None,0.0
4,4_scenario_8,A yellow Hatchback is overtaking (far) the ego vehicle and switching lane.,7.942106,11.526191,10.34,False,None,0.0
4,4_scenario_9,A skyblue Jeep is overtaking (far) the ego vehicle and switching lane.,3.397869,9.289089,7.3,False,None,0.0
4,4_scenario_10,A red BoxTruck is driving ahead (far) of the ego vehicle and switching lane.,7.630265,9.187507,13.0,False,None,0.0
4,4_scenario_11,A white BoxTruck is overtaking (near) the ego vehicle and switching lane.,14.5671,5.306056,4.6,False,None,0.0
4,4_scenario_12,A skyblue SUV is driving from the opposite direction (near) and maintaining lane.,12.24064,3.372195,4.0200000000000005,False,None,0.0
4,4_scenario_13,A yellow Hatchback is overtaking (near) the ego vehicle and maintaining lane.,100000.0,4.334323,2.72,False,None,0.0
4,4_scenario_14,A skyblue Hatchback is driving ahead (far) of the ego vehicle and maintaining lane.,100000.0,15.452255,2.2,False,None,0.0
4,4_scenario_15,A red BoxTruck is driving ahead (far) of the ego vehicle and switching lane.,100000.0,25.480014,0.98,False,None,0.0
4,4_scenario_16,A yellow SUV is overtaking (far) the ego vehicle and switching lane.,50.267463,6.228928,4.36,False,None,0.0
5,5_scenario_0,A yellow SchoolBus is overtaking (far) the ego vehicle and maintaining lane.,100000.0,33.033814,1.8000000000000005,False,None,0.0
5,5_scenario_1,A skyblue Jeep is overtaking (far) the ego vehicle and switching lane.,100000.0,16.766693,2.76,False,None,0.0
5,5_scenario_2,A pink SchoolBus is crossing the road (near) and switching lane.,1.827611,9.894571,6.160000000000001,False,None,0.0
5,5_scenario_3,A pink SUV is overtaking (far) the ego vehicle and maintaining lane.,2.558573,7.923003,10.02,False,None,0.0
5,5_scenario_4,A white Hatchback is driving ahead (far) of the ego vehicle and switching lane.,4.850491,8.51946,6.38,False,None,0.0
5,5_scenario_5,A white Sedan is driving ahead (far) of the ego vehicle and switching lane.,3.639716,8.534138,2.38,False,None,0.0
5,5_scenario_6,A black SchoolBus is driving ahead (near) of the ego vehicle and maintaining lane.,0.580967,7.777168,7.939999999999999,False,None,0.0
5,5_scenario_7,A pink Jeep is crossing the road (near) and switching lane.,1.658547,8.530922,5.039999999999999,False,None,0.0
5,5_scenario_8,A skyblue Jeep is overtaking (far) the ego vehicle and switching lane.,4.097537,8.59392,3.42,False,None,0.0
5,5_scenario_9,A white Jeep is crossing the road (far) and maintaining lane.,3.047557,5.55222,3.0,False,None,0.0
5,5_scenario_10,A skyblue Hatchback is driving from the opposite direction (far) and maintaining lane.,5.44266,3.819341,3.16,False,None,0.0
5,5_scenario_11,A yellow Sedan is crossing the road (far) and switching lane.,2.622338,5.144242,5.06,False,None,0.0
5,5_scenario_12,A red BoxTruck is driving from the opposite direction (near) and maintaining lane.,2.047667,19.187835,4.6,False,None,0.0
5,5_scenario_13,A white BoxTruck is overtaking (near) the ego vehicle and switching lane.,100000.0,7.57864,2.0,False,None,0.0
5,5_scenario_14,A yellow SUV is overtaking (far) the ego vehicle and switching lane.,100000.0,9.072596,0.6799999999999999,False,None,0.0
5,5_scenario_15,A skyblue Sedan is overtaking (far) the ego vehicle and switching lane.,40.765282,7.549894,6.98,False,None,0.0
6,6_scenario_0,A white Sedan is driving ahead (far) of the ego vehicle and switching lane.,15.170936,50.3859,2.42,False,None,0.0
6,6_scenario_1,A red SUV is driving ahead (far) of the ego vehicle and maintaining lane.,42.137792,55.184258,1.26,False,None,0.0
6,6_scenario_2,A yellow Sedan is crossing the road (far) and maintaining lane.,5.730948,26.500201,10.78,False,None,0.0
6,6_scenario_3,A black SchoolBus is overtaking (near) the ego vehicle and maintaining lane.,4.880097,6.927682,2.7,False,None,0.0
6,6_scenario_4,A yellow Sedan is driving from the opposite direction (near) and switching lane.,39.635558,3.805375,0.5599999999999999,False,None,0.0
6,6_scenario_5,A white Jeep is driving ahead (near) of the ego vehicle and maintaining lane.,23.233531,8.420638,5.48,False,None,0.0
6,6_scenario_6,A black SchoolBus is overtaking (near) the ego vehicle and maintaining lane.,5.676005,7.878852,11.28,False,None,0.0
6,6_scenario_7,A black Jeep is overtaking (far) the ego vehicle and maintaining lane.,10.84256,10.816974,5.82,False,None,0.0
6,6_scenario_8,A yellow SchoolBus is overtaking (far) the ego vehicle and maintaining lane.,3.083296,4.288206,3.54,False,None,0.0
6,6_scenario_9,A yellow SUV is driving from the opposite direction (near) and switching lane.,3.261081,4.207659,4.78,False,None,0.0
6,6_scenario_10,A black Jeep is driving ahead (near) of the ego vehicle and switching lane.,1.367891,4.205616,6.76,False,None,0.0
6,6_scenario_11,A black Jeep is overtaking (far) the ego vehicle and maintaining lane.,3.596638,18.177702,5.34,False,None,0.0
6,6_scenario_12,A black Jeep is driving ahead (near) of the ego vehicle and switching lane.,4.709063,11.381217,6.6,False,None,0.0
6,6_scenario_13,A white SUV is driving ahead (far) of the ego vehicle and switching lane.,4.719689,16.362514,10.0,False,None,0.0
6,6_scenario_14,A white SchoolBus is crossing the road (far) and switching lane.,5.467251,26.457399,7.180000000000001,False,None,0.0
6,6_scenario_15,A white Jeep is crossing the road (far) and maintaining lane.,8.941955,27.415991,7.359999999999999,False,None,0.0
6,6_scenario_16,A black Jeep is overtaking (near) the ego vehicle and maintaining lane.,100000.0,4.564122,5.4,False,None,0.0
6,6_scenario_17,A red Hatchback is crossing the road (far) and switching lane.,25.428065,23.424078,0.0,False,None,0.0
6,6_scenario_18,A pink SchoolBus is crossing the road (near) and switching lane.,23.561148,13.107361,5.4,False,None,0.0
6,6_scenario_19,A white SUV is driving ahead (far) of the ego vehicle and switching lane.,25.355335,28.645781,0.0,False,None,0.0
6,6_scenario_20,A yellow SchoolBus is overtaking (far) the ego vehicle and maintaining lane.,24.829746,18.715644,0.0,False,None,0.0
6,6_scenario_21,A red BoxTruck is driving from the opposite direction (far) and maintaining lane.,100000.0,8.137967,0.0,False,None,0.0
6,6_scenario_22,A red Sedan is overtaking (near) the ego vehicle and maintaining lane.,25.086029,8.137967,5.4,False,None,0.0
7,7_scenario_0,A white BoxTruck is overtaking (near) the ego vehicle and switching lane.,100000.0,11.27462,0.0,False,None,0.0
7,7_scenario_1,A yellow SchoolBus is overtaking (far) the ego vehicle and maintaining lane.,100000.0,11.274641,0.0,False,None,0.0
7,7_scenario_2,A red SchoolBus is overtaking (far) the ego vehicle and switching lane.,2.317318,8.260901,0.0,False,None,0.0
7,7_scenario_3,A black Sedan is driving ahead (near) of the ego vehicle and maintaining lane.,100000.0,11.274947,0.0,False,None,0.0
7,7_scenario_4,A black Sedan is driving ahead (far) of the ego vehicle and maintaining lane.,100000.0,11.275092,0.0,False,None,0.0
8,8_scenario_0,A black Jeep is overtaking (far) the ego vehicle and maintaining lane.,100000.0,24.207547,2.32,False,None,0.0
8,8_scenario_1,A white BoxTruck is overtaking (far) the ego vehicle and switching lane.,100000.0,5.978147,2.04,False,None,0.0
8,8_scenario_2,A black SchoolBus is overtaking (near) the ego vehicle and maintaining lane.,2.282393,3.789678,0.68,False,None,0.0
8,8_scenario_3,A black Hatchback is overtaking (near) the ego vehicle and switching lane.,24.323607,3.792352,0.66,False,None,0.0
8,8_scenario_4,A white BoxTruck is overtaking (near) the ego vehicle and switching lane.,38.52377,4.292774,5.5,False,None,0.0
8,8_scenario_5,A skyblue SUV is driving from the opposite direction (near) and maintaining lane.,3.950741,10.013405,5.380000000000001,False,None,0.0
8,8_scenario_6,A yellow Hatchback is overtaking (near) the ego vehicle and maintaining lane.,4.254308,12.019671,10.66,False,None,0.0
8,8_scenario_7,A yellow SUV is overtaking (far) the ego vehicle and switching lane.,5.316665,18.592804,2.58,False,None,0.0
8,8_scenario_8,A pink SchoolBus is crossing the road (near) and switching lane.,1.422915,9.701207,5.760000000000001,False,None,0.0
8,8_scenario_9,A skyblue BoxTruck is driving ahead (near) of the ego vehicle and switching lane.,3.379999,4.896937,4.8,False,None,0.0
8,8_scenario_10,A white SchoolBus is driving ahead (near) of the ego vehicle and switching lane.,5.207621,9.422735,4.24,False,None,0.0
8,8_scenario_11,A black SUV is driving ahead (near) of the ego vehicle and maintaining lane.,3.939546,11.762377,3.28,False,None,0.0
8,8_scenario_12,A white Jeep is driving ahead (near) of the ego vehicle and maintaining lane.,3.005063,19.53715,1.62,False,None,0.0
8,8_scenario_13,A pink BoxTruck is driving ahead (near) of the ego vehicle and maintaining lane.,6.211437,15.071746,7.02,False,None,0.0
9,9_scenario_0,A red BoxTruck is overtaking (near) the ego vehicle and maintaining lane.,100000.0,9.111957,4.7,False,None,0.0
9,9_scenario_1,A black SUV is crossing the road (near) and switching lane.,1.125257,6.762218,2.04,False,None,0.0
9,9_scenario_2,A white SchoolBus is driving ahead (near) of the ego vehicle and switching lane.,0.876471,7.989942,3.24,False,None,0.0
9,9_scenario_3,A white SUV is driving ahead (far) of the ego vehicle and switching lane.,6.093557,7.356938,14.04,False,None,0.0
9,9_scenario_4,A white SchoolBus is driving ahead (far) of the ego vehicle and maintaining lane.,2.902166,9.493992,10.36,False,None,0.0
9,9_scenario_5,A skyblue Hatchback is driving from the opposite direction (far) and maintaining lane.,4.161162,8.792045,3.04,False,None,0.0
9,9_scenario_6,A skyblue Jeep is driving from the opposite direction (far) and maintaining lane.,1.935816,8.792734,8.2,False,None,0.0
9,9_scenario_7,A white SchoolBus is driving ahead (near) of the ego vehicle and switching lane.,0.957778,9.520417,12.1,False,None,0.0
9,9_scenario_8,A pink SchoolBus is driving from the opposite direction (far) and maintaining lane.,6.037561,8.895634,3.52,False,None,0.0
9,9_scenario_9,A pink SUV is overtaking (far) the ego vehicle and maintaining lane.,2.376548,4.539279,8.5,False,None,0.0
9,9_scenario_10,A pink Sedan is driving from the opposite direction (near) and maintaining lane.,3.427811,3.614391,5.1,False,None,0.0
9,9_scenario_11,A red SUV is driving ahead (near) of the ego vehicle and switching lane.,4.356048,17.086885,4.12,False,None,0.0
9,9_scenario_12,A black Sedan is driving ahead (near) of the ego vehicle and maintaining lane.,100000.0,5.244508,8.24,False,None,0.0
9,9_scenario_13,A black Jeep is driving ahead (near) of the ego vehicle and switching lane.,1.735886,2.847647,1.04,False,None,0.0
9,9_scenario_14,A skyblue SchoolBus is driving ahead (far) of the ego vehicle and switching lane.,2.182146,22.594661,0.48,False,None,0.0
10,10_scenario_0,A black Hatchback is overtaking (near) the ego vehicle and switching lane.,3.621778,8.843859,2.24,False,None,0.0
10,10_scenario_1,A red Sedan is overtaking (near) the ego vehicle and maintaining lane.,16.426039,12.590746,5.78,False,None,0.0
10,10_scenario_2,A yellow Jeep is driving from the opposite direction (far) and switching lane.,36.738403,11.438911,0.96,False,None,0.0
10,10_scenario_3,A white SchoolBus is driving ahead (near) of the ego vehicle and switching lane.,4.804797,8.648413,9.62,False,None,0.0
10,10_scenario_4,A skyblue Sedan is overtaking (far) the ego vehicle and switching lane.,2.369096,9.433585,9.74,False,None,0.0
10,10_scenario_5,A black Sedan is driving ahead (near) of the ego vehicle and maintaining lane.,2.045307,8.779127,5.220000000000001,False,None,0.0
10,10_scenario_6,A pink SchoolBus is driving from the opposite direction (far) and maintaining lane.,2.209006,9.324265,13.72,False,None,0.0
10,10_scenario_7,A skyblue Hatchback is driving ahead (far) of the ego vehicle and maintaining lane.,2.597748,9.366935,8.94,False,None,0.0
10,10_scenario_8,A yellow BoxTruck is overtaking (far) the ego vehicle and maintaining lane.,5.517993,13.018988,4.44,False,None,0.0
10,10_scenario_9,A yellow SchoolBus is overtaking (far) the ego vehicle and maintaining lane.,6.964446,9.223982,6.6,False,None,0.0
10,10_scenario_10,A black Sedan is driving ahead (far) of the ego vehicle and maintaining lane.,3.248926,3.398927,6.98,False,None,0.0
10,10_scenario_11,A red SUV is driving ahead (far) of the ego vehicle and maintaining lane.,2.37782,6.383582,10.58,False,None,0.0
10,10_scenario_12,A white SUV is driving ahead (far) of the ego vehicle and switching lane.,3.44278,3.205207,8.18,False,None,0.0
10,10_scenario_13,A white SchoolBus is driving ahead (far) of the ego vehicle and maintaining lane.,3.499825,6.605562,6.48,False,None,0.0
10,10_scenario_14_npc_vehicle,A yellow Hatchback is driving ahead (near) of the ego vehicle and maintaining lane.,0.0,4.54989,6.739999999999999,True,npc_vehicle,2.921362833765508
11,11_scenario_0,A yellow Sedan is overtaking (far) the ego vehicle and maintaining lane.,100000.0,25.853572,2.22,False,None,0.0
11,11_scenario_1,A yellow SUV is driving from the opposite direction (near) and switching lane.,3.362295,6.960931,2.5,False,None,0.0
11,11_scenario_2,A white SchoolBus is driving ahead (near) of the ego vehicle and switching lane.,3.935033,4.218249,2.26,False,None,0.0
11,11_scenario_3_npc_vehicle,A red SUV is driving ahead (far) of the ego vehicle and maintaining lane.,0.0,3.841804,6.74,True,npc_vehicle,1.2183442982247197
12,12_scenario_0,A white SchoolBus is driving ahead (near) of the ego vehicle and switching lane.,100000.0,100000.0,1.4200000000000004,False,None,0.0
12,12_scenario_1,A yellow SUV is overtaking (far) the ego vehicle and switching lane.,100000.0,21.739403,2.4799999999999995,False,None,0.0
12,12_scenario_2,A yellow Sedan is crossing the road (far) and maintaining lane.,6.707209,10.360237,5.68,False,None,0.0
12,12_scenario_3,A white SchoolBus is driving from the opposite direction (far) and switching lane.,5.070685,10.230505,2.06,False,None,0.0
12,12_scenario_4,A white SUV is driving ahead (far) of the ego vehicle and switching lane.,28.111896,10.581126,0.7,False,None,0.0
12,12_scenario_5,A pink Jeep is driving ahead (far) of the ego vehicle and maintaining lane.,21.834715,10.500822,10.38,False,None,0.0
12,12_scenario_6,A skyblue Jeep is overtaking (far) the ego vehicle and switching lane.,3.835587,10.365916,0.64,False,None,0.0
12,12_scenario_7,A black SUV is driving ahead (near) of the ego vehicle and maintaining lane.,1.435607,6.121935,10.56,False,None,0.0
12,12_scenario_8,A skyblue BoxTruck is driving ahead (near) of the ego vehicle and switching lane.,2.421177,8.937448,4.34,False,None,0.0
12,12_scenario_9,A yellow Hatchback is overtaking (near) the ego vehicle and maintaining lane.,6.332931,8.98578,7.64,False,None,0.0
12,12_scenario_10,A red SchoolBus is overtaking (far) the ego vehicle and switching lane.,4.344318,3.299322,8.02,False,None,0.0
12,12_scenario_11,A black Sedan is driving ahead (near) of the ego vehicle and maintaining lane.,6.867226,3.777714,5.3,False,None,0.0
12,12_scenario_12,A white BoxTruck is driving from the opposite direction (far) and switching lane.,3.068807,11.260063,2.68,False,None,0.0
12,12_scenario_13,A red SchoolBus is overtaking (far) the ego vehicle and switching lane.,100000.0,7.778192,1.16,False,None,0.0
12,12_scenario_14,A black SchoolBus is overtaking (near) the ego vehicle and maintaining lane.,100000.0,4.033657,6.58,False,None,0.0
13,13_scenario_0,A black Jeep is driving ahead (near) of the ego vehicle and switching lane.,4.977697,8.747392,8.42,False,None,0.0
13,13_scenario_1,A red BoxTruck is driving ahead (far) of the ego vehicle and switching lane.,3.098101,18.706713,1.88,False,None,0.0
13,13_scenario_2,A skyblue Hatchback is driving from the opposite direction (far) and maintaining lane.,5.695716,35.590588,2.88,False,None,0.0
13,13_scenario_3,A yellow SchoolBus is overtaking (far) the ego vehicle and maintaining lane.,8.335171,43.572935,1.4,False,None,0.0
13,13_scenario_4,A yellow Sedan is crossing the road (far) and maintaining lane.,2.40747,24.470871,11.28,False,None,0.0
13,13_scenario_5,A black Jeep is driving ahead (far) of the ego vehicle and switching lane.,4.206776,32.179808,4.0,False,None,0.0
13,13_scenario_6,A white SchoolBus is driving ahead (far) of the ego vehicle and maintaining lane.,3.515337,29.610192,6.220000000000001,False,None,0.0
13,13_scenario_7,A white SchoolBus is driving ahead (near) of the ego vehicle and switching lane.,1.129743,13.347384,12.7,False,None,0.0
13,13_scenario_8,A pink SUV is crossing the road (far) and switching lane.,26.572575,15.613925,4.34,False,None,0.0
13,13_scenario_9,A white SchoolBus is driving ahead (near) of the ego vehicle and switching lane.,2.546925,4.209169,4.8,False,None,0.0
13,13_scenario_10,A black Jeep is driving ahead (near) of the ego vehicle and switching lane.,2.794308,6.239342,2.5,False,None,0.0
13,13_scenario_11,A white Hatchback is driving ahead (far) of the ego vehicle and switching lane.,3.561268,22.399473,3.74,False,None,0.0
13,13_scenario_12,A black SUV is crossing the road (near) and switching lane.,1.295529,11.65493,5.4,False,None,0.0
13,13_scenario_13,A yellow Jeep is driving from the opposite direction (far) and switching lane.,11.556073,33.811694,5.0,False,None,0.0
13,13_scenario_14,A yellow Hatchback is driving ahead (near) of the ego vehicle and maintaining lane.,100000.0,12.025026,2.42,False,None,0.0
13,13_scenario_15,A pink Sedan is driving from the opposite direction (far) and switching lane.,100000.0,31.944429,0.62,False,None,0.0
13,13_scenario_16,A pink SUV is overtaking (far) the ego vehicle and maintaining lane.,0.866143,8.431699,7.02,False,None,0.0
13,13_scenario_17,A white Hatchback is overtaking (far) the ego vehicle and maintaining lane.,1.191248,8.468594,6.04,False,None,0.0
14,14_scenario_0,A pink Sedan is driving from the opposite direction (far) and maintaining lane.,5.097508,51.403834,5.5200000000000005,False,None,0.0
14,14_scenario_1,A red Hatchback is crossing the road (far) and switching lane.,0.503191,10.783769,2.3200000000000003,False,None,0.0
14,14_scenario_2,A black SUV is driving ahead (near) of the ego vehicle and maintaining lane.,0.982671,5.360332,9.64,False,None,0.0
14,14_scenario_3,A black SUV is crossing the road (near) and switching lane.,1.909564,8.176232,12.02,False,None,0.0
14,14_scenario_4,A black Jeep is overtaking (far) the ego vehicle and maintaining lane.,14.522619,8.545473,3.34,False,None,0.0
14,14_scenario_5,A yellow SUV is overtaking (near) the ego vehicle and switching lane.,3.631789,8.373454,0.4199999999999999,False,None,0.0
14,14_scenario_6,A red Hatchback is driving from the opposite direction (near) and switching lane.,2.049096,8.851012,10.62,False,None,0.0
14,14_scenario_7,A skyblue Jeep is overtaking (far) the ego vehicle and switching lane.,11.722817,10.022888,13.04,False,None,0.0
14,14_scenario_8,A white Sedan is driving ahead (far) of the ego vehicle and switching lane.,5.033237,8.514456,5.42,False,None,0.0
14,14_scenario_9,A red SchoolBus is overtaking (far) the ego vehicle and switching lane.,4.909042,8.522628,3.3,False,None,0.0
14,14_scenario_10,A pink SUV is overtaking (far) the ego vehicle and maintaining lane.,2.482867,7.005776,13.02,False,None,0.0
14,14_scenario_11,A pedestrian is crossing the road from right to left.,3.683146,4.596435,5.56,False,None,0.0
14,14_scenario_12,A yellow SchoolBus is overtaking (far) the ego vehicle and maintaining lane.,100000.0,2.962761,6.4,False,None,0.0
14,14_scenario_13,A skyblue Jeep is driving from the opposite direction (far) and maintaining lane.,6.870475,4.985329,6.02,False,None,0.0
14,14_scenario_14,A black Jeep is driving ahead (near) of the ego vehicle and switching lane.,100000.0,4.51747,2.42,False,None,0.0
14,14_scenario_15,A red BoxTruck is driving ahead (far) of the ego vehicle and switching lane.,100000.0,3.26104,3.14,False,None,0.0
14,14_scenario_16,A pink SUV is overtaking (far) the ego vehicle and maintaining lane.,0.852956,2.87535,5.52,False,None,0.0
14,14_scenario_17,A red BoxTruck is driving from the opposite direction (near) and maintaining lane.,15.88363,2.871159,6.06,False,None,0.0
14,14_scenario_18,A skyblue Hatchback is driving from the opposite direction (far) and maintaining lane.,15.434429,3.002029,6.9,False,None,0.0
15,15_scenario_0,A yellow SchoolBus is driving from the opposite direction (near) and switching lane.,1.961086,25.340349,5.619999999999999,False,None,0.0
15,15_scenario_1,A pink SUV is overtaking (far) the ego vehicle and maintaining lane.,100000.0,35.394259,1.7199999999999998,False,None,0.0
15,15_scenario_2,A white Hatchback is overtaking (far) the ego vehicle and maintaining lane.,12.2363,30.120385,0.8599999999999999,False,None,0.0
15,15_scenario_3,A skyblue Hatchback is driving from the opposite direction (far) and maintaining lane.,5.980884,28.524823,1.44,False,None,0.0
15,15_scenario_4,A black Hatchback is overtaking (near) the ego vehicle and switching lane.,3.224795,13.068473,7.319999999999999,False,None,0.0
15,15_scenario_5,A white SchoolBus is driving ahead (near) of the ego vehicle and switching lane.,6.328653,4.765714,6.859999999999999,False,None,0.0
15,15_scenario_6,A yellow SUV is overtaking (far) the ego vehicle and switching lane.,1.710325,4.709478,5.94,False,None,0.0
15,15_scenario_7,A red BoxTruck is driving from the opposite direction (near) and maintaining lane.,3.098559,6.010527,5.98,False,None,0.0
15,15_scenario_8,A white SchoolBus is driving ahead (near) of the ego vehicle and switching lane.,5.917633,4.12424,4.24,False,None,0.0
15,15_scenario_9,A black SchoolBus is driving ahead (near) of the ego vehicle and maintaining lane.,1.903165,5.87946,8.280000000000001,False,None,0.0
15,15_scenario_10,A black Sedan is driving ahead (near) of the ego vehicle and maintaining lane.,5.275917,9.589068,6.22,False,None,0.0
15,15_scenario_11,A black Sedan is driving ahead (far) of the ego vehicle and maintaining lane.,7.71453,9.869282,3.3,False,None,0.0
15,15_scenario_12,A red BoxTruck is driving from the opposite direction (far) and maintaining lane.,17.347932,4.698955,5.72,False,None,0.0
15,15_scenario_13,A black Hatchback is overtaking (near) the ego vehicle and switching lane.,5.762528,3.238516,4.4,False,None,0.0
15,15_scenario_14,A red SUV is overtaking (near) the ego vehicle and maintaining lane.,6.646237,2.920952,4.28,False,None,0.0
15,15_scenario_15,A red BoxTruck is driving from the opposite direction (near) and maintaining lane.,5.764728,21.803936,5.98,False,None,0.0
15,15_scenario_16,A pink Sedan is driving from the opposite direction (far) and switching lane.,34.148588,35.681668,6.92,False,None,0.0
16,16_scenario_0,A skyblue SUV is crossing the road (far) and maintaining lane.,1.202251,13.773745,5.52,False,None,0.0
16,16_scenario_1,A red BoxTruck is overtaking (near) the ego vehicle and maintaining lane.,0.99123,6.72797,12.68,False,None,0.0
16,16_scenario_2,A black SchoolBus is overtaking (near) the ego vehicle and maintaining lane.,27.088341,7.939274,3.0200000000000005,False,None,0.0
16,16_scenario_3,A skyblue Jeep is overtaking (far) the ego vehicle and switching lane.,7.759748,7.80829,14.52,False,None,0.0
16,16_scenario_4,A black Jeep is driving ahead (near) of the ego vehicle and switching lane.,0.894736,6.066332,17.74,False,None,0.0
16,16_scenario_5,A yellow BoxTruck is overtaking (far) the ego vehicle and maintaining lane.,2.148887,4.274595,5.9,False,None,0.0
16,16_scenario_6,A black Jeep is overtaking (far) the ego vehicle and maintaining lane.,5.850479,4.87574,5.56,False,None,0.0
16,16_scenario_7,A white SchoolBus is driving ahead (near) of the ego vehicle and switching lane.,7.646418,3.987987,9.42,False,None,0.0
16,16_scenario_8,A red SUV is overtaking (near) the ego vehicle and maintaining lane.,7.271375,3.860212,12.78,False,None,0.0
16,16_scenario_9,A yellow Hatchback is overtaking (far) the ego vehicle and switching lane.,5.125959,5.032434,6.1,False,None,0.0
16,16_scenario_10,A red SchoolBus is overtaking (near) the ego vehicle and switching lane.,5.544123,9.258766,6.5,False,None,0.0
16,16_scenario_11,A pedestrian is crossing the road from left to right.,7.001005,5.580056,5.859999999999999,False,None,0.0
16,16_scenario_12,A skyblue SUV is driving from the opposite direction (near) and maintaining lane.,3.56297,3.473756,3.88,False,None,0.0
16,16_scenario_13,A yellow BoxTruck is overtaking (far) the ego vehicle and maintaining lane.,3.766891,7.392805,3.4800000000000004,False,None,0.0
16,16_scenario_14,A red SUV is driving ahead (far) of the ego vehicle and maintaining lane.,6.412277,4.569099,7.0600000000000005,False,None,0.0
16,16_scenario_15,A pink Hatchback is crossing the road (far) and maintaining lane.,9.651376,33.71888,2.68,False,None,0.0
16,16_scenario_16,A white SchoolBus is driving ahead (near) of the ego vehicle and switching lane.,7.208393,14.978286,3.26,False,None,0.0
16,16_scenario_17,A white Jeep is driving ahead (near) of the ego vehicle and maintaining lane.,5.290193,12.194248,5.34,False,None,0.0
17,17_scenario_0,A red BoxTruck is driving ahead (far) of the ego vehicle and maintaining lane.,13.042909,50.447939,3.08,False,None,0.0
17,17_scenario_1,A pedestrian is crossing the road from right to left.,13.27345,11.544985,12.66,False,None,0.0
17,17_scenario_2,A yellow SUV is overtaking (near) the ego vehicle and switching lane.,2.622809,3.799278,3.96,False,None,0.0
17,17_scenario_3,A yellow SchoolBus is overtaking (far) the ego vehicle and maintaining lane.,77.998997,15.820435,0.4000000000000001,False,None,0.0
17,17_scenario_4,A pedestrian is crossing the road from left to right.,7.321573,3.589579,3.34,False,None,0.0
17,17_scenario_5,A black SUV is crossing the road (near) and switching lane.,1.229509,8.199996,11.86,False,None,0.0
17,17_scenario_6,A white BoxTruck is overtaking (far) the ego vehicle and switching lane.,5.11907,25.480701,8.76,False,None,0.0
17,17_scenario_7,A black SUV is driving from the opposite direction (far) and switching lane.,4.689928,36.01012,7.9,False,None,0.0
17,17_scenario_8,A skyblue Sedan is overtaking (far) the ego vehicle and switching lane.,7.903675,52.158694,11.0,False,None,0.0
17,17_scenario_9,A red BoxTruck is driving ahead (far) of the ego vehicle and maintaining lane.,3.113107,40.43872,7.02,False,None,0.0
17,17_scenario_10,A yellow Jeep is driving from the opposite direction (far) and switching lane.,5.346286,42.587565,8.440000000000001,False,None,0.0
17,17_scenario_11,A black Sedan is driving ahead (near) of the ego vehicle and maintaining lane.,1.219464,10.071499,6.82,False,None,0.0
17,17_scenario_12,A red SUV is driving ahead (near) of the ego vehicle and switching lane.,3.442209,11.915342,1.92,False,None,0.0
17,17_scenario_13,A skyblue BoxTruck is driving ahead (near) of the ego vehicle and switching lane.,3.811982,15.47472,2.84,False,None,0.0
17,17_scenario_14,A skyblue Jeep is overtaking (far) the ego vehicle and switching lane.,246.365223,5.409805,0.88,False,None,0.0
17,17_scenario_15,A red BoxTruck is driving ahead (far) of the ego vehicle and switching lane.,1701.412522,24.628103,5.68,False,None,0.0
17,17_scenario_16,A skyblue Hatchback is driving from the opposite direction (far) and maintaining lane.,14.15518,38.427868,7.08,False,None,0.0
17,17_scenario_17,A pink Sedan is driving from the opposite direction (near) and maintaining lane.,16.553337,22.073144,4.44,False,None,0.0
18,18_scenario_0,A black Sedan is driving ahead (near) of the ego vehicle and maintaining lane.,100000.0,100000.0,2.2,False,None,0.0
18,18_scenario_1,A skyblue Jeep is overtaking (far) the ego vehicle and switching lane.,26.506794,37.967453,4.279999999999999,False,None,0.0
18,18_scenario_2,A white BoxTruck is overtaking (far) the ego vehicle and switching lane.,100000.0,27.949695,1.2,False,None,0.0
18,18_scenario_3,A pink Sedan is driving from the opposite direction (far) and switching lane.,5.840491,24.287887,0.24,False,None,0.0
18,18_scenario_4_npc_vehicle,A white Jeep is driving ahead (near) of the ego vehicle and maintaining lane.,0.0,4.524902,10.16,True,npc_vehicle,2.139117366916009
19,19_scenario_0,A black SchoolBus is driving ahead (near) of the ego vehicle and maintaining lane.,100000.0,14.488387,3.3400000000000003,False,None,0.0
19,19_scenario_1,A pink SchoolBus is driving from the opposite direction (far) and maintaining lane.,2.143823,22.106663,4.819999999999999,False,None,0.0
19,19_scenario_2,A black SchoolBus is overtaking (near) the ego vehicle and maintaining lane.,3.532685,23.906519,2.66,False,None,0.0
19,19_scenario_3,A white BoxTruck is driving from the opposite direction (far) and switching lane.,5.785934,30.541707,0.4399999999999999,False,None,0.0
19,19_scenario_4,A red BoxTruck is driving from the opposite direction (near) and maintaining lane.,22.938553,16.072914,5.359999999999999,False,None,0.0
19,19_scenario_5,A yellow SchoolBus is overtaking (far) the ego vehicle and maintaining lane.,12.398823,19.633035,11.94,False,None,0.0
19,19_scenario_6,A yellow SUV is overtaking (far) the ego vehicle and switching lane.,11.188649,7.576723,5.960000000000001,False,None,0.0
19,19_scenario_7,A yellow BoxTruck is overtaking (far) the ego vehicle and maintaining lane.,1.878536,3.824187,7.36,False,None,0.0
19,19_scenario_8,A yellow Sedan is driving from the opposite direction (near) and switching lane.,2.33298,4.104168,5.5,False,None,0.0
19,19_scenario_9,A pink SUV is overtaking (far) the ego vehicle and maintaining lane.,2.918946,4.011352,3.94,False,None,0.0
19,19_scenario_10,A white SchoolBus is driving ahead (near) of the ego vehicle and switching lane.,2.994998,12.770963,4.96,False,None,0.0
19,19_scenario_11,A black Hatchback is overtaking (near) the ego vehicle and switching lane.,5.800109,3.962776,7.0600000000000005,False,None,0.0
19,19_scenario_12,A black Hatchback is overtaking (near) the ego vehicle and switching lane.,4.813239,9.182044,6.180000000000001,False,None,0.0
19,19_scenario_13,A yellow BoxTruck is overtaking (far) the ego vehicle and maintaining lane.,6.439004,6.736646,6.48,False,None,0.0
19,19_scenario_14,A skyblue Hatchback is driving from the opposite direction (far) and maintaining lane.,12.527179,6.450527,8.56,False,None,0.0
19,19_scenario_15,A yellow Sedan is crossing the road (far) and switching lane.,3.33833,4.73271,3.14,False,None,0.0
19,19_scenario_16,A black SUV is crossing the road (near) and switching lane.,1.434081,3.051516,2.96,False,None,0.0
19,19_scenario_17,A yellow Sedan is overtaking (far) the ego vehicle and maintaining lane.,2.572708,6.154504,2.96,False,None,0.0
19,19_scenario_18,A black Jeep is overtaking (far) the ego vehicle and maintaining lane.,1.419996,5.583771,6.22,False,None,0.0
19,19_scenario_19,A pink SUV is crossing the road (far) and switching lane.,15.324289,5.462284,6.28,False,None,0.0
19,19_scenario_20,A white SUV is driving ahead (far) of the ego vehicle and switching lane.,6.062277,5.387977,6.12,False,None,0.0
