Execution,ScenarioID,Configuration_API_Description,Attribute[TTC],Attribute[DTO],Attribute[Jerk],Attribute[COL],Attribute[COLT],Attribute[SAC]
0,0_scenario_0,A black Jeep is driving ahead (far) of the ego vehicle and switching lane.,100000.0,50.794234,2.3200000000000003,False,None,0.0
0,0_scenario_1,A white SchoolBus is driving ahead (near) of the ego vehicle and switching lane.,100000.0,12.076781,2.98,False,None,0.0
0,0_scenario_2,A black SchoolBus is driving ahead (near) of the ego vehicle and maintaining lane.,1.270252,17.552648,8.48,False,None,0.0
0,0_scenario_3,A yellow SchoolBus is overtaking (far) the ego vehicle and maintaining lane.,4.757676,18.070594,4.78,False,None,0.0
0,0_scenario_4,A yellow Hatchback is driving ahead (near) of the ego vehicle and maintaining lane.,100000.0,3.717257,4.98,False,None,0.0
0,0_scenario_5,A red Hatchback is crossing the road (far) and switching lane.,2.089344,4.370638,6.34,False,None,0.0
0,0_scenario_6,A skyblue SchoolBus is driving ahead (far) of the ego vehicle and switching lane.,2.089132,14.025905,4.34,False,None,0.0
0,0_scenario_7,A yellow SUV is driving from the opposite direction (near) and switching lane.,5.108826,17.788827,1.74,False,None,0.0
0,0_scenario_8,A skyblue BoxTruck is driving ahead (near) of the ego vehicle and switching lane.,7.608851,23.205359,2.98,False,None,0.0
0,0_scenario_9,A white SchoolBus is driving ahead (near) of the ego vehicle and switching lane.,13.006306,10.904219,9.3,False,None,0.0
0,0_scenario_10,A pink SchoolBus is driving from the opposite direction (far) and maintaining lane.,100000.0,14.56032,11.12,False,None,0.0
0,0_scenario_11,A pink Sedan is driving from the opposite direction (near) and maintaining lane.,100000.0,21.518403,3.7,False,None,0.0
0,0_scenario_12,A black Jeep is driving ahead (near) of the ego vehicle and switching lane.,3.135489,11.101635,5.44,False,None,0.0
0,0_scenario_13,A red SUV is overtaking (near) the ego vehicle and maintaining lane.,100000.0,6.886477,2.64,False,None,0.0
0,0_scenario_14,A white SchoolBus is driving ahead (far) of the ego vehicle and maintaining lane.,100000.0,22.69115,0.54,False,None,0.0
0,0_scenario_15,A pedestrian is crossing the road from right to left.,100000.0,32.358015,4.64,False,None,0.0
1,1_scenario_0,A yellow Hatchback is driving ahead (near) of the ego vehicle and maintaining lane.,100000.0,13.491092,3.04,False,None,0.0
1,1_scenario_1,A red SUV is driving ahead (far) of the ego vehicle and maintaining lane.,100000.0,21.450303,3.52,False,None,0.0
1,1_scenario_2,A yellow SUV is overtaking (far) the ego vehicle and switching lane.,0.994973,9.767995,7.74,False,None,0.0
1,1_scenario_3,A pink Hatchback is driving ahead (near) of the ego vehicle and switching lane.,0.715471,6.700713,6.539999999999999,False,None,0.0
1,1_scenario_4,A white BoxTruck is overtaking (near) the ego vehicle and switching lane.,1.489641,8.909595,4.16,False,None,0.0
1,1_scenario_5,A white BoxTruck is overtaking (far) the ego vehicle and switching lane.,0.648658,9.211731,10.94,False,None,0.0
1,1_scenario_6,A black Sedan is driving ahead (far) of the ego vehicle and maintaining lane.,1.837775,10.564014,0.6799999999999999,False,None,0.0
1,1_scenario_7,A black Hatchback is overtaking (near) the ego vehicle and switching lane.,4.308185,27.054541,0.7999999999999999,False,None,0.0
1,1_scenario_8,A pink Sedan is driving from the opposite direction (far) and switching lane.,6.274185,31.928465,2.34,False,None,0.0
1,1_scenario_9,A skyblue SchoolBus is driving ahead (far) of the ego vehicle and switching lane.,13.671691,33.218472,10.04,False,None,0.0
1,1_scenario_10,A yellow Hatchback is driving ahead (near) of the ego vehicle and maintaining lane.,2.621478,8.618291,8.16,False,None,0.0
1,1_scenario_11,A yellow BoxTruck is overtaking (far) the ego vehicle and maintaining lane.,100000.0,11.875545,4.2,False,None,0.0
1,1_scenario_12,A skyblue Hatchback is driving ahead (far) of the ego vehicle and maintaining lane.,100000.0,9.7856,6.8,False,None,0.0
1,1_scenario_13,A yellow Sedan is overtaking (far) the ego vehicle and maintaining lane.,23.903344,9.401008,3.3800000000000003,False,None,0.0
1,1_scenario_14,A red Jeep is overtaking (near) the ego vehicle and switching lane.,100000.0,3.876575,6.86,False,None,0.0
1,1_scenario_15,A skyblue Hatchback is driving from the opposite direction (far) and maintaining lane.,100000.0,4.290557,4.66,False,None,0.0
2,2_scenario_0,A pedestrian is crossing the road from left to right.,100000.0,14.630964,4.9,False,None,0.0
2,2_scenario_1_pedestrian,A pink Jeep is driving ahead (far) of the ego vehicle and maintaining lane.,0.0,2.043317,11.86,True,pedestrian,4.06129480206018
3,3_scenario_0,A pink SchoolBus is driving from the opposite direction (far) and maintaining lane.,100000.0,8.154679,3.34,False,None,0.0
3,3_scenario_1,A red Hatchback is crossing the road (far) and switching lane.,8.912162,22.933534,0.4399999999999999,False,None,0.0
3,3_scenario_2,A white BoxTruck is overtaking (near) the ego vehicle and switching lane.,0.594827,13.130574,11.2,False,None,0.0
3,3_scenario_3,A yellow SUV is driving from the opposite direction (near) and switching lane.,100000.0,7.841468,7.0600000000000005,False,None,0.0
3,3_scenario_4,A red BoxTruck is driving ahead (far) of the ego vehicle and maintaining lane.,1.191687,13.749135,3.16,False,None,0.0
3,3_scenario_5,A yellow Hatchback is overtaking (near) the ego vehicle and maintaining lane.,0.274935,5.996734,9.88,False,None,0.0
3,3_scenario_6,A black Sedan is driving ahead (near) of the ego vehicle and maintaining lane.,0.956023,7.379938,6.280000000000001,False,None,0.0
3,3_scenario_7,A yellow Sedan is driving from the opposite direction (near) and switching lane.,100000.0,12.726258,4.859999999999999,False,None,0.0
3,3_scenario_8,A red BoxTruck is overtaking (near) the ego vehicle and maintaining lane.,100000.0,12.485342,4.02,False,None,0.0
3,3_scenario_9,A white Sedan is driving ahead (far) of the ego vehicle and switching lane.,100000.0,11.795772,5.22,False,None,0.0
3,3_scenario_10,A pink Sedan is driving from the opposite direction (near) and maintaining lane.,28.18056,12.320366,6.499999999999999,False,None,0.0
3,3_scenario_11,A yellow Hatchback is overtaking (near) the ego vehicle and maintaining lane.,100000.0,8.631668,12.38,False,None,0.0
3,3_scenario_12,A black Jeep is overtaking (far) the ego vehicle and maintaining lane.,100000.0,3.334309,4.66,False,None,0.0
3,3_scenario_13,A white Sedan is driving ahead (far) of the ego vehicle and switching lane.,100000.0,6.127396,6.92,False,None,0.0
3,3_scenario_14,A black Jeep is overtaking (near) the ego vehicle and maintaining lane.,100000.0,6.244917,1.5,False,None,0.0
3,3_scenario_15,A white BoxTruck is overtaking (near) the ego vehicle and switching lane.,100000.0,5.30665,6.86,False,None,0.0
3,3_scenario_16,A pink BoxTruck is driving ahead (near) of the ego vehicle and maintaining lane.,100000.0,6.524134,6.92,False,None,0.0
4,4_scenario_0,A pink Hatchback is crossing the road (far) and maintaining lane.,100000.0,44.348888,4.26,False,None,0.0
4,4_scenario_1,A skyblue SUV is crossing the road (far) and maintaining lane.,100000.0,45.103325,0.3799999999999999,False,None,0.0
4,4_scenario_2,A yellow Hatchback is overtaking (near) the ego vehicle and maintaining lane.,1.648595,5.318081,9.2,False,None,0.0
4,4_scenario_3,A pedestrian is crossing the road from left to right.,2.378631,3.377789,12.4,False,None,0.0
4,4_scenario_4,A black SchoolBus is crossing the road (far) and maintaining lane.,2.376652,19.89725,5.58,False,None,0.0
4,4_scenario_5,A pink Hatchback is driving ahead (near) of the ego vehicle and switching lane.,5.839699,8.446994,9.1,False,None,0.0
4,4_scenario_6,A red SUV is crossing the road (near) and maintaining lane.,11.208655,12.207314,4.88,False,None,0.0
4,4_scenario_7,A red SUV is driving ahead (near) of the ego vehicle and switching lane.,100000.0,10.036568,8.7,False,None,0.0
4,4_scenario_8,A pink Hatchback is crossing the road (far) and maintaining lane.,1.499492,18.51039,5.88,False,None,0.0
4,4_scenario_9,A red Jeep is overtaking (near) the ego vehicle and switching lane.,100000.0,8.13354,0.4599999999999999,False,None,0.0
4,4_scenario_10,A red Hatchback is driving from the opposite direction (near) and switching lane.,3.086485,14.071738,6.26,False,None,0.0
4,4_scenario_11,A black Jeep is overtaking (near) the ego vehicle and maintaining lane.,15.711491,4.136715,4.5600000000000005,False,None,0.0
4,4_scenario_12,A red BoxTruck is driving ahead (far) of the ego vehicle and switching lane.,19.806192,28.589777,2.92,False,None,0.0
4,4_scenario_13,A red SUV is driving ahead (near) of the ego vehicle and switching lane.,1.528462,12.52962,2.64,False,None,0.0
4,4_scenario_14,A red BoxTruck is overtaking (near) the ego vehicle and maintaining lane.,100000.0,5.129491,1.36,False,None,0.0
5,5_scenario_0,A yellow Hatchback is overtaking (far) the ego vehicle and switching lane.,100000.0,44.859077,3.0400000000000005,False,None,0.0
5,5_scenario_1,A yellow Hatchback is overtaking (near) the ego vehicle and maintaining lane.,100000.0,5.109376,1.62,False,None,0.0
5,5_scenario_2,A white SchoolBus is driving ahead (far) of the ego vehicle and maintaining lane.,100000.0,10.155387,10.14,False,None,0.0
5,5_scenario_3,A red BoxTruck is driving ahead (far) of the ego vehicle and switching lane.,1.669092,17.736973,2.44,False,None,0.0
5,5_scenario_4,A black Jeep is driving ahead (far) of the ego vehicle and switching lane.,0.598087,8.36971,12.96,False,None,0.0
5,5_scenario_5,A white SchoolBus is driving ahead (near) of the ego vehicle and switching lane.,2.122474,7.910794,12.7,False,None,0.0
5,5_scenario_6,A pink Sedan is driving from the opposite direction (near) and maintaining lane.,2.073722,19.474839,3.02,False,None,0.0
5,5_scenario_7,A yellow SUV is overtaking (near) the ego vehicle and switching lane.,7.042922,9.931701,5.54,False,None,0.0
5,5_scenario_8,A pink SUV is overtaking (far) the ego vehicle and maintaining lane.,1.259545,2.93311,6.180000000000001,False,None,0.0
5,5_scenario_9,A yellow Jeep is driving from the opposite direction (far) and switching lane.,14.055575,4.513003,3.14,False,None,0.0
5,5_scenario_10,A yellow SchoolBus is overtaking (far) the ego vehicle and maintaining lane.,100000.0,10.566173,4.7,False,None,0.0
5,5_scenario_11,A pink BoxTruck is crossing the road (near) and switching lane.,14.1213,4.577357,3.56,False,None,0.0
5,5_scenario_12,A yellow Sedan is overtaking (far) the ego vehicle and maintaining lane.,18.277566,15.740062,2.3,False,None,0.0
5,5_scenario_13,A pink Hatchback is driving ahead (near) of the ego vehicle and switching lane.,100000.0,6.387862,0.9,False,None,0.0
5,5_scenario_14,A yellow SchoolBus is overtaking (far) the ego vehicle and maintaining lane.,100000.0,6.326146,1.22,False,None,0.0
6,6_scenario_0,A skyblue Jeep is driving from the opposite direction (far) and maintaining lane.,100000.0,8.136639,4.7,False,None,0.0
6,6_scenario_1,A skyblue SUV is crossing the road (far) and maintaining lane.,100000.0,24.530665,0.7,False,None,0.0
6,6_scenario_2,A red BoxTruck is driving from the opposite direction (far) and maintaining lane.,75.350338,8.042252,6.78,False,None,0.0
6,6_scenario_3,A red Jeep is overtaking (near) the ego vehicle and switching lane.,0.818846,9.143236,12.84,False,None,0.0
6,6_scenario_4,A pink BoxTruck is driving ahead (near) of the ego vehicle and maintaining lane.,0.726619,9.098456,9.52,False,None,0.0
6,6_scenario_5,A pink Hatchback is crossing the road (far) and maintaining lane.,100000.0,16.593107,2.16,False,None,0.0
6,6_scenario_6,A white BoxTruck is overtaking (near) the ego vehicle and switching lane.,100000.0,26.218093,1.7,False,None,0.0
6,6_scenario_7,A white SUV is driving ahead (far) of the ego vehicle and switching lane.,100000.0,19.404014,8.7,False,None,0.0
6,6_scenario_8,A white Sedan is driving ahead (far) of the ego vehicle and switching lane.,3.237893,7.070707,6.24,False,None,0.0
6,6_scenario_9,A black SchoolBus is crossing the road (near) and maintaining lane.,100000.0,3.320443,5.5600000000000005,False,None,0.0
6,6_scenario_10,A skyblue Hatchback is driving ahead (far) of the ego vehicle and maintaining lane.,100000.0,14.108628,2.72,False,None,0.0
6,6_scenario_11,A red Sedan is overtaking (near) the ego vehicle and maintaining lane.,100000.0,4.763468,4.859999999999999,False,None,0.0
6,6_scenario_12,A red SchoolBus is driving from the opposite direction (near) and maintaining lane.,100000.0,24.965271,1.96,False,None,0.0
6,6_scenario_13,A pink Sedan is driving from the opposite direction (far) and maintaining lane.,100000.0,50.871948,0.7000000000000001,False,None,0.0
6,6_scenario_14,A yellow SchoolBus is overtaking (far) the ego vehicle and maintaining lane.,100000.0,19.423826,4.86,False,None,0.0
7,7_scenario_0,A yellow Sedan is overtaking (far) the ego vehicle and maintaining lane.,100000.0,45.152038,5.0600000000000005,False,None,0.0
7,7_scenario_1,A pink Hatchback is driving from the opposite direction (far) and switching lane.,100000.0,12.168044,1.4400000000000002,False,None,0.0
7,7_scenario_2,A yellow Sedan is crossing the road (far) and switching lane.,12.343334,15.992676,0.6000000000000001,False,None,0.0
7,7_scenario_3,A red BoxTruck is driving ahead (far) of the ego vehicle and switching lane.,100000.0,50.007902,9.88,False,None,0.0
7,7_scenario_4,A black SUV is driving from the opposite direction (far) and switching lane.,14.171556,52.270302,4.68,False,None,0.0
7,7_scenario_5,A white Hatchback is driving ahead (far) of the ego vehicle and switching lane.,100000.0,44.74201,1.48,False,None,0.0
7,7_scenario_6,A white BoxTruck is overtaking (far) the ego vehicle and switching lane.,6.009209,43.494074,1.6800000000000002,False,None,0.0
7,7_scenario_7,A skyblue Sedan is overtaking (far) the ego vehicle and switching lane.,100000.0,14.35176,5.84,False,None,0.0
7,7_scenario_8,A white Sedan is driving ahead (far) of the ego vehicle and switching lane.,22.166497,8.994199,10.32,False,None,0.0
7,7_scenario_9,A skyblue BoxTruck is driving ahead (near) of the ego vehicle and switching lane.,1.722547,3.161155,5.82,False,None,0.0
7,7_scenario_10,A black Sedan is driving ahead (far) of the ego vehicle and maintaining lane.,3.185211,5.413209,3.46,False,None,0.0
7,7_scenario_11,A white SchoolBus is driving ahead (near) of the ego vehicle and switching lane.,100000.0,15.855502,2.3000000000000003,False,None,0.0
7,7_scenario_12,A white BoxTruck is overtaking (far) the ego vehicle and switching lane.,100000.0,8.291917,3.06,False,None,0.0
7,7_scenario_13,A yellow Sedan is crossing the road (far) and switching lane.,100000.0,6.34599,7.26,False,None,0.0
7,7_scenario_14,A red SUV is overtaking (near) the ego vehicle and maintaining lane.,100000.0,6.403835,7.12,False,None,0.0
8,8_scenario_0,A pink Jeep is driving ahead (far) of the ego vehicle and maintaining lane.,100000.0,51.109158,3.74,False,None,0.0
8,8_scenario_1,A pink Jeep is driving ahead (far) of the ego vehicle and maintaining lane.,100000.0,37.744897,0.6000000000000001,False,None,0.0
8,8_scenario_2,A pink SUV is overtaking (far) the ego vehicle and maintaining lane.,3.145001,28.590711,10.3,False,None,0.0
8,8_scenario_3,A pink BoxTruck is driving ahead (near) of the ego vehicle and maintaining lane.,1.847163,3.85171,11.68,False,None,0.0
8,8_scenario_4,A yellow Hatchback is overtaking (far) the ego vehicle and switching lane.,2.101357,11.277883,7.380000000000001,False,None,0.0
8,8_scenario_5,A pink Jeep is driving ahead (far) of the ego vehicle and maintaining lane.,2.460115,32.277715,1.52,False,None,0.0
8,8_scenario_6,A white SchoolBus is driving ahead (near) of the ego vehicle and switching lane.,8.683788,10.156985,9.08,False,None,0.0
8,8_scenario_7,A black SchoolBus is crossing the road (far) and maintaining lane.,12.412269,12.238161,9.62,False,None,0.0
8,8_scenario_8,A pink BoxTruck is driving ahead (near) of the ego vehicle and maintaining lane.,6.863272,18.841153,3.04,False,None,0.0
8,8_scenario_9,A black Sedan is driving ahead (near) of the ego vehicle and maintaining lane.,2.636734,8.631189,5.66,False,None,0.0
8,8_scenario_10,A pink Jeep is crossing the road (near) and switching lane.,39.541877,14.964936,4.04,False,None,0.0
8,8_scenario_11,A red BoxTruck is driving ahead (far) of the ego vehicle and maintaining lane.,18.777088,35.148566,3.88,False,None,0.0
8,8_scenario_12,A skyblue Hatchback is driving from the opposite direction (far) and maintaining lane.,19.891907,54.233804,3.12,False,None,0.0
8,8_scenario_13,A pink Jeep is driving ahead (far) of the ego vehicle and maintaining lane.,100000.0,50.011774,0.6200000000000001,False,None,0.0
9,9_scenario_0,A skyblue Hatchback is driving ahead (far) of the ego vehicle and maintaining lane.,100000.0,50.295171,2.94,False,None,0.0
9,9_scenario_1,A skyblue Hatchback is driving from the opposite direction (far) and maintaining lane.,100000.0,50.294034,1.38,False,None,0.0
9,9_scenario_2,A yellow Sedan is crossing the road (far) and switching lane.,13.020741,52.625996,6.24,False,None,0.0
9,9_scenario_3,A white SUV is driving ahead (far) of the ego vehicle and switching lane.,26.12045,53.066384,10.92,False,None,0.0
9,9_scenario_4,A pink Jeep is crossing the road (near) and switching lane.,1.183641,12.369259,3.94,False,None,0.0
9,9_scenario_5,A yellow SUV is overtaking (far) the ego vehicle and switching lane.,100000.0,21.911877,0.3799999999999999,False,None,0.0
9,9_scenario_6,A skyblue Sedan is overtaking (far) the ego vehicle and switching lane.,7.21488,34.286531,0.42,False,None,0.0
9,9_scenario_7,A red Hatchback is driving from the opposite direction (near) and switching lane.,10.009044,14.452179,6.56,False,None,0.0
9,9_scenario_8,A black Jeep is overtaking (far) the ego vehicle and maintaining lane.,19.619115,20.776634,4.859999999999999,False,None,0.0
9,9_scenario_9,A white SchoolBus is crossing the road (far) and switching lane.,8.994899,3.369163,6.1000000000000005,False,None,0.0
9,9_scenario_10,A pedestrian is crossing the road from right to left.,36.713784,3.110802,5.24,False,None,0.0
9,9_scenario_11,A red BoxTruck is driving ahead (far) of the ego vehicle and maintaining lane.,100000.0,14.191213,1.84,False,None,0.0
9,9_scenario_12,A white SUV is driving ahead (far) of the ego vehicle and switching lane.,100000.0,11.963461,1.64,False,None,0.0
9,9_scenario_13,A yellow Hatchback is driving ahead (near) of the ego vehicle and maintaining lane.,100000.0,10.641811,6.4,False,None,0.0
9,9_scenario_14,A black SchoolBus is overtaking (near) the ego vehicle and maintaining lane.,100000.0,4.850714,7.04,False,None,0.0
9,9_scenario_15,A red SUV is overtaking (near) the ego vehicle and maintaining lane.,100000.0,5.297201,0.0,False,None,0.0
9,9_scenario_16,A skyblue Jeep is overtaking (far) the ego vehicle and switching lane.,100000.0,5.297165,0.14,False,None,0.0
9,9_scenario_17,A pink Jeep is driving ahead (far) of the ego vehicle and maintaining lane.,100000.0,5.297165,0.4,False,None,0.0
9,9_scenario_18,A pink Sedan is driving from the opposite direction (near) and maintaining lane.,100000.0,5.297165,0.0,False,None,0.0
10,10_scenario_0,A black Hatchback is overtaking (near) the ego vehicle and switching lane.,100000.0,100000.0,3.26,False,None,0.0
10,10_scenario_1,A skyblue Hatchback is driving ahead (far) of the ego vehicle and maintaining lane.,100000.0,45.944875,0.7,False,None,0.0
10,10_scenario_2,A yellow BoxTruck is overtaking (far) the ego vehicle and maintaining lane.,100000.0,38.008944,9.02,False,None,0.0
10,10_scenario_3,A white Sedan is driving ahead (far) of the ego vehicle and switching lane.,100000.0,7.433125,10.86,False,None,0.0
10,10_scenario_4,A pink BoxTruck is driving ahead (near) of the ego vehicle and maintaining lane.,1.473255,6.612516,7.6,False,None,0.0
10,10_scenario_5,A skyblue SchoolBus is driving ahead (far) of the ego vehicle and switching lane.,3.632486,24.065814,5.18,False,None,0.0
10,10_scenario_6,A pink BoxTruck is driving ahead (near) of the ego vehicle and maintaining lane.,2.716887,10.947547,5.319999999999999,False,None,0.0
10,10_scenario_7,A red SUV is driving ahead (far) of the ego vehicle and maintaining lane.,10.927631,14.141126,7.72,False,None,0.0
10,10_scenario_8,A skyblue Sedan is overtaking (far) the ego vehicle and switching lane.,22.36909,4.723484,7.82,False,None,0.0
10,10_scenario_9,A red Hatchback is crossing the road (far) and switching lane.,100000.0,4.434598,4.159999999999999,False,None,0.0
10,10_scenario_10,A white BoxTruck is overtaking (near) the ego vehicle and switching lane.,28.428342,6.477378,3.42,False,None,0.0
10,10_scenario_11,A red BoxTruck is overtaking (near) the ego vehicle and maintaining lane.,1.303476,3.887446,4.32,False,None,0.0
10,10_scenario_12,A yellow Hatchback is driving ahead (near) of the ego vehicle and maintaining lane.,16.131055,12.526353,3.54,False,None,0.0
10,10_scenario_13,A black SchoolBus is driving ahead (near) of the ego vehicle and maintaining lane.,19.877616,15.298918,2.26,False,None,0.0
10,10_scenario_14,A black SchoolBus is crossing the road (far) and maintaining lane.,100000.0,25.573104,0.5800000000000001,False,None,0.0
10,10_scenario_15,A red SchoolBus is overtaking (near) the ego vehicle and switching lane.,100000.0,8.91345,4.84,False,None,0.0
11,11_scenario_0,A pedestrian is crossing the road from left to right.,100000.0,17.054013,8.44,False,None,0.0
11,11_scenario_1,A red SUV is driving ahead (far) of the ego vehicle and maintaining lane.,100000.0,6.757248,10.84,False,None,0.0
11,11_scenario_2_pedestrian,A yellow SUV is overtaking (far) the ego vehicle and switching lane.,0.0,1.577255,5.619999999999999,True,pedestrian,4.664778524058057
12,12_scenario_0,A skyblue SchoolBus is driving ahead (far) of the ego vehicle and switching lane.,100000.0,49.065444,4.36,False,None,0.0
12,12_scenario_1,A yellow BoxTruck is overtaking (far) the ego vehicle and maintaining lane.,100000.0,40.791175,0.44,False,None,0.0
12,12_scenario_2,A white SchoolBus is crossing the road (far) and switching lane.,2.497187,28.410005,3.72,False,None,0.0
12,12_scenario_3,A pink Sedan is driving from the opposite direction (near) and maintaining lane.,2.613677,8.117077,7.9,False,None,0.0
12,12_scenario_4,A pink BoxTruck is driving ahead (near) of the ego vehicle and maintaining lane.,3.264493,26.311148,5.24,False,None,0.0
12,12_scenario_5,A black SchoolBus is crossing the road (near) and maintaining lane.,1.958756,17.567679,5.28,False,None,0.0
12,12_scenario_6,A pink Sedan is driving from the opposite direction (far) and switching lane.,5.282029,43.195763,4.779999999999999,False,None,0.0
12,12_scenario_7,A black Jeep is overtaking (far) the ego vehicle and maintaining lane.,100000.0,49.113573,8.219999999999999,False,None,0.0
12,12_scenario_8,A white Hatchback is overtaking (far) the ego vehicle and maintaining lane.,24.42166,25.44628,7.54,False,None,0.0
12,12_scenario_9,A red SUV is driving ahead (near) of the ego vehicle and switching lane.,100000.0,3.862865,6.18,False,None,0.0
12,12_scenario_10,A red BoxTruck is overtaking (near) the ego vehicle and maintaining lane.,100000.0,9.243939,6.62,False,None,0.0
12,12_scenario_11,A skyblue Jeep is overtaking (far) the ego vehicle and switching lane.,10.75436,4.023609,6.68,False,None,0.0
12,12_scenario_12,A black Sedan is driving ahead (near) of the ego vehicle and maintaining lane.,14.061739,4.947166,2.96,False,None,0.0
12,12_scenario_13,A white Jeep is crossing the road (far) and maintaining lane.,22.996948,2.662323,3.62,False,None,0.0
12,12_scenario_14,A red BoxTruck is overtaking (near) the ego vehicle and maintaining lane.,100000.0,3.361227,2.74,False,None,0.0
12,12_scenario_15,A black Sedan is driving ahead (near) of the ego vehicle and maintaining lane.,100000.0,4.254966,5.78,False,None,0.0
12,12_scenario_16,A red BoxTruck is driving ahead (far) of the ego vehicle and maintaining lane.,100000.0,17.532779,6.98,False,None,0.0
12,12_scenario_17,A skyblue Sedan is driving ahead (near) of the ego vehicle and switching lane.,100000.0,12.192298,7.1,False,None,0.0
12,12_scenario_18,A pink SchoolBus is crossing the road (near) and switching lane.,100000.0,21.402197,6.98,False,None,0.0
13,13_scenario_0,A black SUV is crossing the road (near) and switching lane.,2.806785,24.630873,4.18,False,None,0.0
13,13_scenario_1,A black Jeep is overtaking (near) the ego vehicle and maintaining lane.,100000.0,4.916301,0.4999999999999999,False,None,0.0
13,13_scenario_2,A red SchoolBus is overtaking (far) the ego vehicle and switching lane.,2.204266,8.68693,6.0,False,None,0.0
13,13_scenario_3,A yellow Sedan is overtaking (far) the ego vehicle and maintaining lane.,4.285741,24.83518,13.52,False,None,0.0
13,13_scenario_4,A black Jeep is driving ahead (far) of the ego vehicle and switching lane.,1.256262,24.056548,5.4,False,None,0.0
13,13_scenario_5,A yellow Hatchback is overtaking (far) the ego vehicle and switching lane.,55.073588,25.690037,0.32,False,None,0.0
13,13_scenario_6,A white SUV is driving ahead (far) of the ego vehicle and switching lane.,57.076617,35.644684,2.16,False,None,0.0
13,13_scenario_7,A black Sedan is driving ahead (near) of the ego vehicle and maintaining lane.,0.476574,6.203114,8.58,False,None,0.0
13,13_scenario_8,A red BoxTruck is driving ahead (far) of the ego vehicle and maintaining lane.,100000.0,10.096809,6.98,False,None,0.0
13,13_scenario_9,A red Hatchback is crossing the road (near) and switching lane.,1.50047,11.438743,4.02,False,None,0.0
13,13_scenario_10,A pink SUV is driving from the opposite direction (far) and maintaining lane.,100000.0,36.930833,4.88,False,None,0.0
13,13_scenario_11,A red SUV is overtaking (near) the ego vehicle and maintaining lane.,16.503164,7.762695,4.14,False,None,0.0
13,13_scenario_12,A white SchoolBus is crossing the road (far) and switching lane.,100000.0,25.788128,1.1,False,None,0.0
13,13_scenario_13,A yellow SchoolBus is overtaking (far) the ego vehicle and maintaining lane.,100000.0,21.153921,1.06,False,None,0.0
13,13_scenario_14,A white SchoolBus is crossing the road (far) and switching lane.,100000.0,3.871541,7.08,False,None,0.0
14,14_scenario_0,A red Sedan is overtaking (near) the ego vehicle and maintaining lane.,100000.0,100000.0,3.62,False,None,0.0
14,14_scenario_1,A yellow SUV is overtaking (far) the ego vehicle and switching lane.,100000.0,62.606632,0.3999999999999999,False,None,0.0
14,14_scenario_2,A red BoxTruck is overtaking (near) the ego vehicle and maintaining lane.,2.738976,18.934358,5.94,False,None,0.0
14,14_scenario_3,A red BoxTruck is driving ahead (far) of the ego vehicle and switching lane.,1.802737,4.342929,9.98,False,None,0.0
14,14_scenario_4,A red BoxTruck is driving ahead (far) of the ego vehicle and maintaining lane.,1.722155,10.182256,9.5,False,None,0.0
14,14_scenario_5,A white SUV is driving ahead (far) of the ego vehicle and switching lane.,3.973844,31.313012,2.44,False,None,0.0
14,14_scenario_6,A skyblue SchoolBus is driving ahead (far) of the ego vehicle and switching lane.,7.834029,29.066373,5.32,False,None,0.0
14,14_scenario_7,A pedestrian is crossing the road from left to right.,12.23143,5.493898,5.96,False,None,0.0
14,14_scenario_8,A black Jeep is overtaking (far) the ego vehicle and maintaining lane.,100000.0,3.116782,4.38,False,None,0.0
14,14_scenario_9,A white BoxTruck is overtaking (far) the ego vehicle and switching lane.,100000.0,2.858577,5.84,False,None,0.0
14,14_scenario_10,A yellow Hatchback is overtaking (far) the ego vehicle and switching lane.,100000.0,34.964311,3.34,False,None,0.0
14,14_scenario_11,A black Jeep is overtaking (near) the ego vehicle and maintaining lane.,18.538261,3.403483,2.86,False,None,0.0
14,14_scenario_12,A skyblue SUV is crossing the road (far) and maintaining lane.,100000.0,24.231275,2.6,False,None,0.0
14,14_scenario_13,A white SchoolBus is driving ahead (near) of the ego vehicle and switching lane.,100000.0,14.44518,1.96,False,None,0.0
14,14_scenario_14,A black Sedan is driving ahead (far) of the ego vehicle and maintaining lane.,24.603344,30.462145,5.88,False,None,0.0
15,15_scenario_0,A red SUV is driving ahead (near) of the ego vehicle and switching lane.,100000.0,13.280056,3.2,False,None,0.0
15,15_scenario_1,A black Hatchback is overtaking (near) the ego vehicle and switching lane.,12.194795,29.472185,3.68,False,None,0.0
15,15_scenario_2,A yellow Jeep is driving from the opposite direction (far) and switching lane.,100000.0,12.832398,2.64,False,None,0.0
15,15_scenario_3,A red BoxTruck is driving from the opposite direction (near) and maintaining lane.,100000.0,8.616786,4.98,False,None,0.0
15,15_scenario_4,A skyblue Jeep is driving from the opposite direction (far) and maintaining lane.,2.923004,29.012724,5.720000000000001,False,None,0.0
15,15_scenario_5,A black Jeep is overtaking (near) the ego vehicle and maintaining lane.,0.811221,12.170594,4.94,False,None,0.0
15,15_scenario_6,A black Jeep is driving ahead (far) of the ego vehicle and switching lane.,3.184682,19.024842,2.38,False,None,0.0
15,15_scenario_7,A pink Sedan is driving from the opposite direction (far) and maintaining lane.,3.532287,35.340019,1.54,False,None,0.0
15,15_scenario_8,A yellow Hatchback is overtaking (near) the ego vehicle and maintaining lane.,100000.0,6.485342,3.44,False,None,0.0
15,15_scenario_9,A skyblue BoxTruck is driving ahead (near) of the ego vehicle and switching lane.,0.654334,5.770147,8.6,False,None,0.0
15,15_scenario_10,A black Sedan is driving ahead (near) of the ego vehicle and maintaining lane.,3.627067,5.234417,4.5,False,None,0.0
15,15_scenario_11,A red SUV is driving ahead (far) of the ego vehicle and maintaining lane.,100000.0,3.055547,3.94,False,None,0.0
15,15_scenario_12,A pink SUV is crossing the road (far) and switching lane.,100000.0,36.013884,2.64,False,None,0.0
15,15_scenario_13,A red BoxTruck is driving ahead (far) of the ego vehicle and switching lane.,17.089323,31.326753,1.26,False,None,0.0
15,15_scenario_14,A black SUV is driving from the opposite direction (far) and switching lane.,22.870269,38.303735,5.34,False,None,0.0
15,15_scenario_15,A pink BoxTruck is driving ahead (near) of the ego vehicle and maintaining lane.,23.553691,13.052708,6.16,False,None,0.0
16,16_scenario_0,A skyblue SUV is crossing the road (far) and maintaining lane.,100000.0,44.255168,2.4400000000000004,False,None,0.0
16,16_scenario_1,A black Hatchback is overtaking (near) the ego vehicle and switching lane.,1.489653,10.334742,0.56,False,None,0.0
16,16_scenario_2,A pink SUV is overtaking (far) the ego vehicle and maintaining lane.,0.490799,10.190006,10.3,False,None,0.0
16,16_scenario_3,A yellow Hatchback is driving ahead (near) of the ego vehicle and maintaining lane.,0.840861,6.979,11.34,False,None,0.0
16,16_scenario_4,A red SUV is overtaking (near) the ego vehicle and maintaining lane.,0.816744,8.088847,10.98,False,None,0.0
16,16_scenario_5,A red BoxTruck is driving ahead (far) of the ego vehicle and maintaining lane.,2.236707,20.910197,0.4599999999999999,False,None,0.0
16,16_scenario_6,A red BoxTruck is driving ahead (far) of the ego vehicle and maintaining lane.,6.049154,35.816638,5.279999999999999,False,None,0.0
16,16_scenario_7,A black SchoolBus is crossing the road (near) and maintaining lane.,100000.0,10.804608,5.779999999999999,False,None,0.0
16,16_scenario_8,A yellow SchoolBus is overtaking (far) the ego vehicle and maintaining lane.,14.698613,37.382842,6.1,False,None,0.0
16,16_scenario_9,A black Sedan is driving ahead (near) of the ego vehicle and maintaining lane.,1.227141,5.359553,7.76,False,None,0.0
16,16_scenario_10,A pink Hatchback is driving ahead (near) of the ego vehicle and switching lane.,100000.0,3.412028,8.68,False,None,0.0
16,16_scenario_11,A skyblue BoxTruck is driving ahead (near) of the ego vehicle and switching lane.,1.331735,12.064761,5.76,False,None,0.0
16,16_scenario_12,A skyblue Jeep is driving from the opposite direction (far) and maintaining lane.,100000.0,20.229362,3.06,False,None,0.0
16,16_scenario_13,A black SUV is driving ahead (near) of the ego vehicle and maintaining lane.,100000.0,11.953319,4.46,False,None,0.0
16,16_scenario_14,A pink BoxTruck is driving ahead (near) of the ego vehicle and maintaining lane.,100000.0,25.31279,0.6000000000000001,False,None,0.0
16,16_scenario_15,A red BoxTruck is driving ahead (far) of the ego vehicle and maintaining lane.,100000.0,51.155589,1.26,False,None,0.0
17,17_scenario_0,A skyblue Sedan is overtaking (far) the ego vehicle and switching lane.,100000.0,46.956478,4.300000000000001,False,None,0.0
17,17_scenario_1,A white BoxTruck is overtaking (far) the ego vehicle and switching lane.,16.031671,43.908458,0.6000000000000001,False,None,0.0
17,17_scenario_2,A skyblue Hatchback is driving ahead (far) of the ego vehicle and maintaining lane.,1.931294,28.760001,7.840000000000001,False,None,0.0
17,17_scenario_3,A pink Sedan is driving from the opposite direction (far) and switching lane.,2.771948,17.92129,2.46,False,None,0.0
17,17_scenario_4,A white Jeep is driving ahead (near) of the ego vehicle and maintaining lane.,0.584788,6.729034,11.82,False,None,0.0
17,17_scenario_5,A pink Hatchback is crossing the road (far) and maintaining lane.,1.355784,9.862311,7.52,False,None,0.0
17,17_scenario_6,A skyblue Hatchback is driving from the opposite direction (far) and maintaining lane.,4.158966,25.875936,0.3399999999999998,False,None,0.0
17,17_scenario_7,A white SchoolBus is crossing the road (far) and switching lane.,7.199791,27.647038,11.2,False,None,0.0
17,17_scenario_8,A black Sedan is driving ahead (near) of the ego vehicle and maintaining lane.,2.57184,8.369271,5.859999999999999,False,None,0.0
17,17_scenario_9,A black Jeep is overtaking (far) the ego vehicle and maintaining lane.,8.651527,7.772972,3.7,False,None,0.0
17,17_scenario_10,A yellow BoxTruck is overtaking (far) the ego vehicle and maintaining lane.,11.500456,3.236632,4.76,False,None,0.0
17,17_scenario_11,A pink Sedan is driving from the opposite direction (far) and switching lane.,12.525704,6.283549,3.06,False,None,0.0
17,17_scenario_12,A skyblue Hatchback is driving ahead (far) of the ego vehicle and maintaining lane.,100000.0,21.967953,1.28,False,None,0.0
17,17_scenario_13,A red SchoolBus is overtaking (far) the ego vehicle and switching lane.,22.449104,23.841309,4.4,False,None,0.0
17,17_scenario_14,A black Jeep is overtaking (far) the ego vehicle and maintaining lane.,100000.0,8.815761,5.14,False,None,0.0
18,18_scenario_0,A black SUV is driving ahead (near) of the ego vehicle and maintaining lane.,100000.0,12.32623,4.6,False,None,0.0
18,18_scenario_1,A yellow SUV is overtaking (near) the ego vehicle and switching lane.,100000.0,20.371016,5.58,False,None,0.0
18,18_scenario_2,A pink Jeep is driving ahead (far) of the ego vehicle and maintaining lane.,137.079203,23.227676,5.1,False,None,0.0
18,18_scenario_3,A yellow Sedan is crossing the road (far) and maintaining lane.,33.101577,29.27607,4.38,False,None,0.0
18,18_scenario_4,A red SchoolBus is driving from the opposite direction (near) and maintaining lane.,100000.0,38.00383,6.98,False,None,0.0
18,18_scenario_5,A black Hatchback is overtaking (near) the ego vehicle and switching lane.,1.443697,16.214927,3.14,False,None,0.0
18,18_scenario_6,A white SchoolBus is driving from the opposite direction (far) and switching lane.,100000.0,27.321541,0.4199999999999999,False,None,0.0
18,18_scenario_7,A pink SUV is driving from the opposite direction (far) and maintaining lane.,100000.0,40.630469,3.44,False,None,0.0
18,18_scenario_8,A yellow SchoolBus is overtaking (far) the ego vehicle and maintaining lane.,100000.0,43.878441,3.7,False,None,0.0
18,18_scenario_9,A pink Hatchback is driving ahead (near) of the ego vehicle and switching lane.,0.687991,5.898629,6.0600000000000005,False,None,0.0
18,18_scenario_10,A yellow Sedan is overtaking (far) the ego vehicle and maintaining lane.,100000.0,7.529708,5.1000000000000005,False,None,0.0
18,18_scenario_11,A yellow SchoolBus is overtaking (far) the ego vehicle and maintaining lane.,100000.0,4.072319,5.6,False,None,0.0
18,18_scenario_12,A yellow Hatchback is overtaking (far) the ego vehicle and switching lane.,34.628278,4.460439,3.74,False,None,0.0
18,18_scenario_13,A yellow Hatchback is driving ahead (near) of the ego vehicle and maintaining lane.,18.324633,6.839908,5.16,False,None,0.0
18,18_scenario_14,A red Jeep is overtaking (near) the ego vehicle and switching lane.,100000.0,8.217309,5.42,False,None,0.0
18,18_scenario_15,A white BoxTruck is overtaking (near) the ego vehicle and switching lane.,100000.0,5.535218,5.72,False,None,0.0
18,18_scenario_16,A yellow Jeep is driving from the opposite direction (far) and switching lane.,100000.0,6.825198,6.38,False,None,0.0
19,19_scenario_0,A yellow SchoolBus is driving from the opposite direction (near) and switching lane.,100000.0,11.325557,4.0,False,None,0.0
19,19_scenario_1,A skyblue SUV is crossing the road (far) and maintaining lane.,100000.0,28.223846,0.4399999999999999,False,None,0.0
19,19_scenario_2_npc_vehicle,A skyblue Sedan is driving ahead (near) of the ego vehicle and switching lane.,0.0,2.186463,13.22,True,npc_vehicle,9.031042502959544
