Execution,ScenarioID,Configuration_API_Description,Attribute[TTC],Attribute[DTO],Attribute[Jerk],Attribute[COL],Attribute[COLT],Attribute[SAC]
0,0_scenario_0,A black Sedan is driving ahead (far) of the ego vehicle and maintaining lane.,100000.0,50.255409,6.94,False,None,0.0
0,0_scenario_1,A black Sedan is driving ahead (near) of the ego vehicle and maintaining lane.,7.05975,9.310457,11.94,False,None,0.0
0,0_scenario_2,A skyblue Sedan is overtaking (far) the ego vehicle and switching lane.,7.831364,11.342613,0.68,False,None,0.0
0,0_scenario_3,A red SUV is overtaking (near) the ego vehicle and maintaining lane.,100000.0,8.771019,0.6599999999999999,False,None,0.0
0,0_scenario_4,A skyblue Jeep is overtaking (far) the ego vehicle and switching lane.,11.43128,8.421175,5.9,False,None,0.0
0,0_scenario_5,A yellow SchoolBus is overtaking (far) the ego vehicle and maintaining lane.,100000.0,9.469825,13.4,False,None,0.0
0,0_scenario_6,A black Jeep is overtaking (far) the ego vehicle and maintaining lane.,100000.0,11.846045,11.66,False,None,0.0
0,0_scenario_7,A pink Jeep is driving ahead (far) of the ego vehicle and maintaining lane.,24.975153,7.452467,8.12,False,None,0.0
0,0_scenario_8,A white Jeep is crossing the road (far) and maintaining lane.,100000.0,6.886544,7.26,False,None,0.0
0,0_scenario_9,A skyblue Sedan is driving ahead (near) of the ego vehicle and switching lane.,3.079239,8.067397,6.08,False,None,0.0
0,0_scenario_10,A red SUV is driving ahead (near) of the ego vehicle and switching lane.,5.62734,3.762485,2.9399999999999995,False,None,0.0
0,0_scenario_11,A white BoxTruck is overtaking (far) the ego vehicle and switching lane.,100000.0,12.316226,3.38,False,None,0.0
0,0_scenario_12,A pink Sedan is driving from the opposite direction (far) and switching lane.,100000.0,5.677411,1.38,False,None,0.0
0,0_scenario_13,A white Jeep is crossing the road (far) and maintaining lane.,100000.0,31.037594,0.76,False,None,0.0
0,0_scenario_14,A skyblue Jeep is overtaking (far) the ego vehicle and switching lane.,100000.0,6.372086,4.78,False,None,0.0
1,1_scenario_0,A skyblue Hatchback is driving ahead (far) of the ego vehicle and maintaining lane.,100000.0,50.249861,1.9799999999999995,False,None,0.0
1,1_scenario_1,A yellow Sedan is overtaking (near) the ego vehicle and switching lane.,100000.0,11.392713,1.7799999999999998,False,None,0.0
1,1_scenario_2,A yellow Sedan is overtaking (far) the ego vehicle and maintaining lane.,100000.0,12.313009,0.48,False,None,0.0
1,1_scenario_3_npc_vehicle,A black Sedan is driving ahead (near) of the ego vehicle and maintaining lane.,0.0,4.823307,11.5,True,npc_vehicle,1.606885334730876
2,2_scenario_0,A white SUV is driving ahead (far) of the ego vehicle and switching lane.,100000.0,50.298935,5.44,False,None,0.0
2,2_scenario_1,A pink BoxTruck is driving ahead (near) of the ego vehicle and maintaining lane.,7.173461,11.146553,7.880000000000001,False,None,0.0
2,2_scenario_2,A yellow SUV is overtaking (far) the ego vehicle and switching lane.,7.863543,14.964764,0.4399999999999999,False,None,0.0
2,2_scenario_3,A white Sedan is driving ahead (far) of the ego vehicle and switching lane.,100000.0,12.102188,0.3400000000000001,False,None,0.0
2,2_scenario_4,A skyblue SchoolBus is driving ahead (far) of the ego vehicle and switching lane.,100000.0,11.361316,3.0600000000000005,False,None,0.0
2,2_scenario_5,A black Jeep is driving ahead (far) of the ego vehicle and switching lane.,69.00482,12.224269,6.120000000000001,False,None,0.0
2,2_scenario_6,A red BoxTruck is driving ahead (far) of the ego vehicle and maintaining lane.,100000.0,15.91995,4.68,False,None,0.0
2,2_scenario_7,A red Hatchback is driving from the opposite direction (near) and switching lane.,100000.0,11.06573,2.1,False,None,0.0
2,2_scenario_8,A white Sedan is driving ahead (far) of the ego vehicle and switching lane.,100000.0,7.581746,8.5,False,None,0.0
2,2_scenario_9,A white SchoolBus is driving ahead (near) of the ego vehicle and switching lane.,5.148894,3.234773,4.66,False,None,0.0
2,2_scenario_10,A red BoxTruck is driving ahead (far) of the ego vehicle and maintaining lane.,100000.0,15.606257,2.26,False,None,0.0
2,2_scenario_11,A black SchoolBus is crossing the road (far) and maintaining lane.,100000.0,33.294843,4.9,False,None,0.0
2,2_scenario_12,A yellow SUV is overtaking (near) the ego vehicle and switching lane.,100000.0,5.134204,0.96,False,None,0.0
2,2_scenario_13,A red Jeep is overtaking (near) the ego vehicle and switching lane.,100000.0,5.983223,6.1,False,None,0.0
2,2_scenario_14,A white SchoolBus is driving ahead (near) of the ego vehicle and switching lane.,100000.0,15.91541,7.12,False,None,0.0
3,3_scenario_0,A pedestrian is crossing the road from left to right.,100000.0,17.535219,7.12,False,None,0.0
3,3_scenario_1,A pink Jeep is driving ahead (far) of the ego vehicle and maintaining lane.,7.656856,9.399479,8.26,False,None,0.0
3,3_scenario_2,A black Hatchback is overtaking (near) the ego vehicle and switching lane.,100000.0,3.827504,9.48,False,None,0.0
3,3_scenario_3,A red SchoolBus is overtaking (far) the ego vehicle and switching lane.,100000.0,7.839381,1.02,False,None,0.0
3,3_scenario_4,A white Hatchback is driving ahead (far) of the ego vehicle and switching lane.,100000.0,10.25788,2.66,False,None,0.0
3,3_scenario_5,A black SchoolBus is overtaking (near) the ego vehicle and maintaining lane.,100000.0,10.297065,1.6400000000000006,False,None,0.0
3,3_scenario_6,A red BoxTruck is driving ahead (far) of the ego vehicle and switching lane.,100000.0,8.050835,9.5,False,None,0.0
3,3_scenario_7,A pink Sedan is driving from the opposite direction (near) and maintaining lane.,13.899709,8.188468,13.62,False,None,0.0
3,3_scenario_8,A skyblue BoxTruck is driving ahead (near) of the ego vehicle and switching lane.,100000.0,8.809923,11.16,False,None,0.0
3,3_scenario_9,A pink Jeep is crossing the road (near) and switching lane.,12.336633,8.71961,5.02,False,None,0.0
3,3_scenario_10,A red SchoolBus is overtaking (far) the ego vehicle and switching lane.,100000.0,8.938689,5.14,False,None,0.0
3,3_scenario_11,A yellow BoxTruck is overtaking (far) the ego vehicle and maintaining lane.,2.985877,4.696437,9.06,False,None,0.0
3,3_scenario_12,A white BoxTruck is overtaking (near) the ego vehicle and switching lane.,15.649469,3.151178,5.4,False,None,0.0
3,3_scenario_13,A black Jeep is driving ahead (far) of the ego vehicle and switching lane.,100000.0,4.712242,3.82,False,None,0.0
3,3_scenario_14,A red Jeep is overtaking (near) the ego vehicle and switching lane.,100000.0,5.102201,1.42,False,None,0.0
3,3_scenario_15,A white SUV is driving ahead (far) of the ego vehicle and switching lane.,100000.0,10.474563,1.28,False,None,0.0
3,3_scenario_16,A skyblue Sedan is overtaking (far) the ego vehicle and switching lane.,100000.0,6.312296,6.6,False,None,0.0
4,4_scenario_0,A yellow SchoolBus is driving from the opposite direction (near) and switching lane.,1.814428,25.276473,5.2,False,None,0.0
4,4_scenario_1,A yellow SchoolBus is overtaking (far) the ego vehicle and maintaining lane.,100000.0,45.144019,9.78,False,None,0.0
4,4_scenario_2,A skyblue Sedan is driving ahead (near) of the ego vehicle and switching lane.,3.269521,3.811426,9.9,False,None,0.0
4,4_scenario_3,A black Jeep is driving ahead (far) of the ego vehicle and switching lane.,100000.0,7.779033,6.12,False,None,0.0
4,4_scenario_4,A red BoxTruck is driving ahead (far) of the ego vehicle and maintaining lane.,100000.0,3.81754,5.619999999999999,False,None,0.0
4,4_scenario_5,A pink Sedan is driving from the opposite direction (near) and maintaining lane.,100000.0,12.826138,4.1,False,None,0.0
4,4_scenario_6,A red BoxTruck is driving ahead (far) of the ego vehicle and maintaining lane.,37.895972,25.914604,3.3400000000000003,False,None,0.0
4,4_scenario_7_npc_vehicle,A skyblue Sedan is driving ahead (near) of the ego vehicle and switching lane.,0.0,4.816462,9.52,True,npc_vehicle,2.3384387034501626
5,5_scenario_0,A skyblue SchoolBus is driving ahead (far) of the ego vehicle and switching lane.,100000.0,50.812226,4.680000000000001,False,None,0.0
5,5_scenario_1,A skyblue Hatchback is driving ahead (far) of the ego vehicle and maintaining lane.,100000.0,43.199113,3.16,False,None,0.0
5,5_scenario_2,A yellow Hatchback is driving ahead (near) of the ego vehicle and maintaining lane.,5.1354,8.491289,2.3,False,None,0.0
5,5_scenario_3,A white SchoolBus is driving ahead (near) of the ego vehicle and switching lane.,6.068925,11.342418,17.0,False,None,0.0
5,5_scenario_4,A red SchoolBus is overtaking (far) the ego vehicle and switching lane.,100000.0,13.462518,5.88,False,None,0.0
5,5_scenario_5,A white SchoolBus is driving ahead (far) of the ego vehicle and maintaining lane.,100000.0,16.401201,15.84,False,None,0.0
5,5_scenario_6_npc_vehicle,A pink SchoolBus is crossing the road (near) and switching lane.,0.0,7.041045,7.4,True,npc_vehicle,0.3378510337285665
6,6_scenario_0,A yellow SchoolBus is overtaking (far) the ego vehicle and maintaining lane.,100000.0,29.30881,3.7,False,None,0.0
6,6_scenario_1,A white SchoolBus is driving ahead (far) of the ego vehicle and maintaining lane.,100000.0,10.246234,3.64,False,None,0.0
6,6_scenario_2,A red SUV is driving ahead (near) of the ego vehicle and switching lane.,100000.0,3.743821,9.18,False,None,0.0
6,6_scenario_3,A yellow SchoolBus is overtaking (far) the ego vehicle and maintaining lane.,100000.0,15.024791,3.24,False,None,0.0
6,6_scenario_4,A white BoxTruck is overtaking (far) the ego vehicle and switching lane.,100000.0,30.042887,14.12,False,None,0.0
6,6_scenario_5,A red SUV is driving ahead (far) of the ego vehicle and maintaining lane.,100000.0,24.68038,4.62,False,None,0.0
6,6_scenario_6,A yellow SchoolBus is driving from the opposite direction (near) and switching lane.,3.684454,9.783804,5.3,False,None,0.0
6,6_scenario_7,A yellow SchoolBus is driving from the opposite direction (near) and switching lane.,1.773805,5.427264,12.64,False,None,0.0
6,6_scenario_8,A red BoxTruck is overtaking (near) the ego vehicle and maintaining lane.,100000.0,8.532925,4.78,False,None,0.0
6,6_scenario_9,A white SUV is driving ahead (far) of the ego vehicle and switching lane.,7.150149,5.770054,6.22,False,None,0.0
6,6_scenario_10,A black Jeep is driving ahead (far) of the ego vehicle and switching lane.,8.338685,4.083824,6.260000000000001,False,None,0.0
6,6_scenario_11,A skyblue SchoolBus is driving ahead (far) of the ego vehicle and switching lane.,100000.0,18.998411,6.5600000000000005,False,None,0.0
6,6_scenario_12,A white SchoolBus is driving ahead (far) of the ego vehicle and maintaining lane.,16.011241,38.839453,6.42,False,None,0.0
6,6_scenario_13,A white SUV is driving ahead (far) of the ego vehicle and switching lane.,100000.0,40.190105,4.3,False,None,0.0
6,6_scenario_14,A yellow Hatchback is crossing the road (near) and maintaining lane.,100000.0,12.056929,2.56,False,None,0.0
6,6_scenario_15,A white Sedan is driving ahead (far) of the ego vehicle and switching lane.,100000.0,36.896972,4.6,False,None,0.0
6,6_scenario_16,A yellow SUV is driving from the opposite direction (near) and switching lane.,100000.0,20.923514,5.94,False,None,0.0
7,7_scenario_0,A pink SchoolBus is crossing the road (near) and switching lane.,100000.0,11.15333,8.28,False,None,0.0
7,7_scenario_1,A pink Jeep is driving ahead (far) of the ego vehicle and maintaining lane.,1.112514,12.028823,9.4,False,None,0.0
7,7_scenario_2,A skyblue Jeep is overtaking (far) the ego vehicle and switching lane.,100000.0,34.545137,0.4599999999999999,False,None,0.0
7,7_scenario_3_npc_vehicle,A white SchoolBus is driving ahead (near) of the ego vehicle and switching lane.,0.0,7.009613,5.84,True,npc_vehicle,0.155646910835668
8,8_scenario_0,A black Hatchback is overtaking (near) the ego vehicle and switching lane.,100000.0,9.571482,5.819999999999999,False,None,0.0
8,8_scenario_1,A red BoxTruck is driving ahead (far) of the ego vehicle and switching lane.,100000.0,16.838397,12.28,False,None,0.0
8,8_scenario_2,A pink BoxTruck is crossing the road (near) and switching lane.,100000.0,10.381512,14.88,False,None,0.0
8,8_scenario_3,A skyblue Sedan is driving ahead (near) of the ego vehicle and switching lane.,100000.0,10.857469,4.24,False,None,0.0
8,8_scenario_4,A skyblue Sedan is overtaking (far) the ego vehicle and switching lane.,100000.0,9.772075,3.94,False,None,0.0
8,8_scenario_5,A black Hatchback is overtaking (near) the ego vehicle and switching lane.,100000.0,9.904454,3.76,False,None,0.0
8,8_scenario_6,A white Jeep is driving ahead (near) of the ego vehicle and maintaining lane.,100000.0,9.07516,10.0,False,None,0.0
8,8_scenario_7,A pink SUV is overtaking (far) the ego vehicle and maintaining lane.,100000.0,8.648979,10.16,False,None,0.0
8,8_scenario_8,A red SchoolBus is overtaking (far) the ego vehicle and switching lane.,100000.0,4.912382,2.34,False,None,0.0
8,8_scenario_9,A pink Jeep is driving ahead (far) of the ego vehicle and maintaining lane.,100000.0,14.807364,12.6,False,None,0.0
8,8_scenario_10,A pink Sedan is driving from the opposite direction (near) and maintaining lane.,100000.0,17.236902,2.62,False,None,0.0
8,8_scenario_11,A pink Sedan is driving from the opposite direction (far) and maintaining lane.,100000.0,14.987039,6.02,False,None,0.0
8,8_scenario_12,A white Sedan is driving ahead (far) of the ego vehicle and switching lane.,100000.0,7.281755,6.22,False,None,0.0
8,8_scenario_13,A white Jeep is crossing the road (far) and maintaining lane.,20.162085,3.448755,4.84,False,None,0.0
8,8_scenario_14,A yellow Sedan is crossing the road (far) and switching lane.,100000.0,17.607654,2.98,False,None,0.0
8,8_scenario_15,A skyblue SchoolBus is driving ahead (far) of the ego vehicle and switching lane.,100000.0,38.714158,1.2,False,None,0.0
8,8_scenario_16,A skyblue Sedan is overtaking (far) the ego vehicle and switching lane.,100000.0,5.97963,0.8,False,None,0.0
8,8_scenario_17,A white SUV is driving ahead (far) of the ego vehicle and switching lane.,100000.0,28.41869,6.6,False,None,0.0
9,9_scenario_0,A skyblue Sedan is overtaking (far) the ego vehicle and switching lane.,100000.0,31.806261,5.98,False,None,0.0
9,9_scenario_1,A yellow SUV is overtaking (near) the ego vehicle and switching lane.,100000.0,12.817027,10.28,False,None,0.0
9,9_scenario_2,A red SchoolBus is overtaking (far) the ego vehicle and switching lane.,100000.0,12.525825,4.76,False,None,0.0
9,9_scenario_3_npc_vehicle,A black SUV is driving ahead (near) of the ego vehicle and maintaining lane.,0.0,4.795155,10.66,True,npc_vehicle,1.0544471672126936
10,10_scenario_0,A white Jeep is crossing the road (far) and maintaining lane.,1.110258,11.396021,5.74,False,None,0.0
10,10_scenario_1,A red Hatchback is crossing the road (near) and switching lane.,0.706341,5.774678,7.800000000000001,False,None,0.0
10,10_scenario_2,A black Jeep is overtaking (far) the ego vehicle and maintaining lane.,100000.0,9.267648,5.52,False,None,0.0
10,10_scenario_3,A white Sedan is driving ahead (far) of the ego vehicle and switching lane.,100000.0,7.716083,3.66,False,None,0.0
10,10_scenario_4,A black Jeep is overtaking (far) the ego vehicle and maintaining lane.,100000.0,3.754198,2.88,False,None,0.0
10,10_scenario_5,A black SchoolBus is overtaking (near) the ego vehicle and maintaining lane.,100000.0,6.304353,3.44,False,None,0.0
10,10_scenario_6,A skyblue Hatchback is driving ahead (far) of the ego vehicle and maintaining lane.,100000.0,4.395039,10.42,False,None,0.0
10,10_scenario_7,A red Hatchback is driving from the opposite direction (near) and switching lane.,100000.0,10.674452,15.72,False,None,0.0
10,10_scenario_8,A pink Sedan is driving from the opposite direction (near) and maintaining lane.,10.355859,14.745974,3.14,False,None,0.0
10,10_scenario_9,A yellow SchoolBus is driving from the opposite direction (near) and switching lane.,100000.0,16.94613,5.94,False,None,0.0
10,10_scenario_10,A white BoxTruck is overtaking (near) the ego vehicle and switching lane.,100000.0,4.440215,3.8,False,None,0.0
10,10_scenario_11,A red SUV is driving ahead (far) of the ego vehicle and maintaining lane.,100000.0,12.697903,3.3000000000000003,False,None,0.0
10,10_scenario_12,A pink SchoolBus is crossing the road (near) and switching lane.,1.581316,10.38883,8.879999999999999,False,None,0.0
10,10_scenario_13,A red Hatchback is crossing the road (far) and switching lane.,100000.0,47.585595,2.9000000000000004,False,None,0.0
10,10_scenario_14,A red Hatchback is crossing the road (far) and switching lane.,100000.0,46.308348,3.62,False,None,0.0
10,10_scenario_15,A red SchoolBus is overtaking (near) the ego vehicle and switching lane.,100000.0,6.462863,1.2,False,None,0.0
10,10_scenario_16,A red SUV is driving ahead (far) of the ego vehicle and maintaining lane.,100000.0,28.07305,0.4599999999999999,False,None,0.0
10,10_scenario_17,A pink Jeep is crossing the road (near) and switching lane.,100000.0,14.622954,6.6,False,None,0.0
11,11_scenario_0,A black Sedan is driving ahead (near) of the ego vehicle and maintaining lane.,1.905057,8.581473,2.539999999999999,False,None,0.0
11,11_scenario_1,A yellow SchoolBus is overtaking (far) the ego vehicle and maintaining lane.,33.033102,10.05019,9.8,False,None,0.0
11,11_scenario_2,A white SchoolBus is driving from the opposite direction (far) and switching lane.,100000.0,10.365293,0.3799999999999999,False,None,0.0
11,11_scenario_3,A white Hatchback is driving ahead (far) of the ego vehicle and switching lane.,133.479521,10.059544,2.9000000000000004,False,None,0.0
11,11_scenario_4,A white SUV is driving ahead (far) of the ego vehicle and switching lane.,100000.0,10.421292,3.98,False,None,0.0
11,11_scenario_5,A white Hatchback is driving ahead (far) of the ego vehicle and switching lane.,100000.0,13.477823,16.04,False,None,0.0
11,11_scenario_6,A black SUV is driving from the opposite direction (far) and switching lane.,100000.0,13.970532,15.06,False,None,0.0
11,11_scenario_7,A white BoxTruck is overtaking (far) the ego vehicle and switching lane.,231.693513,8.713712,5.9,False,None,0.0
11,11_scenario_8,A skyblue Sedan is overtaking (far) the ego vehicle and switching lane.,100000.0,7.929571,2.78,False,None,0.0
11,11_scenario_9,A black Jeep is driving ahead (near) of the ego vehicle and switching lane.,100000.0,12.524065,5.62,False,None,0.0
11,11_scenario_10,A red BoxTruck is driving ahead (far) of the ego vehicle and switching lane.,5.027613,18.984329,10.5,False,None,0.0
11,11_scenario_11,A skyblue Hatchback is driving ahead (far) of the ego vehicle and maintaining lane.,6.538662,22.92345,5.18,False,None,0.0
11,11_scenario_12,A black SUV is driving from the opposite direction (far) and switching lane.,100000.0,34.507603,0.84,False,None,0.0
11,11_scenario_13,A yellow Hatchback is overtaking (far) the ego vehicle and switching lane.,100000.0,6.996316,6.78,False,None,0.0
11,11_scenario_14,A black Jeep is overtaking (far) the ego vehicle and maintaining lane.,100000.0,5.494259,7.0600000000000005,False,None,0.0
11,11_scenario_15,A yellow SchoolBus is overtaking (far) the ego vehicle and maintaining lane.,100000.0,6.582116,5.78,False,None,0.0
11,11_scenario_16,A skyblue SUV is crossing the road (far) and maintaining lane.,100000.0,4.403048,6.38,False,None,0.0
12,12_scenario_0,A yellow SUV is overtaking (near) the ego vehicle and switching lane.,100000.0,9.672064,3.64,False,None,0.0
12,12_scenario_1,A white SchoolBus is driving ahead (far) of the ego vehicle and maintaining lane.,100000.0,17.237388,2.1,False,None,0.0
12,12_scenario_2,A pink Hatchback is driving from the opposite direction (far) and switching lane.,100000.0,20.411531,11.88,False,None,0.0
12,12_scenario_3,A black SchoolBus is overtaking (near) the ego vehicle and maintaining lane.,100000.0,15.668517,2.0,False,None,0.0
12,12_scenario_4,A white Hatchback is driving ahead (far) of the ego vehicle and switching lane.,100000.0,15.697083,0.3600000000000001,False,None,0.0
12,12_scenario_5,A white SchoolBus is driving ahead (far) of the ego vehicle and maintaining lane.,100000.0,15.273413,14.26,False,None,0.0
12,12_scenario_6,A black Sedan is driving ahead (near) of the ego vehicle and maintaining lane.,0.741214,7.412731,6.139999999999999,False,None,0.0
12,12_scenario_7,A skyblue Sedan is overtaking (far) the ego vehicle and switching lane.,100000.0,18.863999,4.859999999999999,False,None,0.0
12,12_scenario_8,A white Sedan is driving ahead (far) of the ego vehicle and switching lane.,5.707775,10.789006,5.18,False,None,0.0
12,12_scenario_9,A yellow Sedan is crossing the road (far) and switching lane.,9.321495,3.352933,4.92,False,None,0.0
12,12_scenario_10,A white SchoolBus is driving ahead (near) of the ego vehicle and switching lane.,1.919922,5.590725,5.3,False,None,0.0
12,12_scenario_11,A red SchoolBus is overtaking (far) the ego vehicle and switching lane.,100000.0,5.202651,3.6,False,None,0.0
12,12_scenario_12,A yellow Sedan is crossing the road (far) and switching lane.,100000.0,5.775847,1.84,False,None,0.0
12,12_scenario_13,A yellow Sedan is overtaking (far) the ego vehicle and maintaining lane.,100000.0,9.057463,6.76,False,None,0.0
13,13_scenario_0,A white Jeep is driving ahead (near) of the ego vehicle and maintaining lane.,100000.0,100000.0,2.7200000000000006,False,None,0.0
13,13_scenario_1,A red BoxTruck is driving from the opposite direction (near) and maintaining lane.,15.314849,17.38284,11.28,False,None,0.0
13,13_scenario_2,A skyblue Sedan is driving ahead (near) of the ego vehicle and switching lane.,2.723609,5.010066,9.34,False,None,0.0
13,13_scenario_3,A black Jeep is driving ahead (far) of the ego vehicle and switching lane.,100000.0,6.829383,7.14,False,None,0.0
13,13_scenario_4,A skyblue Jeep is overtaking (far) the ego vehicle and switching lane.,100000.0,13.080865,4.1,False,None,0.0
13,13_scenario_5,A black Jeep is driving ahead (far) of the ego vehicle and switching lane.,100000.0,12.833071,2.78,False,None,0.0
13,13_scenario_6,A red BoxTruck is overtaking (near) the ego vehicle and maintaining lane.,2.30921,12.931378,6.720000000000001,False,None,0.0
13,13_scenario_7,A pink Sedan is driving from the opposite direction (far) and maintaining lane.,1.79175,14.036703,15.56,False,None,0.0
13,13_scenario_8,A pedestrian is crossing the road from right to left.,4.983563,12.19399,10.02,False,None,0.0
13,13_scenario_9,A red BoxTruck is driving ahead (far) of the ego vehicle and switching lane.,100000.0,3.008379,5.12,False,None,0.0
13,13_scenario_10,A black SUV is driving from the opposite direction (far) and switching lane.,10.530456,3.56522,4.88,False,None,0.0
13,13_scenario_11,A red BoxTruck is driving ahead (far) of the ego vehicle and switching lane.,20.453739,6.626462,12.38,False,None,0.0
13,13_scenario_12,A red BoxTruck is overtaking (near) the ego vehicle and maintaining lane.,15.410475,3.641915,4.319999999999999,False,None,0.0
13,13_scenario_13,A red SUV is driving ahead (far) of the ego vehicle and maintaining lane.,100000.0,11.430074,4.3,False,None,0.0
13,13_scenario_14,A black SUV is driving from the opposite direction (far) and switching lane.,100000.0,3.711201,2.92,False,None,0.0
13,13_scenario_15,A black SchoolBus is driving ahead (near) of the ego vehicle and maintaining lane.,100000.0,18.357143,4.16,False,None,0.0
14,14_scenario_0,A red SUV is driving ahead (far) of the ego vehicle and maintaining lane.,100000.0,50.23214,5.48,False,None,0.0
14,14_scenario_1,A white Sedan is driving ahead (far) of the ego vehicle and switching lane.,100000.0,55.305529,10.26,False,None,0.0
14,14_scenario_2,A white Sedan is driving ahead (far) of the ego vehicle and switching lane.,100000.0,53.769537,0.6200000000000001,False,None,0.0
14,14_scenario_3,A pink SUV is overtaking (far) the ego vehicle and maintaining lane.,100000.0,53.051132,0.7400000000000001,False,None,0.0
14,14_scenario_4,A yellow SUV is driving from the opposite direction (near) and switching lane.,15.787522,15.993143,4.5600000000000005,False,None,0.0
14,14_scenario_5,A pink Hatchback is driving ahead (near) of the ego vehicle and switching lane.,0.813808,4.637,10.14,False,None,0.0
14,14_scenario_6,A skyblue Sedan is overtaking (far) the ego vehicle and switching lane.,100000.0,11.02653,5.7,False,None,0.0
14,14_scenario_7,A red SchoolBus is overtaking (near) the ego vehicle and switching lane.,100000.0,14.33175,1.98,False,None,0.0
14,14_scenario_8,A pedestrian is crossing the road from left to right.,100000.0,24.609241,5.420000000000001,False,None,0.0
14,14_scenario_9,A black Jeep is driving ahead (near) of the ego vehicle and switching lane.,1.539752,7.599596,10.46,False,None,0.0
14,14_scenario_10,A black SUV is driving from the opposite direction (far) and switching lane.,6.079755,21.790426,4.5,False,None,0.0
14,14_scenario_11,A red BoxTruck is driving from the opposite direction (far) and maintaining lane.,35.68029,28.916769,4.58,False,None,0.0
14,14_scenario_12,A skyblue SUV is crossing the road (far) and maintaining lane.,100000.0,43.173109,4.5200000000000005,False,None,0.0
14,14_scenario_13,A black SchoolBus is overtaking (near) the ego vehicle and maintaining lane.,100000.0,5.533017,1.08,False,None,0.0
14,14_scenario_14,A white Hatchback is overtaking (far) the ego vehicle and maintaining lane.,100000.0,5.604785,0.58,False,None,0.0
14,14_scenario_15,A red BoxTruck is overtaking (near) the ego vehicle and maintaining lane.,100000.0,5.184734,4.86,False,None,0.0
15,15_scenario_0,A yellow SchoolBus is overtaking (far) the ego vehicle and maintaining lane.,100000.0,33.079734,5.6,False,None,0.0
15,15_scenario_1,A red BoxTruck is driving ahead (far) of the ego vehicle and maintaining lane.,100000.0,15.33921,5.76,False,None,0.0
15,15_scenario_2,A white BoxTruck is overtaking (near) the ego vehicle and switching lane.,3.404255,5.545811,9.0,False,None,0.0
15,15_scenario_3,A white BoxTruck is driving from the opposite direction (far) and switching lane.,100000.0,3.895489,7.56,False,None,0.0
15,15_scenario_4,A pink SchoolBus is driving from the opposite direction (far) and maintaining lane.,100000.0,11.484771,2.68,False,None,0.0
15,15_scenario_5,A pink Jeep is driving ahead (far) of the ego vehicle and maintaining lane.,2.149687,17.930008,5.96,False,None,0.0
15,15_scenario_6,A white BoxTruck is overtaking (near) the ego vehicle and switching lane.,2.37784,18.409884,10.96,False,None,0.0
15,15_scenario_7,A white Hatchback is overtaking (far) the ego vehicle and maintaining lane.,100000.0,22.442303,11.66,False,None,0.0
15,15_scenario_8,A pink Jeep is driving ahead (far) of the ego vehicle and maintaining lane.,100000.0,28.593307,3.3400000000000003,False,None,0.0
15,15_scenario_9,A red SchoolBus is overtaking (near) the ego vehicle and switching lane.,100000.0,13.651679,5.659999999999999,False,None,0.0
15,15_scenario_10,A black Sedan is driving ahead (near) of the ego vehicle and maintaining lane.,13.528602,8.716262,8.1,False,None,0.0
15,15_scenario_11,A red SUV is driving ahead (far) of the ego vehicle and maintaining lane.,17.101982,8.841358,3.66,False,None,0.0
15,15_scenario_12,A yellow Sedan is overtaking (far) the ego vehicle and maintaining lane.,100000.0,6.462655,5.96,False,None,0.0
15,15_scenario_13,A yellow Hatchback is crossing the road (near) and maintaining lane.,4.645679,5.098044,8.2,False,None,0.0
15,15_scenario_14,A black Sedan is driving ahead (far) of the ego vehicle and maintaining lane.,100000.0,3.440029,2.8000000000000003,False,None,0.0
15,15_scenario_15,A pink Jeep is driving ahead (far) of the ego vehicle and maintaining lane.,100000.0,7.154173,1.5799999999999998,False,None,0.0
16,16_scenario_0,A pink SUV is crossing the road (far) and switching lane.,100000.0,18.269407,4.08,False,None,0.0
16,16_scenario_1,A red SchoolBus is overtaking (near) the ego vehicle and switching lane.,1.29833,13.362694,8.239999999999998,False,None,0.0
16,16_scenario_2,A white Sedan is driving ahead (far) of the ego vehicle and switching lane.,100000.0,13.874515,1.28,False,None,0.0
16,16_scenario_3,A yellow Hatchback is driving ahead (near) of the ego vehicle and maintaining lane.,5.032304,7.736146,1.52,False,None,0.0
16,16_scenario_4,A black SchoolBus is overtaking (near) the ego vehicle and maintaining lane.,6.13122,11.816437,7.32,False,None,0.0
16,16_scenario_5,A pink Hatchback is driving ahead (near) of the ego vehicle and switching lane.,100000.0,12.456809,1.36,False,None,0.0
16,16_scenario_6,A yellow SUV is overtaking (far) the ego vehicle and switching lane.,2.62723,12.542809,0.88,False,None,0.0
16,16_scenario_7,A black SUV is crossing the road (near) and switching lane.,1.506654,12.452368,16.6,False,None,0.0
16,16_scenario_8,A pink Hatchback is driving ahead (near) of the ego vehicle and switching lane.,5.188593,5.107026,5.9,False,None,0.0
16,16_scenario_9,A skyblue Sedan is driving ahead (near) of the ego vehicle and switching lane.,8.630441,6.766246,2.8600000000000003,False,None,0.0
16,16_scenario_10,A skyblue Sedan is overtaking (far) the ego vehicle and switching lane.,10.850548,11.4867,6.34,False,None,0.0
16,16_scenario_11,A black SUV is driving ahead (near) of the ego vehicle and maintaining lane.,1.640858,5.825694,5.78,False,None,0.0
16,16_scenario_12,A skyblue Sedan is driving ahead (near) of the ego vehicle and switching lane.,18.519265,9.377792,3.4799999999999995,False,None,0.0
16,16_scenario_13,A white Jeep is crossing the road (far) and maintaining lane.,100000.0,3.8489,4.94,False,None,0.0
16,16_scenario_14,A pink Jeep is driving ahead (far) of the ego vehicle and maintaining lane.,100000.0,4.179703,4.28,False,None,0.0
16,16_scenario_15,A skyblue SchoolBus is driving ahead (far) of the ego vehicle and switching lane.,100000.0,19.033872,0.8,False,None,0.0
16,16_scenario_16,A white Hatchback is overtaking (far) the ego vehicle and maintaining lane.,100000.0,11.904626,5.64,False,None,0.0
17,17_scenario_0,A red BoxTruck is driving ahead (far) of the ego vehicle and maintaining lane.,100000.0,50.305399,3.4400000000000004,False,None,0.0
17,17_scenario_1,A red SUV is driving ahead (far) of the ego vehicle and maintaining lane.,100000.0,52.050287,5.0600000000000005,False,None,0.0
17,17_scenario_2,A pink Jeep is crossing the road (near) and switching lane.,100000.0,9.615845,8.64,False,None,0.0
17,17_scenario_3,A red BoxTruck is overtaking (near) the ego vehicle and maintaining lane.,100000.0,6.555165,5.38,False,None,0.0
17,17_scenario_4,A black Sedan is driving ahead (near) of the ego vehicle and maintaining lane.,100000.0,6.245161,10.34,False,None,0.0
17,17_scenario_5,A red SUV is overtaking (near) the ego vehicle and maintaining lane.,100000.0,9.469746,8.52,False,None,0.0
17,17_scenario_6,A white BoxTruck is overtaking (far) the ego vehicle and switching lane.,5.397088,22.051833,3.78,False,None,0.0
17,17_scenario_7,A black SchoolBus is driving ahead (near) of the ego vehicle and maintaining lane.,0.554002,8.063593,10.38,False,None,0.0
17,17_scenario_8,A white Sedan is driving ahead (far) of the ego vehicle and switching lane.,100000.0,6.911055,2.44,False,None,0.0
17,17_scenario_9,A red Hatchback is crossing the road (near) and switching lane.,100000.0,7.214167,5.26,False,None,0.0
17,17_scenario_10,A yellow Sedan is overtaking (near) the ego vehicle and switching lane.,100000.0,11.901804,4.220000000000001,False,None,0.0
17,17_scenario_11,A white SchoolBus is driving from the opposite direction (far) and switching lane.,12.943809,10.432659,5.960000000000001,False,None,0.0
17,17_scenario_12,A red SUV is overtaking (near) the ego vehicle and maintaining lane.,100000.0,3.351772,4.16,False,None,0.0
17,17_scenario_13,A pink SUV is driving from the opposite direction (far) and maintaining lane.,100000.0,4.893223,3.62,False,None,0.0
17,17_scenario_14,A white SchoolBus is driving from the opposite direction (far) and switching lane.,100000.0,28.675257,0.72,False,None,0.0
17,17_scenario_15,A yellow SUV is overtaking (near) the ego vehicle and switching lane.,100000.0,4.972435,4.46,False,None,0.0
17,17_scenario_16,A red SUV is driving ahead (far) of the ego vehicle and maintaining lane.,100000.0,35.798782,6.42,False,None,0.0
18,18_scenario_0,A yellow Hatchback is driving ahead (near) of the ego vehicle and maintaining lane.,2.015486,8.558334,2.12,False,None,0.0
18,18_scenario_1,A black Jeep is overtaking (far) the ego vehicle and maintaining lane.,16.309072,9.523787,11.84,False,None,0.0
18,18_scenario_2,A red BoxTruck is driving from the opposite direction (near) and maintaining lane.,6.71502,7.753162,0.4599999999999999,False,None,0.0
18,18_scenario_3,A red SUV is driving ahead (near) of the ego vehicle and switching lane.,100000.0,6.48996,11.1,False,None,0.0
18,18_scenario_4,A skyblue Jeep is driving from the opposite direction (far) and maintaining lane.,3.289855,3.955813,2.92,False,None,0.0
18,18_scenario_5,A yellow BoxTruck is overtaking (far) the ego vehicle and maintaining lane.,35.434583,6.358049,0.7799999999999999,False,None,0.0
18,18_scenario_6,A black Sedan is driving ahead (far) of the ego vehicle and maintaining lane.,31.105486,13.609855,15.2,False,None,0.0
18,18_scenario_7,A black Sedan is driving ahead (far) of the ego vehicle and maintaining lane.,26.949588,4.00772,12.3,False,None,0.0
18,18_scenario_8,A yellow Sedan is overtaking (far) the ego vehicle and maintaining lane.,6.83249,4.197765,4.34,False,None,0.0
18,18_scenario_9,A yellow SUV is overtaking (near) the ego vehicle and switching lane.,100000.0,10.8628,4.14,False,None,0.0
18,18_scenario_10,A pink Jeep is driving ahead (far) of the ego vehicle and maintaining lane.,100000.0,9.693745,6.34,False,None,0.0
18,18_scenario_11,A black Jeep is overtaking (near) the ego vehicle and maintaining lane.,100000.0,3.076662,9.36,False,None,0.0
18,18_scenario_12,A black Jeep is driving ahead (near) of the ego vehicle and switching lane.,100000.0,4.299438,6.34,False,None,0.0
18,18_scenario_13,A yellow Hatchback is driving ahead (near) of the ego vehicle and maintaining lane.,100000.0,16.818804,0.0,False,None,0.0
18,18_scenario_14,A skyblue Jeep is overtaking (far) the ego vehicle and switching lane.,100000.0,6.274489,0.8599999999999999,False,None,0.0
18,18_scenario_15,A yellow Sedan is overtaking (near) the ego vehicle and switching lane.,100000.0,4.391589,1.7200000000000002,False,None,0.0
18,18_scenario_16,A red BoxTruck is overtaking (near) the ego vehicle and maintaining lane.,100000.0,9.196018,5.64,False,None,0.0
19,19_scenario_0,A skyblue Hatchback is driving ahead (far) of the ego vehicle and maintaining lane.,100000.0,50.341844,2.6,False,None,0.0
19,19_scenario_1,A black SUV is crossing the road (near) and switching lane.,0.996646,7.081913,5.94,False,None,0.0
19,19_scenario_2,A red SchoolBus is overtaking (far) the ego vehicle and switching lane.,0.960543,14.462579,0.28,False,None,0.0
19,19_scenario_3,A black Sedan is driving ahead (near) of the ego vehicle and maintaining lane.,1.701296,5.812827,0.64,False,None,0.0
19,19_scenario_4,A yellow Hatchback is overtaking (near) the ego vehicle and maintaining lane.,100000.0,9.753367,5.680000000000001,False,None,0.0
19,19_scenario_5,A pink Jeep is driving ahead (far) of the ego vehicle and maintaining lane.,100000.0,6.120973,13.08,False,None,0.0
19,19_scenario_6,A pink Sedan is driving from the opposite direction (near) and maintaining lane.,100000.0,8.832452,6.300000000000001,False,None,0.0
19,19_scenario_7,A yellow SchoolBus is overtaking (far) the ego vehicle and maintaining lane.,100000.0,7.929063,5.92,False,None,0.0
19,19_scenario_8,A white SUV is driving ahead (far) of the ego vehicle and switching lane.,100000.0,9.080196,4.699999999999999,False,None,0.0
19,19_scenario_9,A black SUV is driving from the opposite direction (far) and switching lane.,100000.0,7.654525,10.22,False,None,0.0
19,19_scenario_10,A skyblue Jeep is overtaking (far) the ego vehicle and switching lane.,100000.0,8.756313,7.2,False,None,0.0
19,19_scenario_11,A pink BoxTruck is driving ahead (near) of the ego vehicle and maintaining lane.,100000.0,7.272053,8.72,False,None,0.0
19,19_scenario_12,A white Sedan is driving ahead (far) of the ego vehicle and switching lane.,100000.0,3.861607,9.04,False,None,0.0
19,19_scenario_13,A yellow Hatchback is driving ahead (near) of the ego vehicle and maintaining lane.,100000.0,2.920695,1.34,False,None,0.0
19,19_scenario_14,A red Hatchback is driving from the opposite direction (near) and switching lane.,100000.0,18.690962,1.0,False,None,0.0
19,19_scenario_15,A skyblue BoxTruck is driving ahead (near) of the ego vehicle and switching lane.,100000.0,16.819188,5.2,False,None,0.0
19,19_scenario_16,A red SUV is overtaking (near) the ego vehicle and maintaining lane.,100000.0,4.385575,6.98,False,None,0.0
19,19_scenario_17,A black SchoolBus is overtaking (near) the ego vehicle and maintaining lane.,100000.0,7.501926,6.9,False,None,0.0
