Execution,ScenarioID,Configuration_API_Description,Attribute[TTC],Attribute[DTO],Attribute[Jerk],Attribute[COL],Attribute[COLT],Attribute[SAC]
0,0_scenario_0,A yellow SUV is overtaking (near) the ego vehicle and switching lane.,16.946273,8.892701,6.7,False,None,0.0
0,0_scenario_1,A pedestrian is crossing the road from left to right.,2.158048,5.652919,8.3,False,None,0.0
0,0_scenario_2_pedestrian,A black Sedan is driving ahead (near) of the ego vehicle and maintaining lane.,0.0,1.498383,5.26,True,pedestrian,2.0195683684923376
1,1_scenario_0,A yellow SUV is overtaking (near) the ego vehicle and switching lane.,23.308688,9.112552,4.06,False,None,0.0
1,1_scenario_1,A skyblue Hatchback is driving ahead (far) of the ego vehicle and maintaining lane.,2.069114,5.669755,6.6000000000000005,False,None,0.0
1,1_scenario_2,A yellow Sedan is crossing the road (far) and maintaining lane.,3.168146,3.756648,3.8,False,None,0.0
1,1_scenario_3,A yellow SchoolBus is overtaking (far) the ego vehicle and maintaining lane.,100000.0,35.259945,6.22,False,None,0.0
1,1_scenario_4,A white SUV is driving ahead (far) of the ego vehicle and switching lane.,2.989789,11.960494,6.36,False,None,0.0
1,1_scenario_5,A pink Jeep is driving ahead (far) of the ego vehicle and maintaining lane.,3.054022,12.710599,2.3200000000000003,False,None,0.0
1,1_scenario_6,A yellow Hatchback is overtaking (near) the ego vehicle and maintaining lane.,0.820755,10.761648,5.2,False,None,0.0
1,1_scenario_7,A white SchoolBus is driving ahead (far) of the ego vehicle and maintaining lane.,5.266847,18.118172,1.84,False,None,0.0
1,1_scenario_8,A red SchoolBus is overtaking (far) the ego vehicle and switching lane.,100000.0,37.293932,5.48,False,None,0.0
1,1_scenario_9,A yellow BoxTruck is overtaking (far) the ego vehicle and maintaining lane.,100000.0,40.715398,4.52,False,None,0.0
1,1_scenario_10,A white BoxTruck is driving from the opposite direction (far) and switching lane.,100000.0,17.752438,2.88,False,None,0.0
1,1_scenario_11,A pedestrian is crossing the road from right to left.,100000.0,8.044322,0.62,False,None,0.0
1,1_scenario_12,A yellow SchoolBus is overtaking (far) the ego vehicle and maintaining lane.,100000.0,7.826664,5.86,False,None,0.0
2,2_scenario_0,A yellow Sedan is crossing the road (far) and switching lane.,6.322565,42.067348,3.62,False,None,0.0
2,2_scenario_1,A yellow SchoolBus is overtaking (far) the ego vehicle and maintaining lane.,100000.0,48.086991,2.34,False,None,0.0
2,2_scenario_2,A black Jeep is overtaking (near) the ego vehicle and maintaining lane.,0.836381,8.081649,0.48,False,None,0.0
2,2_scenario_3,A white BoxTruck is overtaking (far) the ego vehicle and switching lane.,0.769648,13.154401,8.3,False,None,0.0
2,2_scenario_4,A yellow BoxTruck is overtaking (far) the ego vehicle and maintaining lane.,4.751761,6.336348,4.199999999999999,False,None,0.0
2,2_scenario_5,A skyblue Hatchback is driving ahead (far) of the ego vehicle and maintaining lane.,1.217754,5.254827,8.26,False,None,0.0
2,2_scenario_6,A white SchoolBus is driving ahead (near) of the ego vehicle and switching lane.,1.135066,10.440799,8.62,False,None,0.0
2,2_scenario_7,A yellow SUV is overtaking (far) the ego vehicle and switching lane.,5.887808,22.64975,4.16,False,None,0.0
2,2_scenario_8,A black Hatchback is overtaking (near) the ego vehicle and switching lane.,100000.0,7.869093,4.52,False,None,0.0
2,2_scenario_9,A pedestrian is crossing the road from right to left.,28.674649,14.454203,3.16,False,None,0.0
2,2_scenario_10,A black Jeep is overtaking (far) the ego vehicle and maintaining lane.,30.007675,4.657037,1.5,False,None,0.0
2,2_scenario_11,A white SchoolBus is crossing the road (far) and switching lane.,100000.0,4.25381,5.28,False,None,0.0
2,2_scenario_12,A yellow Hatchback is crossing the road (near) and maintaining lane.,100000.0,8.848159,5.82,False,None,0.0
2,2_scenario_13,A red SchoolBus is overtaking (far) the ego vehicle and switching lane.,100000.0,8.833175,7.0600000000000005,False,None,0.0
3,3_scenario_0,A red SUV is driving ahead (far) of the ego vehicle and maintaining lane.,100000.0,48.417311,3.78,False,None,0.0
3,3_scenario_1,A skyblue Sedan is overtaking (far) the ego vehicle and switching lane.,3.794309,47.942611,4.74,False,None,0.0
3,3_scenario_2,A black Jeep is overtaking (near) the ego vehicle and maintaining lane.,0.684472,8.266046,0.3799999999999999,False,None,0.0
3,3_scenario_3,A skyblue Sedan is overtaking (far) the ego vehicle and switching lane.,0.805833,12.479401,3.56,False,None,0.0
3,3_scenario_4,A white SchoolBus is crossing the road (far) and switching lane.,2.41789,13.512183,3.7,False,None,0.0
3,3_scenario_5,A yellow SUV is overtaking (near) the ego vehicle and switching lane.,1.4334,15.294899,1.12,False,None,0.0
3,3_scenario_6,A white BoxTruck is overtaking (far) the ego vehicle and switching lane.,1.466538,15.919343,2.02,False,None,0.0
3,3_scenario_7,A white BoxTruck is driving from the opposite direction (far) and switching lane.,100000.0,22.478948,1.98,False,None,0.0
3,3_scenario_8,A yellow Hatchback is crossing the road (near) and maintaining lane.,100000.0,12.493133,4.12,False,None,0.0
3,3_scenario_9,A black SUV is driving ahead (near) of the ego vehicle and maintaining lane.,28.953186,4.365638,3.44,False,None,0.0
3,3_scenario_10,A black Jeep is overtaking (near) the ego vehicle and maintaining lane.,100000.0,12.681378,1.16,False,None,0.0
3,3_scenario_11,A pink SchoolBus is crossing the road (near) and switching lane.,100000.0,12.198189,4.52,False,None,0.0
4,4_scenario_0,A white Sedan is driving ahead (far) of the ego vehicle and switching lane.,100000.0,50.932029,4.48,False,None,0.0
4,4_scenario_1,A white Hatchback is driving ahead (far) of the ego vehicle and switching lane.,3.035958,37.198545,6.38,False,None,0.0
4,4_scenario_2,A black Sedan is driving ahead (far) of the ego vehicle and maintaining lane.,31.533138,4.69045,1.4,False,None,0.0
4,4_scenario_3,A red BoxTruck is overtaking (near) the ego vehicle and maintaining lane.,1.724956,10.992477,11.08,False,None,0.0
4,4_scenario_4,A skyblue Sedan is driving ahead (near) of the ego vehicle and switching lane.,100000.0,12.74226,3.84,False,None,0.0
4,4_scenario_5,A red Hatchback is driving from the opposite direction (near) and switching lane.,1.266182,14.507687,8.3,False,None,0.0
4,4_scenario_6,A skyblue Hatchback is driving ahead (far) of the ego vehicle and maintaining lane.,1.282046,16.993107,5.0,False,None,0.0
4,4_scenario_7,A black SUV is driving ahead (near) of the ego vehicle and maintaining lane.,100000.0,9.675607,5.48,False,None,0.0
4,4_scenario_8,A skyblue SchoolBus is driving ahead (far) of the ego vehicle and switching lane.,23.164265,7.39801,5.24,False,None,0.0
4,4_scenario_9,A yellow Hatchback is driving ahead (near) of the ego vehicle and maintaining lane.,100000.0,4.672233,3.78,False,None,0.0
4,4_scenario_10,A red SUV is crossing the road (near) and maintaining lane.,100000.0,17.934684,0.9000000000000001,False,None,0.0
4,4_scenario_11,A skyblue Sedan is driving ahead (near) of the ego vehicle and switching lane.,100000.0,12.618066,1.26,False,None,0.0
5,5_scenario_0,A black Jeep is driving ahead (near) of the ego vehicle and switching lane.,1.810921,12.956031,6.42,False,None,0.0
5,5_scenario_1,A white SchoolBus is driving ahead (far) of the ego vehicle and maintaining lane.,6.433557,20.160347,5.48,False,None,0.0
5,5_scenario_2,A yellow Hatchback is overtaking (near) the ego vehicle and maintaining lane.,1.270699,3.686085,10.76,False,None,0.0
5,5_scenario_3,A white BoxTruck is driving from the opposite direction (far) and switching lane.,5.265062,10.871248,6.800000000000001,False,None,0.0
5,5_scenario_4,A pink Sedan is driving from the opposite direction (far) and switching lane.,11.26356,10.694727,7.119999999999999,False,None,0.0
5,5_scenario_5,A yellow Sedan is driving from the opposite direction (near) and switching lane.,4.584849,10.18834,4.659999999999999,False,None,0.0
5,5_scenario_6,A white SchoolBus is driving from the opposite direction (far) and switching lane.,3.126407,31.213044,2.6,False,None,0.0
5,5_scenario_7,A yellow Hatchback is overtaking (far) the ego vehicle and switching lane.,1.29286,23.893636,3.62,False,None,0.0
5,5_scenario_8,A pink SchoolBus is crossing the road (near) and switching lane.,100000.0,16.802998,4.82,False,None,0.0
5,5_scenario_9,A pink SchoolBus is driving from the opposite direction (far) and maintaining lane.,100000.0,24.621802,2.16,False,None,0.0
5,5_scenario_10,A skyblue SUV is crossing the road (far) and maintaining lane.,100000.0,39.131269,5.84,False,None,0.0
5,5_scenario_11,A red SchoolBus is overtaking (near) the ego vehicle and switching lane.,22.71914,8.63872,5.18,False,None,0.0
5,5_scenario_12,A skyblue Sedan is driving ahead (near) of the ego vehicle and switching lane.,30.639229,10.540314,1.5,False,None,0.0
5,5_scenario_13,A black SUV is driving ahead (near) of the ego vehicle and maintaining lane.,100000.0,12.576,0.62,False,None,0.0
5,5_scenario_14,A pink SUV is overtaking (far) the ego vehicle and maintaining lane.,100000.0,4.614023,4.32,False,None,0.0
6,6_scenario_0,A yellow SUV is driving from the opposite direction (near) and switching lane.,100000.0,12.243043,3.7,False,None,0.0
6,6_scenario_1,A red BoxTruck is driving ahead (far) of the ego vehicle and switching lane.,17.737324,36.935329,9.2,False,None,0.0
6,6_scenario_2,A red SUV is overtaking (near) the ego vehicle and maintaining lane.,0.741531,7.774468,1.98,False,None,0.0
6,6_scenario_3,A red BoxTruck is driving from the opposite direction (far) and maintaining lane.,0.887479,5.861693,7.0,False,None,0.0
6,6_scenario_4,A white BoxTruck is overtaking (far) the ego vehicle and switching lane.,15.059588,13.337463,3.8,False,None,0.0
6,6_scenario_5,A white Hatchback is overtaking (far) the ego vehicle and maintaining lane.,1.315479,9.560985,6.84,False,None,0.0
6,6_scenario_6,A skyblue BoxTruck is driving ahead (near) of the ego vehicle and switching lane.,1.552894,12.09532,5.02,False,None,0.0
6,6_scenario_7,A pink Sedan is driving from the opposite direction (far) and maintaining lane.,3.906951,17.238172,4.26,False,None,0.0
6,6_scenario_8,A skyblue SchoolBus is driving ahead (far) of the ego vehicle and switching lane.,100000.0,14.959964,4.98,False,None,0.0
6,6_scenario_9,A pink Sedan is driving from the opposite direction (far) and switching lane.,28.852177,4.362637,3.28,False,None,0.0
6,6_scenario_10,A white SchoolBus is driving ahead (far) of the ego vehicle and maintaining lane.,29.679618,8.808698,2.4,False,None,0.0
6,6_scenario_11,A black SUV is driving from the opposite direction (far) and switching lane.,100000.0,8.701078,0.8,False,None,0.0
6,6_scenario_12,A red SchoolBus is overtaking (far) the ego vehicle and switching lane.,100000.0,8.550724,4.38,False,None,0.0
7,7_scenario_0,A skyblue Hatchback is driving from the opposite direction (far) and maintaining lane.,100000.0,7.698832,2.4200000000000004,False,None,0.0
7,7_scenario_1,A white SchoolBus is driving ahead (far) of the ego vehicle and maintaining lane.,10.360725,27.492347,4.1000000000000005,False,None,0.0
7,7_scenario_2,A pink SUV is crossing the road (far) and switching lane.,2.056976,34.128542,2.62,False,None,0.0
7,7_scenario_3,A pink Sedan is driving from the opposite direction (far) and maintaining lane.,1.281465,4.516993,3.86,False,None,0.0
7,7_scenario_4,A skyblue SUV is crossing the road (far) and maintaining lane.,2.405869,9.103122,0.92,False,None,0.0
7,7_scenario_5,A black Jeep is overtaking (far) the ego vehicle and maintaining lane.,7.262646,22.714525,5.4,False,None,0.0
7,7_scenario_6,A black Jeep is driving ahead (far) of the ego vehicle and switching lane.,100000.0,23.837443,5.98,False,None,0.0
7,7_scenario_7,A red BoxTruck is overtaking (near) the ego vehicle and maintaining lane.,2.50417,24.196782,4.14,False,None,0.0
7,7_scenario_8,A white BoxTruck is overtaking (far) the ego vehicle and switching lane.,100000.0,33.743634,5.68,False,None,0.0
7,7_scenario_9,A black Sedan is driving ahead (near) of the ego vehicle and maintaining lane.,20.630468,10.865571,8.32,False,None,0.0
7,7_scenario_10,A red BoxTruck is overtaking (near) the ego vehicle and maintaining lane.,100000.0,4.666756,0.82,False,None,0.0
7,7_scenario_11,A pink Jeep is driving ahead (far) of the ego vehicle and maintaining lane.,100000.0,30.724524,0.92,False,None,0.0
7,7_scenario_12,A pedestrian is crossing the road from right to left.,100000.0,29.294231,5.24,False,None,0.0
8,8_scenario_0,A black SchoolBus is overtaking (near) the ego vehicle and maintaining lane.,100000.0,3.537104,4.0,False,None,0.0
8,8_scenario_1,A white SUV is driving ahead (far) of the ego vehicle and switching lane.,100000.0,9.571516,11.2,False,None,0.0
8,8_scenario_2,A white BoxTruck is overtaking (near) the ego vehicle and switching lane.,4.982002,11.801884,6.1800000000000015,False,None,0.0
8,8_scenario_3,A white BoxTruck is driving from the opposite direction (far) and switching lane.,100000.0,3.764458,5.64,False,None,0.0
8,8_scenario_4,A red SUV is driving ahead (far) of the ego vehicle and maintaining lane.,4.187567,19.558606,6.58,False,None,0.0
8,8_scenario_5,A skyblue Hatchback is driving ahead (far) of the ego vehicle and maintaining lane.,3.357012,18.815834,5.76,False,None,0.0
8,8_scenario_6,A yellow SchoolBus is overtaking (far) the ego vehicle and maintaining lane.,1.350276,20.435398,4.640000000000001,False,None,0.0
8,8_scenario_7,A black Jeep is driving ahead (far) of the ego vehicle and switching lane.,1.531298,24.087218,4.08,False,None,0.0
8,8_scenario_8,A yellow BoxTruck is overtaking (far) the ego vehicle and maintaining lane.,100000.0,28.14466,3.86,False,None,0.0
8,8_scenario_9,A pink Jeep is driving ahead (far) of the ego vehicle and maintaining lane.,13.448542,41.755366,4.94,False,None,0.0
8,8_scenario_10,A pink Sedan is driving from the opposite direction (far) and maintaining lane.,100000.0,50.909035,2.76,False,None,0.0
8,8_scenario_11,A white SUV is driving ahead (far) of the ego vehicle and switching lane.,100000.0,49.769986,2.36,False,None,0.0
8,8_scenario_12,A black Sedan is driving ahead (near) of the ego vehicle and maintaining lane.,100000.0,11.933159,5.54,False,None,0.0
8,8_scenario_13,A white Jeep is driving ahead (near) of the ego vehicle and maintaining lane.,100000.0,13.089695,5.82,False,None,0.0
9,9_scenario_0,A white BoxTruck is overtaking (near) the ego vehicle and switching lane.,5.721437,12.139279,3.84,False,None,0.0
9,9_scenario_1,A red BoxTruck is driving ahead (far) of the ego vehicle and switching lane.,100000.0,10.399606,5.88,False,None,0.0
9,9_scenario_2,A yellow Sedan is crossing the road (far) and maintaining lane.,14.984626,3.093983,4.96,False,None,0.0
9,9_scenario_3,A black SchoolBus is overtaking (near) the ego vehicle and maintaining lane.,25.029483,18.236796,5.64,False,None,0.0
9,9_scenario_4,A yellow BoxTruck is overtaking (far) the ego vehicle and maintaining lane.,100000.0,33.515767,4.9,False,None,0.0
9,9_scenario_5,A skyblue Sedan is overtaking (far) the ego vehicle and switching lane.,100000.0,47.894402,6.34,False,None,0.0
9,9_scenario_6,A red BoxTruck is driving from the opposite direction (far) and maintaining lane.,4.401804,46.52752,3.8,False,None,0.0
9,9_scenario_7,A white Jeep is driving ahead (near) of the ego vehicle and maintaining lane.,5.777145,5.014362,6.6,False,None,0.0
9,9_scenario_8,A white Jeep is driving ahead (near) of the ego vehicle and maintaining lane.,13.733576,7.027458,4.22,False,None,0.0
9,9_scenario_9,A black Jeep is overtaking (far) the ego vehicle and maintaining lane.,22.884521,17.905763,3.92,False,None,0.0
9,9_scenario_10,A black Sedan is driving ahead (far) of the ego vehicle and maintaining lane.,100000.0,39.435672,2.48,False,None,0.0
9,9_scenario_11,A yellow SUV is overtaking (far) the ego vehicle and switching lane.,71.094653,5.260205,1.5400000000000005,False,None,0.0
9,9_scenario_12,A white Hatchback is driving ahead (far) of the ego vehicle and switching lane.,100000.0,9.321788,4.82,False,None,0.0
9,9_scenario_13,A black Sedan is driving ahead (near) of the ego vehicle and maintaining lane.,100000.0,12.612239,7.12,False,None,0.0
10,10_scenario_0,A red BoxTruck is overtaking (near) the ego vehicle and maintaining lane.,100000.0,3.226406,6.08,False,None,0.0
10,10_scenario_1,A red BoxTruck is driving ahead (far) of the ego vehicle and maintaining lane.,100000.0,10.018109,6.319999999999999,False,None,0.0
10,10_scenario_2,A white SchoolBus is driving ahead (far) of the ego vehicle and maintaining lane.,4.395084,40.220695,5.88,False,None,0.0
10,10_scenario_3,A black SchoolBus is crossing the road (far) and maintaining lane.,100000.0,36.402746,5.6,False,None,0.0
10,10_scenario_4,A skyblue Hatchback is driving ahead (far) of the ego vehicle and maintaining lane.,2.973193,5.322797,4.68,False,None,0.0
10,10_scenario_5,A black SchoolBus is overtaking (near) the ego vehicle and maintaining lane.,3.322015,4.855187,5.04,False,None,0.0
10,10_scenario_6,A red Hatchback is crossing the road (far) and switching lane.,3.617072,10.016711,7.9,False,None,0.0
10,10_scenario_7,A yellow SchoolBus is overtaking (far) the ego vehicle and maintaining lane.,1.719135,36.982518,7.54,False,None,0.0
10,10_scenario_8,A black SchoolBus is crossing the road (far) and maintaining lane.,2.475004,36.072711,4.24,False,None,0.0
10,10_scenario_9,A black Jeep is driving ahead (near) of the ego vehicle and switching lane.,100000.0,8.893676,3.94,False,None,0.0
10,10_scenario_10,A black SUV is driving from the opposite direction (far) and switching lane.,18.557959,13.10873,2.72,False,None,0.0
10,10_scenario_11,A white SchoolBus is crossing the road (far) and switching lane.,100000.0,11.385264,2.48,False,None,0.0
10,10_scenario_12,A white Hatchback is driving ahead (far) of the ego vehicle and switching lane.,100000.0,11.292478,0.8800000000000001,False,None,0.0
10,10_scenario_13,A black Sedan is driving ahead (near) of the ego vehicle and maintaining lane.,100000.0,11.078551,6.0,False,None,0.0
11,11_scenario_0,A white Sedan is driving ahead (far) of the ego vehicle and switching lane.,100000.0,50.904167,1.54,False,None,0.0
11,11_scenario_1,A yellow Hatchback is crossing the road (near) and maintaining lane.,100000.0,11.915401,9.0,False,None,0.0
11,11_scenario_2,A skyblue SchoolBus is driving ahead (far) of the ego vehicle and switching lane.,100000.0,40.741529,0.6,False,None,0.0
11,11_scenario_3,A yellow SUV is overtaking (near) the ego vehicle and switching lane.,0.697163,4.222929,9.52,False,None,0.0
11,11_scenario_4,A yellow Hatchback is overtaking (near) the ego vehicle and maintaining lane.,1.300185,6.147756,3.64,False,None,0.0
11,11_scenario_5,A white Jeep is driving ahead (near) of the ego vehicle and maintaining lane.,2.964862,12.98206,11.02,False,None,0.0
11,11_scenario_6,A red SchoolBus is overtaking (far) the ego vehicle and switching lane.,100000.0,19.858268,1.84,False,None,0.0
11,11_scenario_7,A pink Jeep is driving ahead (far) of the ego vehicle and maintaining lane.,9.843916,20.994073,7.7,False,None,0.0
11,11_scenario_8,A white Jeep is driving ahead (near) of the ego vehicle and maintaining lane.,27.925851,4.364904,3.3600000000000003,False,None,0.0
11,11_scenario_9,A red BoxTruck is overtaking (near) the ego vehicle and maintaining lane.,100000.0,7.960627,0.82,False,None,0.0
11,11_scenario_10,A black Sedan is driving ahead (far) of the ego vehicle and maintaining lane.,100000.0,11.080981,4.82,False,None,0.0
12,12_scenario_0,A white SUV is driving ahead (far) of the ego vehicle and switching lane.,100000.0,51.171908,4.96,False,None,0.0
12,12_scenario_1,A red SchoolBus is overtaking (near) the ego vehicle and switching lane.,1.847479,13.258862,2.52,False,None,0.0
12,12_scenario_2,A red Hatchback is crossing the road (far) and switching lane.,5.962622,3.642245,3.06,False,None,0.0
12,12_scenario_3,A black SUV is driving from the opposite direction (far) and switching lane.,103.00276,10.271669,5.8,False,None,0.0
12,12_scenario_4,A pink SchoolBus is driving from the opposite direction (far) and maintaining lane.,5.308599,20.920139,9.46,False,None,0.0
12,12_scenario_5,A black SUV is crossing the road (near) and switching lane.,14.738275,20.318552,9.8,False,None,0.0
12,12_scenario_6,A white BoxTruck is overtaking (near) the ego vehicle and switching lane.,100000.0,41.815505,0.6599999999999999,False,None,0.0
12,12_scenario_7,A red SchoolBus is overtaking (far) the ego vehicle and switching lane.,8.283826,36.240486,4.899999999999999,False,None,0.0
12,12_scenario_8,A yellow Hatchback is overtaking (near) the ego vehicle and maintaining lane.,100000.0,6.185107,3.44,False,None,0.0
12,12_scenario_9,A red BoxTruck is overtaking (near) the ego vehicle and maintaining lane.,100000.0,3.14984,0.58,False,None,0.0
12,12_scenario_10,A black Jeep is driving ahead (near) of the ego vehicle and switching lane.,100000.0,8.126947,4.92,False,None,0.0
13,13_scenario_0,A yellow BoxTruck is overtaking (far) the ego vehicle and maintaining lane.,11.027429,56.663858,5.0,False,None,0.0
13,13_scenario_1,A black Jeep is overtaking (near) the ego vehicle and maintaining lane.,1.084235,6.194543,1.34,False,None,0.0
13,13_scenario_2,A skyblue Hatchback is driving from the opposite direction (far) and maintaining lane.,1.376723,6.765289,0.3400000000000001,False,None,0.0
13,13_scenario_3,A yellow Hatchback is overtaking (far) the ego vehicle and switching lane.,6.466249,8.472915,10.02,False,None,0.0
13,13_scenario_4,A yellow BoxTruck is overtaking (far) the ego vehicle and maintaining lane.,0.876,3.502083,5.76,False,None,0.0
13,13_scenario_5,A yellow BoxTruck is overtaking (far) the ego vehicle and maintaining lane.,0.839115,9.378302,6.800000000000001,False,None,0.0
13,13_scenario_6,A skyblue Sedan is overtaking (far) the ego vehicle and switching lane.,5.497568,15.74481,2.78,False,None,0.0
13,13_scenario_7,A pedestrian is crossing the road from right to left.,100000.0,14.061716,4.84,False,None,0.0
13,13_scenario_8,A white SchoolBus is crossing the road (far) and switching lane.,100000.0,5.034792,8.6,False,None,0.0
13,13_scenario_9,A black Jeep is overtaking (near) the ego vehicle and maintaining lane.,44.976356,6.620705,7.0,False,None,0.0
13,13_scenario_10,A pink SchoolBus is driving from the opposite direction (far) and maintaining lane.,100000.0,2.264556,2.36,False,None,0.0
13,13_scenario_11,A red Sedan is overtaking (near) the ego vehicle and maintaining lane.,100000.0,2.516433,0.8999999999999999,False,None,0.0
13,13_scenario_12,A white Jeep is driving ahead (near) of the ego vehicle and maintaining lane.,100000.0,5.234091,6.42,False,None,0.0
13,13_scenario_13,A pink SchoolBus is crossing the road (near) and switching lane.,100000.0,7.412766,5.9,False,None,0.0
14,14_scenario_0,A red Sedan is overtaking (near) the ego vehicle and maintaining lane.,100000.0,4.081114,6.0,False,None,0.0
14,14_scenario_1,A red BoxTruck is driving ahead (far) of the ego vehicle and maintaining lane.,100000.0,21.350517,3.02,False,None,0.0
14,14_scenario_2,A yellow SUV is driving from the opposite direction (near) and switching lane.,100000.0,11.11246,3.82,False,None,0.0
14,14_scenario_3,A black Sedan is driving ahead (far) of the ego vehicle and maintaining lane.,100000.0,38.090306,12.16,False,None,0.0
14,14_scenario_4,A white SchoolBus is driving from the opposite direction (far) and switching lane.,2.957634,38.023114,2.9000000000000004,False,None,0.0
14,14_scenario_5,A white BoxTruck is overtaking (near) the ego vehicle and switching lane.,4.200758,6.332073,6.5,False,None,0.0
14,14_scenario_6,A white BoxTruck is driving from the opposite direction (far) and switching lane.,3.126191,3.229815,4.380000000000001,False,None,0.0
14,14_scenario_7,A white SchoolBus is driving ahead (far) of the ego vehicle and maintaining lane.,3.163539,16.457049,6.0600000000000005,False,None,0.0
14,14_scenario_8,A black SchoolBus is overtaking (near) the ego vehicle and maintaining lane.,1.191365,10.207444,2.38,False,None,0.0
14,14_scenario_9,A red BoxTruck is overtaking (near) the ego vehicle and maintaining lane.,9.355487,29.361442,3.3600000000000003,False,None,0.0
14,14_scenario_10,A pink Jeep is driving ahead (far) of the ego vehicle and maintaining lane.,100000.0,45.87758,4.279999999999999,False,None,0.0
14,14_scenario_11,A yellow BoxTruck is overtaking (far) the ego vehicle and maintaining lane.,100000.0,3.655377,4.08,False,None,0.0
14,14_scenario_12,A black Jeep is driving ahead (near) of the ego vehicle and switching lane.,100000.0,4.716256,2.28,False,None,0.0
14,14_scenario_13,A pink BoxTruck is driving ahead (near) of the ego vehicle and maintaining lane.,100000.0,22.35202,4.92,False,None,0.0
15,15_scenario_0,A pink SchoolBus is driving from the opposite direction (far) and maintaining lane.,100000.0,8.113331,4.16,False,None,0.0
15,15_scenario_1,A red SUV is driving ahead (near) of the ego vehicle and switching lane.,1.494015,8.689637,12.48,False,None,0.0
15,15_scenario_2,A skyblue Jeep is overtaking (far) the ego vehicle and switching lane.,2.259587,3.449021,2.22,False,None,0.0
15,15_scenario_3,A black Jeep is driving ahead (far) of the ego vehicle and switching lane.,45.255504,10.808554,3.68,False,None,0.0
15,15_scenario_4,A white Jeep is driving ahead (near) of the ego vehicle and maintaining lane.,59.304506,11.765948,5.58,False,None,0.0
15,15_scenario_5,A black Jeep is driving ahead (far) of the ego vehicle and switching lane.,6.048018,14.133648,5.5,False,None,0.0
15,15_scenario_6,A skyblue SchoolBus is driving ahead (far) of the ego vehicle and switching lane.,100000.0,22.980435,4.38,False,None,0.0
15,15_scenario_7,A skyblue BoxTruck is driving ahead (near) of the ego vehicle and switching lane.,1.010486,12.18685,9.3,False,None,0.0
15,15_scenario_8,A red BoxTruck is driving ahead (far) of the ego vehicle and maintaining lane.,6.789286,13.107989,1.9,False,None,0.0
15,15_scenario_9,A skyblue Hatchback is driving ahead (far) of the ego vehicle and maintaining lane.,13.592138,8.486154,4.3,False,None,0.0
15,15_scenario_10,A red SUV is driving ahead (far) of the ego vehicle and maintaining lane.,29.58607,14.347389,3.06,False,None,0.0
15,15_scenario_11,A black Hatchback is overtaking (near) the ego vehicle and switching lane.,100000.0,6.591671,1.2999999999999998,False,None,0.0
15,15_scenario_12,A white BoxTruck is driving from the opposite direction (far) and switching lane.,100000.0,40.433989,4.6,False,None,0.0
16,16_scenario_0,A white SchoolBus is driving ahead (near) of the ego vehicle and switching lane.,100000.0,15.936374,3.3399999999999994,False,None,0.0
16,16_scenario_1,A yellow Sedan is driving from the opposite direction (near) and switching lane.,100000.0,10.24443,1.8200000000000005,False,None,0.0
16,16_scenario_2,A pink SUV is overtaking (far) the ego vehicle and maintaining lane.,100000.0,30.344975,0.7200000000000001,False,None,0.0
16,16_scenario_3,A red Jeep is overtaking (near) the ego vehicle and switching lane.,49.437009,3.634586,11.88,False,None,0.0
16,16_scenario_4,A yellow Sedan is overtaking (far) the ego vehicle and maintaining lane.,4.247252,14.456219,3.62,False,None,0.0
16,16_scenario_5,A red Jeep is overtaking (near) the ego vehicle and switching lane.,0.918696,11.602089,11.7,False,None,0.0
16,16_scenario_6,A skyblue Sedan is overtaking (far) the ego vehicle and switching lane.,100000.0,15.158006,4.94,False,None,0.0
16,16_scenario_7,A white SUV is driving ahead (far) of the ego vehicle and switching lane.,10.504613,39.35444,5.32,False,None,0.0
16,16_scenario_8,A red SUV is overtaking (near) the ego vehicle and maintaining lane.,100000.0,3.433918,4.699999999999999,False,None,0.0
16,16_scenario_9,A skyblue BoxTruck is driving ahead (near) of the ego vehicle and switching lane.,100000.0,9.044205,3.24,False,None,0.0
16,16_scenario_10,A white BoxTruck is overtaking (near) the ego vehicle and switching lane.,100000.0,6.883217,0.96,False,None,0.0
16,16_scenario_11,A white Hatchback is overtaking (far) the ego vehicle and maintaining lane.,100000.0,4.395929,4.66,False,None,0.0
16,16_scenario_12,A red BoxTruck is driving ahead (far) of the ego vehicle and switching lane.,100000.0,8.767997,4.7,False,None,0.0
17,17_scenario_0,A pink SUV is driving from the opposite direction (far) and maintaining lane.,100000.0,7.725474,3.1,False,None,0.0
17,17_scenario_1,A red SUV is driving ahead (near) of the ego vehicle and switching lane.,3.61557,8.689015,9.8,False,None,0.0
17,17_scenario_2,A white BoxTruck is overtaking (near) the ego vehicle and switching lane.,7.093238,6.946121,0.4399999999999999,False,None,0.0
17,17_scenario_3,A yellow SUV is overtaking (far) the ego vehicle and switching lane.,39.414302,7.064171,11.12,False,None,0.0
17,17_scenario_4,A pink SUV is overtaking (far) the ego vehicle and maintaining lane.,1.091332,5.003293,3.38,False,None,0.0
17,17_scenario_5,A white Hatchback is driving ahead (far) of the ego vehicle and switching lane.,1.81791,5.181917,10.12,False,None,0.0
17,17_scenario_6,A yellow BoxTruck is overtaking (far) the ego vehicle and maintaining lane.,1.897307,16.013239,1.8000000000000005,False,None,0.0
17,17_scenario_7,A black SchoolBus is overtaking (near) the ego vehicle and maintaining lane.,8.352834,18.178015,5.239999999999999,False,None,0.0
17,17_scenario_8,A red SchoolBus is overtaking (far) the ego vehicle and switching lane.,100000.0,8.29373,5.26,False,None,0.0
17,17_scenario_9,A white BoxTruck is overtaking (far) the ego vehicle and switching lane.,100000.0,3.664304,3.4599999999999995,False,None,0.0
17,17_scenario_10,A white Jeep is driving ahead (near) of the ego vehicle and maintaining lane.,100000.0,9.633578,1.7600000000000002,False,None,0.0
17,17_scenario_11,A pink SUV is crossing the road (far) and switching lane.,100000.0,9.156961,6.54,False,None,0.0
18,18_scenario_0,A skyblue Sedan is overtaking (far) the ego vehicle and switching lane.,2.153377,41.93277,4.8,False,None,0.0
18,18_scenario_1,A black Sedan is driving ahead (near) of the ego vehicle and maintaining lane.,2.106846,8.452346,7.819999999999999,False,None,0.0
18,18_scenario_2,A yellow SchoolBus is overtaking (far) the ego vehicle and maintaining lane.,4.574843,9.191907,1.96,False,None,0.0
18,18_scenario_3,A black Hatchback is overtaking (near) the ego vehicle and switching lane.,100000.0,3.552945,2.3000000000000003,False,None,0.0
18,18_scenario_4,A white BoxTruck is overtaking (near) the ego vehicle and switching lane.,83.724564,4.047567,7.56,False,None,0.0
18,18_scenario_5,A white SchoolBus is driving ahead (far) of the ego vehicle and maintaining lane.,5.494721,12.696559,3.64,False,None,0.0
18,18_scenario_6,A white SchoolBus is driving ahead (near) of the ego vehicle and switching lane.,1.062698,12.096083,10.02,False,None,0.0
18,18_scenario_7,A black Sedan is driving ahead (near) of the ego vehicle and maintaining lane.,1.692783,7.338475,6.0,False,None,0.0
18,18_scenario_8,A white SUV is driving ahead (far) of the ego vehicle and switching lane.,14.964436,8.198556,2.8,False,None,0.0
18,18_scenario_9,A white SUV is driving ahead (far) of the ego vehicle and switching lane.,11.36189,14.970695,5.699999999999999,False,None,0.0
18,18_scenario_10,A skyblue Jeep is overtaking (far) the ego vehicle and switching lane.,100000.0,6.20825,3.18,False,None,0.0
18,18_scenario_11,A pink SUV is crossing the road (far) and switching lane.,100000.0,3.803233,1.2,False,None,0.0
18,18_scenario_12,A pink Sedan is driving from the opposite direction (near) and maintaining lane.,100000.0,22.079587,0.5,False,None,0.0
18,18_scenario_13,A pink Jeep is driving ahead (far) of the ego vehicle and maintaining lane.,100000.0,50.308457,4.28,False,None,0.0
19,19_scenario_0,A black Jeep is driving ahead (far) of the ego vehicle and switching lane.,100000.0,50.836754,4.1,False,None,0.0
19,19_scenario_1,A yellow BoxTruck is overtaking (far) the ego vehicle and maintaining lane.,100000.0,59.416128,8.74,False,None,0.0
19,19_scenario_2,A red SUV is overtaking (near) the ego vehicle and maintaining lane.,40.012793,18.828109,0.3600000000000001,False,None,0.0
19,19_scenario_3,A yellow BoxTruck is overtaking (far) the ego vehicle and maintaining lane.,325.351243,33.126541,5.54,False,None,0.0
19,19_scenario_4,A red SUV is overtaking (near) the ego vehicle and maintaining lane.,3.763272,15.49715,6.94,False,None,0.0
19,19_scenario_5,A pink Hatchback is driving ahead (near) of the ego vehicle and switching lane.,1.325809,15.185717,11.22,False,None,0.0
19,19_scenario_6,A skyblue BoxTruck is driving ahead (near) of the ego vehicle and switching lane.,1.364916,15.055258,2.04,False,None,0.0
19,19_scenario_7,A black Hatchback is overtaking (near) the ego vehicle and switching lane.,100000.0,16.361616,4.72,False,None,0.0
19,19_scenario_8,A red SUV is driving ahead (far) of the ego vehicle and maintaining lane.,23.008193,12.157953,4.9,False,None,0.0
19,19_scenario_9,A yellow SUV is overtaking (near) the ego vehicle and switching lane.,28.392997,11.928971,3.94,False,None,0.0
19,19_scenario_10,A yellow SUV is overtaking (far) the ego vehicle and switching lane.,100000.0,11.762782,0.78,False,None,0.0
19,19_scenario_11,A red BoxTruck is overtaking (near) the ego vehicle and maintaining lane.,94.796738,5.050349,7.04,False,None,0.0
