Execution,ScenarioID,Configuration_API_Description,Attribute[TTC],Attribute[DTO],Attribute[Jerk],Attribute[COL],Attribute[COLT],Attribute[SAC]
0,0_scenario_0,A black Jeep is driving ahead (far) of the ego vehicle and switching lane.,100000.0,50.686671,5.12,False,None,0.0
0,0_scenario_1,A black Hatchback is overtaking (near) the ego vehicle and switching lane.,3.34028,4.735239,4.5200000000000005,False,None,0.0
0,0_scenario_2,A pink Jeep is driving ahead (far) of the ego vehicle and maintaining lane.,100000.0,2.909711,0.6599999999999999,False,None,0.0
0,0_scenario_3,A yellow SUV is overtaking (far) the ego vehicle and switching lane.,100000.0,12.125599,14.56,False,None,0.0
0,0_scenario_4,A white SUV is driving ahead (far) of the ego vehicle and switching lane.,1.534186,18.441925,4.72,False,None,0.0
0,0_scenario_5,A pink Jeep is driving ahead (far) of the ego vehicle and maintaining lane.,0.883478,11.531615,9.78,False,None,0.0
0,0_scenario_6,A yellow SUV is overtaking (near) the ego vehicle and switching lane.,1.359106,12.200755,4.28,False,None,0.0
0,0_scenario_7,A pink SUV is overtaking (far) the ego vehicle and maintaining lane.,100000.0,37.095621,4.62,False,None,0.0
0,0_scenario_8,A pink SchoolBus is crossing the road (near) and switching lane.,1.71956,15.20546,4.9,False,None,0.0
0,0_scenario_9,A skyblue SUV is crossing the road (far) and maintaining lane.,2.866367,22.39568,3.58,False,None,0.0
0,0_scenario_10,A red BoxTruck is overtaking (near) the ego vehicle and maintaining lane.,10.50771,4.499052,2.42,False,None,0.0
0,0_scenario_11,A red SUV is driving ahead (far) of the ego vehicle and maintaining lane.,1.263629,8.18999,0.7000000000000001,False,None,0.0
0,0_scenario_12,A skyblue Sedan is driving ahead (near) of the ego vehicle and switching lane.,2.405867,12.838423,4.96,False,None,0.0
1,1_scenario_0,A white SUV is driving ahead (far) of the ego vehicle and switching lane.,100000.0,50.871666,2.4800000000000004,False,None,0.0
1,1_scenario_1,A black SchoolBus is overtaking (near) the ego vehicle and maintaining lane.,1.891934,9.156397,2.22,False,None,0.0
1,1_scenario_2,A skyblue SUV is crossing the road (far) and maintaining lane.,2.480555,10.040647,0.5599999999999999,False,None,0.0
1,1_scenario_3,A red SchoolBus is driving from the opposite direction (near) and maintaining lane.,5.590935,8.153065,2.88,False,None,0.0
1,1_scenario_4,A pink Hatchback is crossing the road (far) and maintaining lane.,6.484449,11.078969,3.68,False,None,0.0
1,1_scenario_5,A yellow SUV is overtaking (far) the ego vehicle and switching lane.,0.857365,10.522825,8.36,False,None,0.0
1,1_scenario_6,A skyblue Sedan is overtaking (far) the ego vehicle and switching lane.,8.07103,13.018229,2.4599999999999995,False,None,0.0
1,1_scenario_7,A red BoxTruck is driving ahead (far) of the ego vehicle and maintaining lane.,7.504993,4.484193,5.5,False,None,0.0
1,1_scenario_8,A skyblue Jeep is overtaking (far) the ego vehicle and switching lane.,2.01775,6.095621,3.62,False,None,0.0
1,1_scenario_9,A pedestrian is crossing the road from right to left.,3.189482,4.16503,2.5,False,None,0.0
1,1_scenario_10,A red SchoolBus is overtaking (near) the ego vehicle and switching lane.,1.918711,6.756879,0.8599999999999999,False,None,0.0
1,1_scenario_11,A yellow Hatchback is driving ahead (near) of the ego vehicle and maintaining lane.,2.039439,19.063942,6.92,False,None,0.0
2,2_scenario_0,A red SchoolBus is overtaking (far) the ego vehicle and switching lane.,2.187748,43.278115,3.08,False,None,0.0
2,2_scenario_1,A black Sedan is driving ahead (far) of the ego vehicle and maintaining lane.,2.121264,35.230538,3.06,False,None,0.0
2,2_scenario_2,A black SUV is driving from the opposite direction (far) and switching lane.,100000.0,9.80667,6.359999999999999,False,None,0.0
2,2_scenario_3,A skyblue SUV is crossing the road (far) and maintaining lane.,2.802555,10.425162,4.72,False,None,0.0
2,2_scenario_4,A pink BoxTruck is crossing the road (near) and switching lane.,3.304321,3.08765,5.66,False,None,0.0
2,2_scenario_5,A black Sedan is driving ahead (far) of the ego vehicle and maintaining lane.,3.266938,9.045812,3.78,False,None,0.0
2,2_scenario_6,A skyblue Jeep is overtaking (far) the ego vehicle and switching lane.,2.702297,20.219111,10.760000000000002,False,None,0.0
2,2_scenario_7,A black Jeep is driving ahead (far) of the ego vehicle and switching lane.,8.198705,19.392601,6.84,False,None,0.0
2,2_scenario_8,A skyblue Jeep is overtaking (far) the ego vehicle and switching lane.,9.325029,33.453845,4.24,False,None,0.0
2,2_scenario_9,A black Jeep is driving ahead (near) of the ego vehicle and switching lane.,2.357421,10.363662,4.7,False,None,0.0
2,2_scenario_10,A yellow Sedan is driving from the opposite direction (near) and switching lane.,3.366381,18.335722,2.34,False,None,0.0
2,2_scenario_11,A white SchoolBus is crossing the road (far) and switching lane.,6.025006,9.673306,1.02,False,None,0.0
2,2_scenario_12,A black Jeep is overtaking (near) the ego vehicle and maintaining lane.,8.143725,9.401815,2.22,False,None,0.0
2,2_scenario_13,A red SchoolBus is overtaking (far) the ego vehicle and switching lane.,1.924799,8.71291,5.6,False,None,0.0
2,2_scenario_14,A yellow SUV is overtaking (far) the ego vehicle and switching lane.,11.565076,8.6036,7.0600000000000005,False,None,0.0
3,3_scenario_0,A white SchoolBus is crossing the road (far) and switching lane.,6.483883,43.180833,4.28,False,None,0.0
3,3_scenario_1,A white Jeep is crossing the road (far) and maintaining lane.,100000.0,50.713374,5.959999999999999,False,None,0.0
3,3_scenario_2,A yellow Hatchback is overtaking (near) the ego vehicle and maintaining lane.,0.582899,6.24557,0.2999999999999998,False,None,0.0
3,3_scenario_3,A white SUV is driving ahead (far) of the ego vehicle and switching lane.,100000.0,7.771588,0.3999999999999999,False,None,0.0
3,3_scenario_4,A red SUV is overtaking (near) the ego vehicle and maintaining lane.,3.27157,10.165628,11.72,False,None,0.0
3,3_scenario_5,A yellow SchoolBus is overtaking (far) the ego vehicle and maintaining lane.,0.88898,10.699745,10.44,False,None,0.0
3,3_scenario_6,A black Jeep is overtaking (far) the ego vehicle and maintaining lane.,2.858689,13.052698,3.04,False,None,0.0
3,3_scenario_7,A pink Hatchback is driving ahead (near) of the ego vehicle and switching lane.,2.584315,9.131881,3.88,False,None,0.0
3,3_scenario_8,A pedestrian is crossing the road from right to left.,2.905916,8.548938,3.72,False,None,0.0
3,3_scenario_9,A black Jeep is driving ahead (far) of the ego vehicle and switching lane.,1.044462,3.787461,1.42,False,None,0.0
3,3_scenario_10,A white BoxTruck is driving from the opposite direction (far) and switching lane.,2.226839,8.523834,0.98,False,None,0.0
3,3_scenario_11,A pink BoxTruck is crossing the road (near) and switching lane.,4.963484,8.461471,0.94,False,None,0.0
3,3_scenario_12,A skyblue Sedan is overtaking (far) the ego vehicle and switching lane.,0.864995,6.352467,7.18,False,None,0.0
4,4_scenario_0,A skyblue Hatchback is driving ahead (far) of the ego vehicle and maintaining lane.,100000.0,51.027837,3.26,False,None,0.0
4,4_scenario_1,A yellow SchoolBus is overtaking (far) the ego vehicle and maintaining lane.,3.254542,58.624745,2.5,False,None,0.0
4,4_scenario_2,A black Hatchback is overtaking (near) the ego vehicle and switching lane.,0.779693,3.173193,16.46,False,None,0.0
4,4_scenario_3,A red Hatchback is crossing the road (far) and switching lane.,13.156148,10.296686,6.32,False,None,0.0
4,4_scenario_4,A yellow Sedan is overtaking (far) the ego vehicle and maintaining lane.,1.344353,23.398874,1.84,False,None,0.0
4,4_scenario_5,A skyblue BoxTruck is driving ahead (near) of the ego vehicle and switching lane.,10.282715,10.916089,5.099999999999999,False,None,0.0
4,4_scenario_6,A red SchoolBus is overtaking (far) the ego vehicle and switching lane.,2.90243,10.654927,8.56,False,None,0.0
4,4_scenario_7,A white Sedan is driving ahead (far) of the ego vehicle and switching lane.,2.943643,14.185122,2.02,False,None,0.0
4,4_scenario_8,A yellow Hatchback is overtaking (near) the ego vehicle and maintaining lane.,10.098305,4.911529,5.58,False,None,0.0
4,4_scenario_9,A skyblue Hatchback is driving ahead (far) of the ego vehicle and maintaining lane.,1.13717,3.931088,3.98,False,None,0.0
4,4_scenario_10,A red SUV is driving ahead (far) of the ego vehicle and maintaining lane.,2.019047,5.327098,2.9000000000000004,False,None,0.0
4,4_scenario_11,A black Jeep is driving ahead (near) of the ego vehicle and switching lane.,1.796268,4.205277,0.6799999999999999,False,None,0.0
4,4_scenario_12,A black Hatchback is overtaking (near) the ego vehicle and switching lane.,3.010426,5.452458,6.88,False,None,0.0
5,5_scenario_0,A white Sedan is driving ahead (far) of the ego vehicle and switching lane.,100000.0,50.804801,4.619999999999999,False,None,0.0
5,5_scenario_1,A red BoxTruck is overtaking (near) the ego vehicle and maintaining lane.,3.962156,9.588249,2.06,False,None,0.0
5,5_scenario_2,A red BoxTruck is driving ahead (far) of the ego vehicle and maintaining lane.,2.610292,9.453401,3.04,False,None,0.0
5,5_scenario_3,A yellow SUV is overtaking (near) the ego vehicle and switching lane.,2.160168,11.528474,5.379999999999999,False,None,0.0
5,5_scenario_4,A pink Sedan is driving from the opposite direction (near) and maintaining lane.,3.239435,7.971646,8.44,False,None,0.0
5,5_scenario_5,A skyblue Hatchback is driving ahead (far) of the ego vehicle and maintaining lane.,2.313833,11.862065,2.64,False,None,0.0
5,5_scenario_6,A white SchoolBus is driving ahead (far) of the ego vehicle and maintaining lane.,6.137834,13.482727,7.18,False,None,0.0
5,5_scenario_7,A pedestrian is crossing the road from left to right.,2.031345,8.549896,6.36,False,None,0.0
5,5_scenario_8_pedestrian,A white Jeep is crossing the road (far) and maintaining lane.,0.0,2.36557,4.58,True,pedestrian,3.980219935956389
6,6_scenario_0,A red SchoolBus is driving from the opposite direction (near) and maintaining lane.,100000.0,7.770722,3.5200000000000005,False,None,0.0
6,6_scenario_1,A black Sedan is driving ahead (near) of the ego vehicle and maintaining lane.,0.570521,6.54832,10.78,False,None,0.0
6,6_scenario_2,A red Sedan is overtaking (near) the ego vehicle and maintaining lane.,0.904797,3.442918,3.0,False,None,0.0
6,6_scenario_3,A red BoxTruck is driving from the opposite direction (near) and maintaining lane.,100000.0,24.46492,5.140000000000001,False,None,0.0
6,6_scenario_4,A skyblue BoxTruck is driving ahead (near) of the ego vehicle and switching lane.,2.448496,14.178141,4.44,False,None,0.0
6,6_scenario_5,A pink BoxTruck is driving ahead (near) of the ego vehicle and maintaining lane.,9.500354,6.248479,3.64,False,None,0.0
6,6_scenario_6,A yellow SUV is overtaking (far) the ego vehicle and switching lane.,100000.0,3.089379,5.66,False,None,0.0
6,6_scenario_7,A red SchoolBus is overtaking (far) the ego vehicle and switching lane.,3.966049,6.189189,3.8,False,None,0.0
6,6_scenario_8,A pink Hatchback is driving ahead (near) of the ego vehicle and switching lane.,3.356586,15.662307,6.18,False,None,0.0
6,6_scenario_9,A white SchoolBus is driving ahead (far) of the ego vehicle and maintaining lane.,14.359992,43.919005,3.16,False,None,0.0
6,6_scenario_10,A red SchoolBus is overtaking (near) the ego vehicle and switching lane.,9.110056,64.414201,4.96,False,None,0.0
6,6_scenario_11,A red BoxTruck is driving ahead (far) of the ego vehicle and maintaining lane.,8.648871,48.106218,4.359999999999999,False,None,0.0
6,6_scenario_12,A pink BoxTruck is crossing the road (near) and switching lane.,1.788743,15.91417,3.48,False,None,0.0
6,6_scenario_13,A skyblue Jeep is overtaking (far) the ego vehicle and switching lane.,4.911449,6.147028,1.0,False,None,0.0
6,6_scenario_14,A skyblue Hatchback is driving ahead (far) of the ego vehicle and maintaining lane.,1.17215,3.901498,1.04,False,None,0.0
6,6_scenario_15,A pink Jeep is driving ahead (far) of the ego vehicle and maintaining lane.,1.576768,32.562055,4.36,False,None,0.0
7,7_scenario_0,A yellow SUV is driving from the opposite direction (near) and switching lane.,100000.0,12.23207,2.46,False,None,0.0
7,7_scenario_1,A white SchoolBus is driving ahead (far) of the ego vehicle and maintaining lane.,17.069314,35.699359,3.6,False,None,0.0
7,7_scenario_2,A red SchoolBus is overtaking (near) the ego vehicle and switching lane.,2.266025,4.216398,3.08,False,None,0.0
7,7_scenario_3,A red SchoolBus is overtaking (near) the ego vehicle and switching lane.,1.663883,9.561039,5.54,False,None,0.0
7,7_scenario_4,A yellow SchoolBus is overtaking (far) the ego vehicle and maintaining lane.,100000.0,28.548114,5.08,False,None,0.0
7,7_scenario_5,A red BoxTruck is driving from the opposite direction (near) and maintaining lane.,3.702304,7.741786,2.6,False,None,0.0
7,7_scenario_6,A pink SchoolBus is crossing the road (near) and switching lane.,3.046267,13.958681,7.24,False,None,0.0
7,7_scenario_7,A white Jeep is driving ahead (near) of the ego vehicle and maintaining lane.,4.927249,13.976623,11.86,False,None,0.0
7,7_scenario_8,A red Hatchback is driving from the opposite direction (near) and switching lane.,5.466031,19.602855,7.439999999999999,False,None,0.0
7,7_scenario_9,A yellow Sedan is crossing the road (far) and maintaining lane.,7.140286,7.982051,4.04,False,None,0.0
7,7_scenario_10,A black SchoolBus is crossing the road (far) and maintaining lane.,1.166193,3.543105,4.140000000000001,False,None,0.0
7,7_scenario_11,A red BoxTruck is driving ahead (far) of the ego vehicle and switching lane.,2.435517,23.020445,2.18,False,None,0.0
7,7_scenario_12,A red BoxTruck is driving ahead (far) of the ego vehicle and switching lane.,5.092434,51.319286,0.74,False,None,0.0
7,7_scenario_13,A yellow Hatchback is driving ahead (near) of the ego vehicle and maintaining lane.,1.939054,12.454126,7.18,False,None,0.0
8,8_scenario_0,A yellow Hatchback is overtaking (far) the ego vehicle and switching lane.,100000.0,50.781915,3.98,False,None,0.0
8,8_scenario_1,A black Jeep is overtaking (near) the ego vehicle and maintaining lane.,1.334804,5.410766,8.2,False,None,0.0
8,8_scenario_2,A black Sedan is driving ahead (far) of the ego vehicle and maintaining lane.,4.710398,6.571785,5.86,False,None,0.0
8,8_scenario_3,A yellow SUV is driving from the opposite direction (near) and switching lane.,6.72115,7.928861,3.3200000000000003,False,None,0.0
8,8_scenario_4,A black SchoolBus is overtaking (near) the ego vehicle and maintaining lane.,2.830098,8.345942,3.66,False,None,0.0
8,8_scenario_5,A white BoxTruck is overtaking (far) the ego vehicle and switching lane.,0.940994,4.801489,10.24,False,None,0.0
8,8_scenario_6,A skyblue Sedan is driving ahead (near) of the ego vehicle and switching lane.,0.732666,8.36778,9.12,False,None,0.0
8,8_scenario_7,A red Hatchback is crossing the road (far) and switching lane.,3.931464,8.566427,6.12,False,None,0.0
8,8_scenario_8,A red BoxTruck is driving from the opposite direction (near) and maintaining lane.,2.133936,8.485211,5.16,False,None,0.0
8,8_scenario_9,A pink SUV is crossing the road (far) and switching lane.,3.362153,8.536976,3.3400000000000003,False,None,0.0
8,8_scenario_10,A white Hatchback is overtaking (far) the ego vehicle and maintaining lane.,8.990745,8.527013,3.38,False,None,0.0
8,8_scenario_11,A red SchoolBus is overtaking (far) the ego vehicle and switching lane.,9.981875,8.528718,2.2,False,None,0.0
8,8_scenario_12,A skyblue SchoolBus is driving ahead (far) of the ego vehicle and switching lane.,8.101228,8.529436,0.96,False,None,0.0
8,8_scenario_13,A white SchoolBus is driving ahead (near) of the ego vehicle and switching lane.,2.719095,8.476827,5.64,False,None,0.0
8,8_scenario_14,A white Jeep is driving ahead (near) of the ego vehicle and maintaining lane.,2.264232,8.465232,7.12,False,None,0.0
9,9_scenario_0,A yellow SchoolBus is overtaking (far) the ego vehicle and maintaining lane.,100000.0,49.901896,3.92,False,None,0.0
9,9_scenario_1,A pink BoxTruck is crossing the road (near) and switching lane.,6.172001,12.999274,10.54,False,None,0.0
9,9_scenario_2,A yellow Sedan is overtaking (far) the ego vehicle and maintaining lane.,100000.0,31.812409,2.54,False,None,0.0
9,9_scenario_3,A red BoxTruck is driving ahead (far) of the ego vehicle and switching lane.,60.449244,8.718484,0.5599999999999999,False,None,0.0
9,9_scenario_4,A yellow SchoolBus is overtaking (far) the ego vehicle and maintaining lane.,3.493916,13.550743,10.52,False,None,0.0
9,9_scenario_5,A yellow Hatchback is crossing the road (near) and maintaining lane.,0.880243,9.048798,6.4,False,None,0.0
9,9_scenario_6,A white SchoolBus is driving ahead (far) of the ego vehicle and maintaining lane.,2.136804,9.881514,3.6,False,None,0.0
9,9_scenario_7,A pedestrian is crossing the road from left to right.,8.950463,12.012104,5.5600000000000005,False,None,0.0
9,9_scenario_8,A yellow Jeep is driving from the opposite direction (far) and switching lane.,1.675234,7.526343,5.42,False,None,0.0
9,9_scenario_9,A red BoxTruck is overtaking (near) the ego vehicle and maintaining lane.,8.13471,3.572653,7.96,False,None,0.0
9,9_scenario_10,A black Sedan is driving ahead (far) of the ego vehicle and maintaining lane.,1.049911,4.031557,3.66,False,None,0.0
9,9_scenario_11,A yellow Hatchback is crossing the road (near) and maintaining lane.,1.744616,7.872177,1.1,False,None,0.0
9,9_scenario_12,A skyblue Jeep is overtaking (far) the ego vehicle and switching lane.,6.352984,11.605917,1.12,False,None,0.0
9,9_scenario_13,A skyblue Jeep is overtaking (far) the ego vehicle and switching lane.,7.102651,14.376835,6.0,False,None,0.0
10,10_scenario_0,A pink BoxTruck is driving ahead (near) of the ego vehicle and maintaining lane.,100000.0,16.344026,3.56,False,None,0.0
10,10_scenario_1,A black Hatchback is overtaking (near) the ego vehicle and switching lane.,2.848092,6.132399,4.12,False,None,0.0
10,10_scenario_2,A yellow SchoolBus is driving from the opposite direction (near) and switching lane.,100000.0,2.704086,6.0200000000000005,False,None,0.0
10,10_scenario_3,A red Jeep is overtaking (near) the ego vehicle and switching lane.,100000.0,3.449373,3.5,False,None,0.0
10,10_scenario_4,A yellow Hatchback is overtaking (far) the ego vehicle and switching lane.,21.006844,3.206078,5.18,False,None,0.0
10,10_scenario_5,A red Hatchback is driving from the opposite direction (near) and switching lane.,7.546719,5.208151,4.720000000000001,False,None,0.0
10,10_scenario_6,A yellow Sedan is crossing the road (far) and switching lane.,3.063192,20.636859,7.779999999999999,False,None,0.0
10,10_scenario_7,A black Sedan is driving ahead (near) of the ego vehicle and maintaining lane.,4.63556,18.767106,7.24,False,None,0.0
10,10_scenario_8,A black SUV is driving from the opposite direction (far) and switching lane.,4.270239,17.715514,5.68,False,None,0.0
10,10_scenario_9,A black Sedan is driving ahead (near) of the ego vehicle and maintaining lane.,2.400746,10.263694,4.619999999999999,False,None,0.0
10,10_scenario_10,A yellow Hatchback is crossing the road (near) and maintaining lane.,3.109487,23.082452,2.84,False,None,0.0
10,10_scenario_11,A yellow BoxTruck is overtaking (far) the ego vehicle and maintaining lane.,5.420803,4.307778,2.46,False,None,0.0
10,10_scenario_12,A yellow SUV is overtaking (near) the ego vehicle and switching lane.,0.467447,6.132604,0.62,False,None,0.0
10,10_scenario_13,A skyblue SUV is crossing the road (far) and maintaining lane.,2.550016,39.252843,4.98,False,None,0.0
10,10_scenario_14,A skyblue Jeep is overtaking (far) the ego vehicle and switching lane.,0.945548,6.903788,6.98,False,None,0.0
11,11_scenario_0,A black SchoolBus is overtaking (near) the ego vehicle and maintaining lane.,100000.0,3.266845,3.3999999999999995,False,None,0.0
11,11_scenario_1,A black Jeep is overtaking (near) the ego vehicle and maintaining lane.,0.73011,4.009049,12.12,False,None,0.0
11,11_scenario_2,A skyblue Jeep is driving from the opposite direction (far) and maintaining lane.,100000.0,9.02079,3.12,False,None,0.0
11,11_scenario_3,A skyblue SUV is crossing the road (far) and maintaining lane.,2.661951,11.199565,4.28,False,None,0.0
11,11_scenario_4,A red SchoolBus is overtaking (near) the ego vehicle and switching lane.,100000.0,2.832514,7.0,False,None,0.0
11,11_scenario_5,A skyblue SUV is driving from the opposite direction (near) and maintaining lane.,3.026602,4.231101,8.98,False,None,0.0
11,11_scenario_6,A black Jeep is overtaking (near) the ego vehicle and maintaining lane.,1.931179,20.201509,7.08,False,None,0.0
11,11_scenario_7,A black Jeep is overtaking (far) the ego vehicle and maintaining lane.,1.869489,23.331185,3.62,False,None,0.0
11,11_scenario_8,A yellow BoxTruck is overtaking (far) the ego vehicle and maintaining lane.,8.373131,28.542057,4.42,False,None,0.0
11,11_scenario_9,A black SchoolBus is overtaking (near) the ego vehicle and maintaining lane.,9.324935,15.813395,4.62,False,None,0.0
11,11_scenario_10,A white BoxTruck is overtaking (far) the ego vehicle and switching lane.,3.471486,8.430236,3.5,False,None,0.0
11,11_scenario_11,A red BoxTruck is driving ahead (far) of the ego vehicle and switching lane.,7.984145,8.531903,0.86,False,None,0.0
11,11_scenario_12,A white SchoolBus is driving from the opposite direction (far) and switching lane.,5.630309,8.472634,4.6,False,None,0.0
12,12_scenario_0,A red Sedan is overtaking (near) the ego vehicle and maintaining lane.,100000.0,4.065932,3.74,False,None,0.0
12,12_scenario_1,A yellow Hatchback is driving ahead (near) of the ego vehicle and maintaining lane.,100000.0,22.871933,5.62,False,None,0.0
12,12_scenario_2,A skyblue Hatchback is driving ahead (far) of the ego vehicle and maintaining lane.,4.29026,43.016131,8.58,False,None,0.0
12,12_scenario_3,A red BoxTruck is overtaking (near) the ego vehicle and maintaining lane.,26.501135,10.022709,7.04,False,None,0.0
12,12_scenario_4,A black Jeep is overtaking (far) the ego vehicle and maintaining lane.,8.213705,9.560871,7.36,False,None,0.0
12,12_scenario_5,A red BoxTruck is overtaking (near) the ego vehicle and maintaining lane.,1.209222,6.871835,5.0,False,None,0.0
12,12_scenario_6,A pink Hatchback is driving ahead (near) of the ego vehicle and switching lane.,1.27041,3.700656,7.54,False,None,0.0
12,12_scenario_7,A black SUV is driving from the opposite direction (far) and switching lane.,1.11734,13.089896,9.04,False,None,0.0
12,12_scenario_8,A yellow Sedan is driving from the opposite direction (near) and switching lane.,3.282848,15.054995,6.140000000000001,False,None,0.0
12,12_scenario_9,A black SchoolBus is overtaking (near) the ego vehicle and maintaining lane.,2.532181,11.575384,4.2,False,None,0.0
12,12_scenario_10,A pink Sedan is driving from the opposite direction (near) and maintaining lane.,2.128384,11.564437,3.66,False,None,0.0
12,12_scenario_11,A red BoxTruck is driving ahead (far) of the ego vehicle and maintaining lane.,6.355597,11.594515,2.72,False,None,0.0
12,12_scenario_12,A white SchoolBus is driving ahead (far) of the ego vehicle and maintaining lane.,8.103456,11.589285,1.48,False,None,0.0
12,12_scenario_13,A yellow Hatchback is overtaking (near) the ego vehicle and maintaining lane.,7.304597,11.51991,1.14,False,None,0.0
12,12_scenario_14,A yellow Sedan is crossing the road (far) and switching lane.,10.488213,11.489498,6.9,False,None,0.0
13,13_scenario_0,A white SUV is driving ahead (far) of the ego vehicle and switching lane.,100000.0,50.800407,2.3000000000000003,False,None,0.0
13,13_scenario_1,A pink Jeep is driving ahead (far) of the ego vehicle and maintaining lane.,6.837253,37.081695,4.14,False,None,0.0
13,13_scenario_2,A skyblue Hatchback is driving ahead (far) of the ego vehicle and maintaining lane.,14.023584,7.704522,3.58,False,None,0.0
13,13_scenario_3,A pink Hatchback is driving ahead (near) of the ego vehicle and switching lane.,2.313092,6.332963,1.82,False,None,0.0
13,13_scenario_4,A yellow BoxTruck is overtaking (far) the ego vehicle and maintaining lane.,2.200159,23.918917,4.220000000000001,False,None,0.0
13,13_scenario_5,A white Hatchback is driving ahead (far) of the ego vehicle and switching lane.,2.196471,21.542452,3.1,False,None,0.0
13,13_scenario_6,A black Jeep is overtaking (far) the ego vehicle and maintaining lane.,2.78696,21.695729,7.180000000000001,False,None,0.0
13,13_scenario_7,A black SchoolBus is overtaking (near) the ego vehicle and maintaining lane.,5.990405,28.013848,2.44,False,None,0.0
13,13_scenario_8,A red Hatchback is crossing the road (far) and switching lane.,3.539221,19.547678,7.220000000000001,False,None,0.0
13,13_scenario_9,A yellow Sedan is crossing the road (far) and maintaining lane.,3.699608,9.051224,4.06,False,None,0.0
13,13_scenario_10,A pink SUV is driving from the opposite direction (far) and maintaining lane.,1.883583,4.22768,2.04,False,None,0.0
13,13_scenario_11,A black Jeep is driving ahead (near) of the ego vehicle and switching lane.,2.310576,8.758627,0.8600000000000001,False,None,0.0
13,13_scenario_12,A skyblue SUV is driving from the opposite direction (near) and maintaining lane.,3.492711,8.53887,4.96,False,None,0.0
14,14_scenario_0,A red SchoolBus is overtaking (near) the ego vehicle and switching lane.,100000.0,11.449378,5.8,False,None,0.0
14,14_scenario_1,A black SchoolBus is overtaking (near) the ego vehicle and maintaining lane.,100000.0,10.040035,4.78,False,None,0.0
14,14_scenario_2,A black Jeep is driving ahead (far) of the ego vehicle and switching lane.,6.631504,3.048364,5.640000000000001,False,None,0.0
14,14_scenario_3,A black SchoolBus is overtaking (near) the ego vehicle and maintaining lane.,100000.0,8.79775,0.5599999999999999,False,None,0.0
14,14_scenario_4,A red SUV is overtaking (near) the ego vehicle and maintaining lane.,4.54506,19.314638,10.52,False,None,0.0
14,14_scenario_5,A white BoxTruck is overtaking (far) the ego vehicle and switching lane.,1.819336,27.05103,6.9,False,None,0.0
14,14_scenario_6,A white SchoolBus is crossing the road (far) and switching lane.,3.933245,24.332073,4.0,False,None,0.0
14,14_scenario_7,A yellow Jeep is driving from the opposite direction (far) and switching lane.,3.995008,33.302769,4.4,False,None,0.0
14,14_scenario_8,A white SchoolBus is driving ahead (far) of the ego vehicle and maintaining lane.,8.596711,48.048816,4.84,False,None,0.0
14,14_scenario_9,A white Jeep is crossing the road (far) and maintaining lane.,3.391335,40.75799,3.88,False,None,0.0
14,14_scenario_10,A skyblue Jeep is overtaking (far) the ego vehicle and switching lane.,8.006505,5.767485,1.1,False,None,0.0
14,14_scenario_11,A white SchoolBus is driving ahead (far) of the ego vehicle and maintaining lane.,1.329525,4.217244,0.88,False,None,0.0
14,14_scenario_12,A black Sedan is driving ahead (near) of the ego vehicle and maintaining lane.,1.863721,12.308031,7.0,False,None,0.0
15,15_scenario_0,A yellow Hatchback is driving ahead (near) of the ego vehicle and maintaining lane.,1.335784,12.240745,2.86,False,None,0.0
15,15_scenario_1,A skyblue Hatchback is driving ahead (far) of the ego vehicle and maintaining lane.,100000.0,16.204015,2.18,False,None,0.0
15,15_scenario_2,A red BoxTruck is driving ahead (far) of the ego vehicle and switching lane.,3.695916,28.710193,4.859999999999999,False,None,0.0
15,15_scenario_3,A skyblue Hatchback is driving from the opposite direction (far) and maintaining lane.,1.78399,5.219428,2.04,False,None,0.0
15,15_scenario_4,A black Jeep is driving ahead (far) of the ego vehicle and switching lane.,100000.0,9.177606,3.78,False,None,0.0
15,15_scenario_5,A black Sedan is driving ahead (far) of the ego vehicle and maintaining lane.,3.130256,6.031778,4.94,False,None,0.0
15,15_scenario_6,A black Jeep is overtaking (near) the ego vehicle and maintaining lane.,1.185902,12.01251,5.0,False,None,0.0
15,15_scenario_7,A pink BoxTruck is driving ahead (near) of the ego vehicle and maintaining lane.,9.3027,12.772915,12.94,False,None,0.0
15,15_scenario_8,A red SchoolBus is overtaking (far) the ego vehicle and switching lane.,6.168638,11.084931,5.700000000000001,False,None,0.0
15,15_scenario_9,A yellow BoxTruck is overtaking (far) the ego vehicle and maintaining lane.,10.724148,3.6526,7.539999999999999,False,None,0.0
15,15_scenario_10,A black Jeep is driving ahead (far) of the ego vehicle and switching lane.,1.212978,8.976201,3.8,False,None,0.0
15,15_scenario_11,A yellow Hatchback is overtaking (near) the ego vehicle and maintaining lane.,0.619471,5.161507,2.28,False,None,0.0
15,15_scenario_12,A white BoxTruck is overtaking (near) the ego vehicle and switching lane.,2.341108,11.089389,0.98,False,None,0.0
15,15_scenario_13,A red SUV is driving ahead (near) of the ego vehicle and switching lane.,2.209015,11.034411,1.0,False,None,0.0
15,15_scenario_14,A white Jeep is driving ahead (near) of the ego vehicle and maintaining lane.,3.660532,11.00928,4.84,False,None,0.0
16,16_scenario_0,A white Jeep is crossing the road (far) and maintaining lane.,5.717923,38.628623,4.880000000000001,False,None,0.0
16,16_scenario_1,A red BoxTruck is overtaking (near) the ego vehicle and maintaining lane.,100000.0,12.783604,3.12,False,None,0.0
16,16_scenario_2,A black Sedan is driving ahead (far) of the ego vehicle and maintaining lane.,3.523252,9.530974,4.76,False,None,0.0
16,16_scenario_3,A yellow Hatchback is driving ahead (near) of the ego vehicle and maintaining lane.,1.91022,4.962989,5.16,False,None,0.0
16,16_scenario_4,A white Jeep is driving ahead (near) of the ego vehicle and maintaining lane.,2.62372,11.62083,3.9,False,None,0.0
16,16_scenario_5,A white SUV is driving ahead (far) of the ego vehicle and switching lane.,2.9053,14.324303,9.6,False,None,0.0
16,16_scenario_6,A skyblue SchoolBus is driving ahead (far) of the ego vehicle and switching lane.,0.817126,6.703767,11.92,False,None,0.0
16,16_scenario_7,A yellow SUV is overtaking (far) the ego vehicle and switching lane.,10.439484,27.010247,3.42,False,None,0.0
16,16_scenario_8,A black Sedan is driving ahead (near) of the ego vehicle and maintaining lane.,2.840478,11.030425,5.5,False,None,0.0
16,16_scenario_9,A pink BoxTruck is crossing the road (near) and switching lane.,3.552442,19.866836,1.66,False,None,0.0
16,16_scenario_10,A red SchoolBus is overtaking (near) the ego vehicle and switching lane.,5.788234,4.092935,1.88,False,None,0.0
16,16_scenario_11,A red SchoolBus is driving from the opposite direction (near) and maintaining lane.,1.390656,14.385147,5.42,False,None,0.0
17,17_scenario_0,A yellow SchoolBus is driving from the opposite direction (near) and switching lane.,100000.0,10.471224,1.7999999999999998,False,None,0.0
17,17_scenario_1,A black Sedan is driving ahead (near) of the ego vehicle and maintaining lane.,0.453261,5.379174,10.48,False,None,0.0
17,17_scenario_2,A red BoxTruck is overtaking (near) the ego vehicle and maintaining lane.,100000.0,9.898344,3.6,False,None,0.0
17,17_scenario_3,A red SUV is overtaking (near) the ego vehicle and maintaining lane.,100000.0,9.702843,4.54,False,None,0.0
17,17_scenario_4,A pink SchoolBus is crossing the road (near) and switching lane.,2.952926,9.629556,4.34,False,None,0.0
17,17_scenario_5,A skyblue SchoolBus is driving ahead (far) of the ego vehicle and switching lane.,6.478171,11.097109,6.68,False,None,0.0
17,17_scenario_6,A pink SUV is crossing the road (far) and switching lane.,2.972723,10.528643,3.7,False,None,0.0
17,17_scenario_7,A black SchoolBus is driving ahead (near) of the ego vehicle and maintaining lane.,4.460666,14.286074,9.18,False,None,0.0
17,17_scenario_8,A red BoxTruck is driving from the opposite direction (far) and maintaining lane.,3.63625,7.841943,4.7,False,None,0.0
17,17_scenario_9,A black Jeep is overtaking (far) the ego vehicle and maintaining lane.,6.468043,4.744007,5.16,False,None,0.0
17,17_scenario_10,A red SchoolBus is overtaking (near) the ego vehicle and switching lane.,2.745821,4.448197,4.08,False,None,0.0
17,17_scenario_11,A skyblue Hatchback is driving from the opposite direction (far) and maintaining lane.,2.406835,8.356783,4.08,False,None,0.0
17,17_scenario_12,A yellow SchoolBus is overtaking (far) the ego vehicle and maintaining lane.,3.553782,4.16698,3.36,False,None,0.0
17,17_scenario_13,A white SchoolBus is driving ahead (near) of the ego vehicle and switching lane.,0.506337,3.811236,1.82,False,None,0.0
17,17_scenario_14,A pink Jeep is driving ahead (far) of the ego vehicle and maintaining lane.,4.11259,26.642963,5.68,False,None,0.0
17,17_scenario_15,A white SchoolBus is driving ahead (far) of the ego vehicle and maintaining lane.,0.977483,4.000777,7.12,False,None,0.0
18,18_scenario_0,A red SUV is driving ahead (near) of the ego vehicle and switching lane.,3.594809,12.853716,6.359999999999999,False,None,0.0
18,18_scenario_1,A pink Hatchback is crossing the road (far) and maintaining lane.,8.239989,26.158017,4.1,False,None,0.0
18,18_scenario_2,A yellow Sedan is overtaking (near) the ego vehicle and switching lane.,2.24735,5.015014,13.78,False,None,0.0
18,18_scenario_3,A white SUV is driving ahead (far) of the ego vehicle and switching lane.,100000.0,15.358598,2.78,False,None,0.0
18,18_scenario_4,A skyblue Hatchback is driving ahead (far) of the ego vehicle and maintaining lane.,100000.0,28.572944,5.32,False,None,0.0
18,18_scenario_5,A skyblue Hatchback is driving ahead (far) of the ego vehicle and maintaining lane.,8.245643,38.470959,9.82,False,None,0.0
18,18_scenario_6,A white SchoolBus is driving ahead (near) of the ego vehicle and switching lane.,8.826293,30.253872,9.68,False,None,0.0
18,18_scenario_7,A white SchoolBus is driving ahead (near) of the ego vehicle and switching lane.,3.159558,9.75386,11.0,False,None,0.0
18,18_scenario_8,A yellow Hatchback is crossing the road (near) and maintaining lane.,2.733539,15.334846,10.14,False,None,0.0
18,18_scenario_9,A yellow Jeep is driving from the opposite direction (far) and switching lane.,3.968292,33.160933,3.94,False,None,0.0
18,18_scenario_10,A white SUV is driving ahead (far) of the ego vehicle and switching lane.,7.350338,29.95249,1.76,False,None,0.0
18,18_scenario_11,A skyblue SchoolBus is driving ahead (far) of the ego vehicle and switching lane.,8.984304,8.845187,2.56,False,None,0.0
18,18_scenario_12,A pink Hatchback is driving ahead (near) of the ego vehicle and switching lane.,2.29414,7.947965,0.68,False,None,0.0
18,18_scenario_13,A yellow Sedan is overtaking (far) the ego vehicle and maintaining lane.,1.651158,3.956886,4.5,False,None,0.0
19,19_scenario_0,A black SUV is driving from the opposite direction (far) and switching lane.,100000.0,14.732489,3.56,False,None,0.0
19,19_scenario_1,A black Sedan is driving ahead (far) of the ego vehicle and maintaining lane.,21.810374,5.968114,3.3600000000000003,False,None,0.0
19,19_scenario_2,A yellow Jeep is driving from the opposite direction (far) and switching lane.,12.972632,9.498211,0.4199999999999999,False,None,0.0
19,19_scenario_3,A black Hatchback is overtaking (near) the ego vehicle and switching lane.,100000.0,3.346665,0.8600000000000001,False,None,0.0
19,19_scenario_4,A black Sedan is driving ahead (near) of the ego vehicle and maintaining lane.,3.259457,6.097445,11.34,False,None,0.0
19,19_scenario_5,A black Sedan is driving ahead (near) of the ego vehicle and maintaining lane.,2.555695,19.686244,6.52,False,None,0.0
19,19_scenario_6,A white BoxTruck is overtaking (far) the ego vehicle and switching lane.,7.172401,20.072464,3.1,False,None,0.0
19,19_scenario_7,A red Sedan is overtaking (near) the ego vehicle and maintaining lane.,8.308295,9.648455,5.2,False,None,0.0
19,19_scenario_8,A pink BoxTruck is driving ahead (near) of the ego vehicle and maintaining lane.,2.4487,4.541078,3.12,False,None,0.0
19,19_scenario_9,A pink BoxTruck is driving ahead (near) of the ego vehicle and maintaining lane.,2.237831,5.091744,3.16,False,None,0.0
19,19_scenario_10,A skyblue Jeep is overtaking (far) the ego vehicle and switching lane.,1.727654,4.190926,0.9200000000000002,False,None,0.0
19,19_scenario_11,A red SchoolBus is overtaking (near) the ego vehicle and switching lane.,6.780788,4.513181,1.42,False,None,0.0
