Execution,ScenarioID,Configuration_API_Description,Attribute[TTC],Attribute[DTO],Attribute[Jerk],Attribute[COL],Attribute[COLT],Attribute[SAC]
0,0_scenario_0,A red BoxTruck is overtaking (near) the ego vehicle and maintaining lane.,100000.0,26.26023,2.5,False,None,0.0
0,0_scenario_1,A white SUV is driving ahead (far) of the ego vehicle and switching lane.,100000.0,38.739661,1.64,False,None,0.0
0,0_scenario_2,A black Hatchback is overtaking (near) the ego vehicle and switching lane.,0.562039,9.766046,4.36,False,None,0.0
0,0_scenario_3,A black SchoolBus is overtaking (near) the ego vehicle and maintaining lane.,2.827999,9.570394,4.18,False,None,0.0
0,0_scenario_4,A pink Jeep is driving ahead (far) of the ego vehicle and maintaining lane.,0.907485,8.448294,8.92,False,None,0.0
0,0_scenario_5,A skyblue Jeep is overtaking (far) the ego vehicle and switching lane.,0.835627,10.94708,2.18,False,None,0.0
0,0_scenario_6,A red SUV is driving ahead (far) of the ego vehicle and maintaining lane.,4.834996,17.252699,5.74,False,None,0.0
0,0_scenario_7,A red SUV is overtaking (near) the ego vehicle and maintaining lane.,0.868522,3.774356,4.859999999999999,False,None,0.0
0,0_scenario_8,A yellow Sedan is driving from the opposite direction (near) and switching lane.,1.100029,6.064532,6.4,False,None,0.0
0,0_scenario_9,A yellow SchoolBus is overtaking (far) the ego vehicle and maintaining lane.,2.591148,4.299593,4.32,False,None,0.0
0,0_scenario_10,A white Hatchback is overtaking (far) the ego vehicle and maintaining lane.,9.977615,3.64767,5.34,False,None,0.0
0,0_scenario_11,A white SchoolBus is crossing the road (far) and switching lane.,3.790844,3.889231,7.84,False,None,0.0
0,0_scenario_12,A black Jeep is driving ahead (near) of the ego vehicle and switching lane.,1.212571,2.773815,3.58,False,None,0.0
0,0_scenario_13,A skyblue Hatchback is driving ahead (far) of the ego vehicle and maintaining lane.,3.126551,17.817449,2.1,False,None,0.0
0,0_scenario_14,A red SUV is overtaking (near) the ego vehicle and maintaining lane.,4.499296,5.128622,1.08,False,None,0.0
0,0_scenario_15,A yellow Hatchback is overtaking (far) the ego vehicle and switching lane.,6.990193,14.286289,6.12,False,None,0.0
1,1_scenario_0,A pink Sedan is driving from the opposite direction (far) and switching lane.,100000.0,14.915634,5.06,False,None,0.0
1,1_scenario_1_npc_vehicle,A skyblue Sedan is driving ahead (near) of the ego vehicle and switching lane.,0.0,3.92324,4.7,True,npc_vehicle,5.420327853893665
2,2_scenario_0,A yellow Jeep is driving from the opposite direction (far) and switching lane.,100000.0,15.474821,5.02,False,None,0.0
2,2_scenario_1,A black SchoolBus is overtaking (near) the ego vehicle and maintaining lane.,100000.0,8.187463,0.8400000000000001,False,None,0.0
2,2_scenario_2,A black Jeep is driving ahead (near) of the ego vehicle and switching lane.,1.000847,4.305518,9.88,False,None,0.0
2,2_scenario_3,A black SUV is crossing the road (near) and switching lane.,5.373599,11.576105,3.78,False,None,0.0
2,2_scenario_4,A black Jeep is overtaking (near) the ego vehicle and maintaining lane.,5.991513,4.764251,9.96,False,None,0.0
2,2_scenario_5,A red SUV is driving ahead (far) of the ego vehicle and maintaining lane.,1.415425,3.914563,10.54,False,None,0.0
2,2_scenario_6,A yellow SUV is driving from the opposite direction (near) and switching lane.,4.136731,15.341147,5.58,False,None,0.0
2,2_scenario_7,A red BoxTruck is driving ahead (far) of the ego vehicle and maintaining lane.,5.344616,28.748148,9.56,False,None,0.0
2,2_scenario_8,A black SUV is driving ahead (near) of the ego vehicle and maintaining lane.,3.514872,9.417761,6.5600000000000005,False,None,0.0
2,2_scenario_9,A yellow SchoolBus is overtaking (far) the ego vehicle and maintaining lane.,6.06616,16.263272,3.12,False,None,0.0
2,2_scenario_10,A yellow BoxTruck is overtaking (far) the ego vehicle and maintaining lane.,2.839295,3.501816,6.5,False,None,0.0
2,2_scenario_11,A red SUV is driving ahead (far) of the ego vehicle and maintaining lane.,3.616131,7.383,6.140000000000001,False,None,0.0
2,2_scenario_12,A pink SchoolBus is driving from the opposite direction (far) and maintaining lane.,2.845161,24.004263,5.319999999999999,False,None,0.0
2,2_scenario_13,A red BoxTruck is overtaking (near) the ego vehicle and maintaining lane.,8.385812,16.309144,3.3600000000000003,False,None,0.0
2,2_scenario_14,A red BoxTruck is overtaking (near) the ego vehicle and maintaining lane.,5.564536,12.595895,4.659999999999999,False,None,0.0
2,2_scenario_15,A black SchoolBus is overtaking (near) the ego vehicle and maintaining lane.,9.102403,11.938955,5.8,False,None,0.0
2,2_scenario_16,A white Jeep is driving ahead (near) of the ego vehicle and maintaining lane.,11.699099,11.32352,5.72,False,None,0.0
3,3_scenario_0,A pink BoxTruck is crossing the road (near) and switching lane.,2.965439,24.837203,2.24,False,None,0.0
3,3_scenario_1,A red Jeep is overtaking (near) the ego vehicle and switching lane.,0.790308,12.238449,2.36,False,None,0.0
3,3_scenario_2,A white SUV is driving ahead (far) of the ego vehicle and switching lane.,0.774873,12.354043,8.02,False,None,0.0
3,3_scenario_3,A pink Hatchback is driving ahead (near) of the ego vehicle and switching lane.,2.163098,7.589337,6.840000000000001,False,None,0.0
3,3_scenario_4,A black Hatchback is overtaking (near) the ego vehicle and switching lane.,4.113777,9.698773,5.64,False,None,0.0
3,3_scenario_5,A yellow BoxTruck is overtaking (far) the ego vehicle and maintaining lane.,1.207958,15.061582,9.9,False,None,0.0
3,3_scenario_6,A red SUV is overtaking (near) the ego vehicle and maintaining lane.,1.963454,21.119865,0.7399999999999999,False,None,0.0
3,3_scenario_7,A white Hatchback is driving ahead (far) of the ego vehicle and switching lane.,7.243958,34.449005,3.86,False,None,0.0
3,3_scenario_8,A yellow Hatchback is overtaking (far) the ego vehicle and switching lane.,12.511372,41.147175,13.52,False,None,0.0
3,3_scenario_9,A pink Hatchback is driving from the opposite direction (far) and switching lane.,12.87093,31.861181,6.680000000000001,False,None,0.0
3,3_scenario_10,A skyblue Sedan is driving ahead (near) of the ego vehicle and switching lane.,2.916973,8.363491,8.34,False,None,0.0
3,3_scenario_11,A skyblue Jeep is overtaking (far) the ego vehicle and switching lane.,2.951286,3.955312,4.4,False,None,0.0
3,3_scenario_12,A skyblue BoxTruck is driving ahead (near) of the ego vehicle and switching lane.,1.959616,4.56689,5.4,False,None,0.0
3,3_scenario_13,A yellow SUV is overtaking (near) the ego vehicle and switching lane.,2.969919,8.785001,2.54,False,None,0.0
3,3_scenario_14,A skyblue Jeep is overtaking (far) the ego vehicle and switching lane.,5.624433,8.467636,5.38,False,None,0.0
3,3_scenario_15,A red SUV is driving ahead (far) of the ego vehicle and maintaining lane.,7.916288,5.668815,5.7,False,None,0.0
4,4_scenario_0,A black SchoolBus is overtaking (near) the ego vehicle and maintaining lane.,100000.0,100000.0,2.92,False,None,0.0
4,4_scenario_1,A pink SUV is driving from the opposite direction (far) and maintaining lane.,100000.0,10.65813,3.26,False,None,0.0
4,4_scenario_2,A pink SUV is driving from the opposite direction (far) and maintaining lane.,62.791247,8.506885,6.039999999999999,False,None,0.0
4,4_scenario_3,A yellow Hatchback is driving ahead (near) of the ego vehicle and maintaining lane.,1.531263,7.015746,7.8,False,None,0.0
4,4_scenario_4,A yellow Sedan is crossing the road (far) and switching lane.,3.783151,20.32535,9.14,False,None,0.0
4,4_scenario_5,A pink SUV is driving from the opposite direction (far) and maintaining lane.,100000.0,32.642883,2.78,False,None,0.0
4,4_scenario_6,A skyblue SchoolBus is driving ahead (far) of the ego vehicle and switching lane.,7.388943,44.693128,1.84,False,None,0.0
4,4_scenario_7,A skyblue Jeep is overtaking (far) the ego vehicle and switching lane.,10.198953,45.594306,1.16,False,None,0.0
4,4_scenario_8,A red Hatchback is crossing the road (far) and switching lane.,3.080884,27.785461,11.1,False,None,0.0
4,4_scenario_9,A white Jeep is driving ahead (near) of the ego vehicle and maintaining lane.,0.64886,6.98926,7.58,False,None,0.0
4,4_scenario_10,A red BoxTruck is driving from the opposite direction (near) and maintaining lane.,3.853609,9.675501,5.619999999999999,False,None,0.0
4,4_scenario_11,A white SchoolBus is driving ahead (near) of the ego vehicle and switching lane.,4.806151,14.864866,5.300000000000001,False,None,0.0
4,4_scenario_12,A yellow Sedan is overtaking (near) the ego vehicle and switching lane.,3.909221,5.763632,3.78,False,None,0.0
4,4_scenario_13,A white BoxTruck is overtaking (far) the ego vehicle and switching lane.,4.192475,6.441064,1.08,False,None,0.0
4,4_scenario_14,A white Jeep is driving ahead (near) of the ego vehicle and maintaining lane.,2.823771,6.699388,7.16,False,None,0.0
4,4_scenario_15,A pink Sedan is driving from the opposite direction (far) and maintaining lane.,3.545177,22.435197,5.28,False,None,0.0
5,5_scenario_0,A pink SUV is driving from the opposite direction (far) and maintaining lane.,100000.0,8.842987,5.68,False,None,0.0
5,5_scenario_1,A red Hatchback is driving from the opposite direction (near) and switching lane.,2.279116,11.030118,0.92,False,None,0.0
5,5_scenario_2,A black Jeep is overtaking (near) the ego vehicle and maintaining lane.,1.787973,4.150455,4.0600000000000005,False,None,0.0
5,5_scenario_3,A black SchoolBus is overtaking (near) the ego vehicle and maintaining lane.,2.278258,4.007704,11.88,False,None,0.0
5,5_scenario_4,A skyblue BoxTruck is driving ahead (near) of the ego vehicle and switching lane.,1.604242,6.689553,4.1,False,None,0.0
5,5_scenario_5,A yellow SUV is overtaking (far) the ego vehicle and switching lane.,3.802914,26.683773,1.92,False,None,0.0
5,5_scenario_6,A pink SchoolBus is driving from the opposite direction (far) and maintaining lane.,2.747159,28.818319,5.46,False,None,0.0
5,5_scenario_7,A red BoxTruck is overtaking (near) the ego vehicle and maintaining lane.,10.346324,15.214216,4.78,False,None,0.0
5,5_scenario_8,A black Sedan is driving ahead (far) of the ego vehicle and maintaining lane.,6.560722,6.574035,5.9,False,None,0.0
5,5_scenario_9,A pedestrian is crossing the road from right to left.,2.620008,31.975138,2.9000000000000004,False,None,0.0
5,5_scenario_10,A pink Sedan is driving from the opposite direction (far) and maintaining lane.,6.32597,48.255546,3.54,False,None,0.0
5,5_scenario_11,A red Sedan is overtaking (near) the ego vehicle and maintaining lane.,8.489437,3.949641,2.8200000000000003,False,None,0.0
5,5_scenario_12,A skyblue Hatchback is driving ahead (far) of the ego vehicle and maintaining lane.,3.089639,9.781195,1.54,False,None,0.0
5,5_scenario_13,A pink SUV is driving from the opposite direction (far) and maintaining lane.,3.906339,33.800498,7.12,False,None,0.0
5,5_scenario_14,A white SUV is driving ahead (far) of the ego vehicle and switching lane.,6.563622,50.300141,1.46,False,None,0.0
6,6_scenario_0,A pink Jeep is driving ahead (far) of the ego vehicle and maintaining lane.,100000.0,50.951473,5.199999999999999,False,None,0.0
6,6_scenario_1,A pink Sedan is driving from the opposite direction (far) and switching lane.,100000.0,12.845667,0.5800000000000001,False,None,0.0
6,6_scenario_2,A yellow SUV is overtaking (near) the ego vehicle and switching lane.,100000.0,10.284006,4.92,False,None,0.0
6,6_scenario_3,A black SchoolBus is driving ahead (near) of the ego vehicle and maintaining lane.,100000.0,10.057745,15.4,False,None,0.0
6,6_scenario_4,A white SchoolBus is crossing the road (far) and switching lane.,0.936323,11.180682,9.56,False,None,0.0
6,6_scenario_5,A red SUV is driving ahead (far) of the ego vehicle and maintaining lane.,5.358457,16.151147,8.559999999999999,False,None,0.0
6,6_scenario_6,A skyblue Hatchback is driving from the opposite direction (far) and maintaining lane.,3.968286,21.124631,4.48,False,None,0.0
6,6_scenario_7,A yellow BoxTruck is overtaking (far) the ego vehicle and maintaining lane.,6.211969,17.526735,3.0,False,None,0.0
6,6_scenario_8,A white SchoolBus is driving ahead (near) of the ego vehicle and switching lane.,0.718309,4.619972,10.56,False,None,0.0
6,6_scenario_9,A red SchoolBus is overtaking (far) the ego vehicle and switching lane.,4.584636,4.715548,4.88,False,None,0.0
6,6_scenario_10,A black SchoolBus is overtaking (near) the ego vehicle and maintaining lane.,1.055236,3.190973,5.0,False,None,0.0
6,6_scenario_11,A white Hatchback is driving ahead (far) of the ego vehicle and switching lane.,3.327929,7.572351,4.3,False,None,0.0
6,6_scenario_12,A black Jeep is overtaking (far) the ego vehicle and maintaining lane.,4.306742,20.38686,2.12,False,None,0.0
6,6_scenario_13,A white SchoolBus is driving from the opposite direction (far) and switching lane.,3.767847,9.343968,2.9800000000000004,False,None,0.0
6,6_scenario_14,A pink SUV is driving from the opposite direction (far) and maintaining lane.,3.906443,8.751994,6.16,False,None,0.0
7,7_scenario_0,A yellow SchoolBus is overtaking (far) the ego vehicle and maintaining lane.,100000.0,49.37466,4.92,False,None,0.0
7,7_scenario_1,A white SchoolBus is driving ahead (far) of the ego vehicle and maintaining lane.,100000.0,44.104539,2.94,False,None,0.0
7,7_scenario_2,A yellow Hatchback is overtaking (near) the ego vehicle and maintaining lane.,100000.0,5.003256,2.76,False,None,0.0
7,7_scenario_3,A yellow SchoolBus is overtaking (far) the ego vehicle and maintaining lane.,36.427486,14.634127,5.0200000000000005,False,None,0.0
7,7_scenario_4,A yellow Hatchback is overtaking (near) the ego vehicle and maintaining lane.,1.402572,6.581078,8.52,False,None,0.0
7,7_scenario_5,A white Jeep is driving ahead (near) of the ego vehicle and maintaining lane.,1.68008,10.758299,5.84,False,None,0.0
7,7_scenario_6,A white Hatchback is overtaking (far) the ego vehicle and maintaining lane.,5.040915,21.64519,4.06,False,None,0.0
7,7_scenario_7,A red SUV is overtaking (near) the ego vehicle and maintaining lane.,7.289494,35.63163,3.64,False,None,0.0
7,7_scenario_8,A white Sedan is driving ahead (far) of the ego vehicle and switching lane.,9.678091,28.920229,8.16,False,None,0.0
7,7_scenario_9,A skyblue Sedan is overtaking (far) the ego vehicle and switching lane.,11.943529,29.357176,13.54,False,None,0.0
7,7_scenario_10,A white Hatchback is overtaking (far) the ego vehicle and maintaining lane.,9.855549,7.426741,4.72,False,None,0.0
7,7_scenario_11,A black SUV is driving from the opposite direction (far) and switching lane.,2.500081,8.185864,5.46,False,None,0.0
7,7_scenario_12,A red SUV is overtaking (near) the ego vehicle and maintaining lane.,5.606194,8.880466,4.78,False,None,0.0
7,7_scenario_13,A yellow Sedan is driving from the opposite direction (near) and switching lane.,3.022948,8.777051,1.04,False,None,0.0
7,7_scenario_14,A red SchoolBus is overtaking (far) the ego vehicle and switching lane.,4.005443,8.519834,5.08,False,None,0.0
8,8_scenario_0,A yellow SchoolBus is overtaking (far) the ego vehicle and maintaining lane.,100000.0,47.450419,6.02,False,None,0.0
8,8_scenario_1,A red Hatchback is driving from the opposite direction (near) and switching lane.,3.5356,11.796621,1.3199999999999998,False,None,0.0
8,8_scenario_2,A red BoxTruck is driving ahead (far) of the ego vehicle and switching lane.,100000.0,34.897717,10.44,False,None,0.0
8,8_scenario_3,A black Jeep is overtaking (far) the ego vehicle and maintaining lane.,9.492226,5.182558,2.42,False,None,0.0
8,8_scenario_4,A red BoxTruck is driving from the opposite direction (near) and maintaining lane.,1.456565,5.69259,8.219999999999999,False,None,0.0
8,8_scenario_5,A skyblue SUV is crossing the road (far) and maintaining lane.,2.415985,16.169633,6.84,False,None,0.0
8,8_scenario_6,A skyblue SUV is driving from the opposite direction (near) and maintaining lane.,2.798116,19.516152,5.1,False,None,0.0
8,8_scenario_7,A skyblue BoxTruck is driving ahead (near) of the ego vehicle and switching lane.,4.065,12.179836,5.52,False,None,0.0
8,8_scenario_8,A pink Sedan is driving from the opposite direction (far) and switching lane.,5.644611,16.692513,5.18,False,None,0.0
8,8_scenario_9,A white BoxTruck is driving from the opposite direction (far) and switching lane.,5.029272,20.612402,3.6,False,None,0.0
8,8_scenario_10,A yellow BoxTruck is overtaking (far) the ego vehicle and maintaining lane.,6.157639,27.990816,4.36,False,None,0.0
8,8_scenario_11,A white SUV is driving ahead (far) of the ego vehicle and switching lane.,6.203241,4.346811,3.68,False,None,0.0
8,8_scenario_12,A white BoxTruck is overtaking (near) the ego vehicle and switching lane.,4.802453,7.946549,2.8000000000000003,False,None,0.0
8,8_scenario_13,A white BoxTruck is driving from the opposite direction (far) and switching lane.,3.102371,17.059327,0.66,False,None,0.0
8,8_scenario_14,A skyblue Jeep is overtaking (far) the ego vehicle and switching lane.,1.342456,13.343511,5.92,False,None,0.0
9,9_scenario_0,A yellow Sedan is crossing the road (far) and maintaining lane.,100000.0,42.292542,4.16,False,None,0.0
9,9_scenario_1,A skyblue SchoolBus is driving ahead (far) of the ego vehicle and switching lane.,100000.0,42.347439,3.34,False,None,0.0
9,9_scenario_2,A pink Hatchback is driving ahead (near) of the ego vehicle and switching lane.,0.818134,6.33864,8.719999999999999,False,None,0.0
9,9_scenario_3,A pink SUV is overtaking (far) the ego vehicle and maintaining lane.,100000.0,10.094849,4.9,False,None,0.0
9,9_scenario_4,A white Jeep is driving ahead (near) of the ego vehicle and maintaining lane.,5.198214,3.691374,1.92,False,None,0.0
9,9_scenario_5,A red BoxTruck is driving ahead (far) of the ego vehicle and maintaining lane.,15.239563,3.948916,15.44,False,None,0.0
9,9_scenario_6,A yellow SUV is overtaking (far) the ego vehicle and switching lane.,1.948978,12.28689,2.4200000000000004,False,None,0.0
9,9_scenario_7,A red Hatchback is driving from the opposite direction (near) and switching lane.,4.787197,16.482007,5.82,False,None,0.0
9,9_scenario_8,A red BoxTruck is overtaking (near) the ego vehicle and maintaining lane.,2.557123,11.049918,4.02,False,None,0.0
9,9_scenario_9_npc_vehicle,A black SchoolBus is crossing the road (far) and maintaining lane.,0.0,3.154531,12.760000000000002,True,npc_vehicle,3.5640769446362963
10,10_scenario_0,A red SchoolBus is overtaking (far) the ego vehicle and switching lane.,5.216653,41.571316,3.68,False,None,0.0
10,10_scenario_1_npc_vehicle,A pink Hatchback is driving ahead (near) of the ego vehicle and switching lane.,0.0,4.680856,2.96,True,npc_vehicle,0.6879002027806785
11,11_scenario_0,A red SUV is driving ahead (far) of the ego vehicle and maintaining lane.,100000.0,51.323984,3.5,False,None,0.0
11,11_scenario_1,A skyblue Jeep is driving from the opposite direction (far) and maintaining lane.,100000.0,10.556596,2.18,False,None,0.0
11,11_scenario_2,A skyblue Sedan is overtaking (far) the ego vehicle and switching lane.,0.828505,10.133917,11.239999999999998,False,None,0.0
11,11_scenario_3,A yellow BoxTruck is overtaking (far) the ego vehicle and maintaining lane.,100000.0,9.844883,5.48,False,None,0.0
11,11_scenario_4,A skyblue SUV is driving from the opposite direction (near) and maintaining lane.,0.656502,9.967286,16.6,False,None,0.0
11,11_scenario_5,A black SchoolBus is crossing the road (near) and maintaining lane.,0.852746,12.129588,6.94,False,None,0.0
11,11_scenario_6,A pink Jeep is driving ahead (far) of the ego vehicle and maintaining lane.,2.869323,27.12535,5.4,False,None,0.0
11,11_scenario_7,A white SchoolBus is driving ahead (near) of the ego vehicle and switching lane.,3.435254,12.95293,7.619999999999999,False,None,0.0
11,11_scenario_8,A black Sedan is driving ahead (near) of the ego vehicle and maintaining lane.,100000.0,13.299102,0.0,False,None,0.0
11,11_scenario_9,A red BoxTruck is driving from the opposite direction (near) and maintaining lane.,100000.0,13.299112,5.88,False,None,0.0
11,11_scenario_10,A white SUV is driving ahead (far) of the ego vehicle and switching lane.,23.103118,13.28883,7.439999999999999,False,None,0.0
11,11_scenario_11,A skyblue Hatchback is driving ahead (far) of the ego vehicle and maintaining lane.,7.948242,13.254454,6.42,False,None,0.0
12,12_scenario_0,A pink SUV is crossing the road (far) and switching lane.,100000.0,35.608863,4.54,False,None,0.0
12,12_scenario_1_npc_vehicle,A black Jeep is driving ahead (near) of the ego vehicle and switching lane.,0.0,4.672347,8.96,True,npc_vehicle,2.189385162323377
13,13_scenario_0,A pink Jeep is crossing the road (near) and switching lane.,3.387394,24.959692,3.54,False,None,0.0
13,13_scenario_1,A pink Hatchback is crossing the road (far) and maintaining lane.,3.194985,35.441334,1.1,False,None,0.0
13,13_scenario_2,A red Jeep is overtaking (near) the ego vehicle and switching lane.,1.166547,10.047657,5.16,False,None,0.0
13,13_scenario_3,A skyblue BoxTruck is driving ahead (near) of the ego vehicle and switching lane.,1.002948,9.895514,5.48,False,None,0.0
13,13_scenario_4,A red Jeep is overtaking (near) the ego vehicle and switching lane.,0.917413,11.162459,2.12,False,None,0.0
13,13_scenario_5,A skyblue Hatchback is driving ahead (far) of the ego vehicle and maintaining lane.,5.764068,19.501626,1.68,False,None,0.0
13,13_scenario_6,A black Jeep is overtaking (far) the ego vehicle and maintaining lane.,7.254125,30.539318,4.2,False,None,0.0
13,13_scenario_7,A yellow BoxTruck is overtaking (far) the ego vehicle and maintaining lane.,6.740683,26.7277,2.68,False,None,0.0
13,13_scenario_8,A black Sedan is driving ahead (near) of the ego vehicle and maintaining lane.,12.182941,5.660756,2.1,False,None,0.0
13,13_scenario_9,A black Jeep is overtaking (far) the ego vehicle and maintaining lane.,1.14254,4.115061,5.18,False,None,0.0
13,13_scenario_10,A red SUV is crossing the road (near) and maintaining lane.,4.747034,8.24428,4.5600000000000005,False,None,0.0
13,13_scenario_11,A red BoxTruck is driving ahead (far) of the ego vehicle and switching lane.,3.595913,7.855935,2.78,False,None,0.0
13,13_scenario_12,A white SUV is driving ahead (far) of the ego vehicle and switching lane.,2.878647,15.238006,0.9200000000000002,False,None,0.0
13,13_scenario_13,A red Sedan is overtaking (near) the ego vehicle and maintaining lane.,4.268767,5.486212,6.02,False,None,0.0
14,14_scenario_0,A skyblue BoxTruck is driving ahead (near) of the ego vehicle and switching lane.,100000.0,15.774006,4.3,False,None,0.0
14,14_scenario_1,A red BoxTruck is driving ahead (far) of the ego vehicle and switching lane.,1.384986,24.047603,2.68,False,None,0.0
14,14_scenario_2,A pedestrian is crossing the road from left to right.,100000.0,29.331169,4.74,False,None,0.0
14,14_scenario_3,A red SchoolBus is driving from the opposite direction (near) and maintaining lane.,3.494561,9.814716,2.28,False,None,0.0
14,14_scenario_4,A pink Hatchback is crossing the road (far) and maintaining lane.,6.821804,49.969342,6.16,False,None,0.0
14,14_scenario_5,A red BoxTruck is driving ahead (far) of the ego vehicle and maintaining lane.,23.607494,52.224771,3.76,False,None,0.0
14,14_scenario_6,A red SUV is driving ahead (far) of the ego vehicle and maintaining lane.,2.712383,35.43714,3.4000000000000004,False,None,0.0
14,14_scenario_7,A yellow Sedan is driving from the opposite direction (near) and switching lane.,2.505061,13.308798,10.14,False,None,0.0
14,14_scenario_8,A white SUV is driving ahead (far) of the ego vehicle and switching lane.,2.011214,18.566442,5.2,False,None,0.0
14,14_scenario_9,A black Sedan is driving ahead (far) of the ego vehicle and maintaining lane.,19.37013,36.805734,2.54,False,None,0.0
14,14_scenario_10,A skyblue Jeep is overtaking (far) the ego vehicle and switching lane.,9.360768,28.010299,5.24,False,None,0.0
14,14_scenario_11,A red SchoolBus is overtaking (near) the ego vehicle and switching lane.,1.193718,5.82757,5.3,False,None,0.0
14,14_scenario_12,A red BoxTruck is overtaking (near) the ego vehicle and maintaining lane.,3.870475,5.012402,5.359999999999999,False,None,0.0
14,14_scenario_13,A white BoxTruck is overtaking (far) the ego vehicle and switching lane.,2.689599,10.412358,2.5200000000000005,False,None,0.0
14,14_scenario_14,A pedestrian is crossing the road from right to left.,3.109388,6.612509,0.66,False,None,0.0
14,14_scenario_15,A pink Jeep is driving ahead (far) of the ego vehicle and maintaining lane.,3.381297,30.12942,7.0600000000000005,False,None,0.0
15,15_scenario_0,A black Jeep is driving ahead (far) of the ego vehicle and switching lane.,100000.0,50.725995,3.84,False,None,0.0
15,15_scenario_1,A yellow BoxTruck is overtaking (far) the ego vehicle and maintaining lane.,37.382546,52.328712,3.92,False,None,0.0
15,15_scenario_2,A pedestrian is crossing the road from right to left.,100000.0,12.802096,8.22,False,None,0.0
15,15_scenario_3,A white Hatchback is overtaking (far) the ego vehicle and maintaining lane.,3.320925,3.673972,5.36,False,None,0.0
15,15_scenario_4,A red SUV is driving ahead (near) of the ego vehicle and switching lane.,6.573115,5.828488,5.279999999999999,False,None,0.0
15,15_scenario_5,A red BoxTruck is overtaking (near) the ego vehicle and maintaining lane.,100000.0,15.870889,9.62,False,None,0.0
15,15_scenario_6,A skyblue Sedan is overtaking (far) the ego vehicle and switching lane.,100000.0,33.08633,1.12,False,None,0.0
15,15_scenario_7,A yellow SUV is overtaking (near) the ego vehicle and switching lane.,7.76071,53.225658,0.6400000000000001,False,None,0.0
15,15_scenario_8,A skyblue Hatchback is driving ahead (far) of the ego vehicle and maintaining lane.,9.469661,32.101392,0.32,False,None,0.0
15,15_scenario_9,A white SchoolBus is crossing the road (far) and switching lane.,13.885983,30.762369,9.66,False,None,0.0
15,15_scenario_10,A pink SUV is overtaking (far) the ego vehicle and maintaining lane.,11.393573,29.983982,2.26,False,None,0.0
15,15_scenario_11,A yellow SchoolBus is overtaking (far) the ego vehicle and maintaining lane.,0.698994,5.562036,5.76,False,None,0.0
15,15_scenario_12,A yellow SchoolBus is driving from the opposite direction (near) and switching lane.,3.900013,5.306361,4.46,False,None,0.0
15,15_scenario_13,A red SchoolBus is overtaking (near) the ego vehicle and switching lane.,2.88146,11.381231,2.68,False,None,0.0
15,15_scenario_14,A black SchoolBus is driving ahead (near) of the ego vehicle and maintaining lane.,3.882492,11.19638,4.52,False,None,0.0
16,16_scenario_0,A black Jeep is overtaking (far) the ego vehicle and maintaining lane.,100000.0,47.649922,2.78,False,None,0.0
16,16_scenario_1,A black Sedan is driving ahead (far) of the ego vehicle and maintaining lane.,100000.0,44.535144,1.08,False,None,0.0
16,16_scenario_2,A black Sedan is driving ahead (far) of the ego vehicle and maintaining lane.,2.534041,27.015948,6.92,False,None,0.0
16,16_scenario_3,A white Jeep is crossing the road (far) and maintaining lane.,8.047612,29.310798,1.38,False,None,0.0
16,16_scenario_4,A red Sedan is overtaking (near) the ego vehicle and maintaining lane.,100000.0,11.658968,10.36,False,None,0.0
16,16_scenario_5,A yellow SUV is overtaking (near) the ego vehicle and switching lane.,2.514099,19.248152,0.5399999999999999,False,None,0.0
16,16_scenario_6,A skyblue Sedan is overtaking (far) the ego vehicle and switching lane.,10.174438,34.951977,0.64,False,None,0.0
16,16_scenario_7,A black Jeep is driving ahead (far) of the ego vehicle and switching lane.,11.954909,43.450624,5.26,False,None,0.0
16,16_scenario_8,A yellow SUV is overtaking (near) the ego vehicle and switching lane.,3.177899,7.550968,5.6,False,None,0.0
16,16_scenario_9,A black Jeep is overtaking (near) the ego vehicle and maintaining lane.,0.851935,2.79707,5.78,False,None,0.0
16,16_scenario_10,A red BoxTruck is driving ahead (far) of the ego vehicle and switching lane.,4.322458,17.682768,4.1,False,None,0.0
16,16_scenario_11,A black Jeep is driving ahead (far) of the ego vehicle and switching lane.,6.620201,5.031912,3.02,False,None,0.0
16,16_scenario_12,A white Sedan is driving ahead (far) of the ego vehicle and switching lane.,2.617931,6.351705,0.94,False,None,0.0
16,16_scenario_13,A white BoxTruck is overtaking (far) the ego vehicle and switching lane.,1.975476,8.451869,6.0,False,None,0.0
17,17_scenario_0,A yellow Jeep is driving from the opposite direction (far) and switching lane.,100000.0,15.531187,3.0200000000000005,False,None,0.0
17,17_scenario_1,A yellow Jeep is driving from the opposite direction (far) and switching lane.,100000.0,11.896333,2.0,False,None,0.0
17,17_scenario_2,A black SchoolBus is driving ahead (near) of the ego vehicle and maintaining lane.,0.533856,8.078404,10.1,False,None,0.0
17,17_scenario_3,A black Sedan is driving ahead (near) of the ego vehicle and maintaining lane.,4.433611,16.375742,4.24,False,None,0.0
17,17_scenario_4,A yellow Hatchback is driving ahead (near) of the ego vehicle and maintaining lane.,5.187524,27.148855,16.36,False,None,0.0
17,17_scenario_5,A pink BoxTruck is driving ahead (near) of the ego vehicle and maintaining lane.,6.127891,24.496371,7.54,False,None,0.0
17,17_scenario_6,A white Jeep is driving ahead (near) of the ego vehicle and maintaining lane.,1.591483,9.386677,5.46,False,None,0.0
17,17_scenario_7,A white SchoolBus is driving ahead (near) of the ego vehicle and switching lane.,7.012856,21.062654,4.44,False,None,0.0
17,17_scenario_8,A white BoxTruck is driving from the opposite direction (far) and switching lane.,4.766668,28.037399,2.08,False,None,0.0
17,17_scenario_9,A yellow Hatchback is overtaking (near) the ego vehicle and maintaining lane.,0.463415,6.706077,3.74,False,None,0.0
17,17_scenario_10,A yellow BoxTruck is overtaking (far) the ego vehicle and maintaining lane.,1.001214,5.425713,1.52,False,None,0.0
17,17_scenario_11,A pink SUV is overtaking (far) the ego vehicle and maintaining lane.,1.300005,4.998388,4.68,False,None,0.0
17,17_scenario_12,A red BoxTruck is driving ahead (far) of the ego vehicle and switching lane.,1.290338,4.766473,4.3,False,None,0.0
17,17_scenario_13,A yellow Jeep is driving from the opposite direction (far) and switching lane.,3.792713,27.035225,3.1,False,None,0.0
17,17_scenario_14,A black SchoolBus is overtaking (near) the ego vehicle and maintaining lane.,4.933046,4.981579,1.0,False,None,0.0
17,17_scenario_15,A pink Jeep is driving ahead (far) of the ego vehicle and maintaining lane.,2.761685,23.076993,0.6799999999999999,False,None,0.0
18,18_scenario_0,A black Jeep is overtaking (far) the ego vehicle and maintaining lane.,100000.0,47.827516,4.02,False,None,0.0
18,18_scenario_1,A red BoxTruck is driving ahead (far) of the ego vehicle and maintaining lane.,100000.0,45.196674,1.36,False,None,0.0
18,18_scenario_2,A pink Sedan is driving from the opposite direction (far) and maintaining lane.,106.697739,8.944569,12.88,False,None,0.0
18,18_scenario_3,A red SUV is crossing the road (near) and maintaining lane.,100000.0,50.739626,11.44,False,None,0.0
18,18_scenario_4,A red BoxTruck is overtaking (near) the ego vehicle and maintaining lane.,1.496623,20.288237,6.98,False,None,0.0
18,18_scenario_5,A skyblue Hatchback is driving ahead (far) of the ego vehicle and maintaining lane.,100000.0,23.744615,2.94,False,None,0.0
18,18_scenario_6,A black SUV is driving from the opposite direction (far) and switching lane.,7.589612,33.320757,10.9,False,None,0.0
18,18_scenario_7,A pink Jeep is driving ahead (far) of the ego vehicle and maintaining lane.,5.909636,38.131695,3.78,False,None,0.0
18,18_scenario_8,A skyblue Hatchback is driving from the opposite direction (far) and maintaining lane.,5.383443,42.573487,2.1,False,None,0.0
18,18_scenario_9,A yellow Sedan is overtaking (near) the ego vehicle and switching lane.,12.679325,7.370504,4.7,False,None,0.0
18,18_scenario_10,A yellow Hatchback is overtaking (far) the ego vehicle and switching lane.,2.977179,8.069265,4.34,False,None,0.0
18,18_scenario_11,A pedestrian is crossing the road from left to right.,3.563932,22.981636,4.36,False,None,0.0
18,18_scenario_12,A skyblue BoxTruck is driving ahead (near) of the ego vehicle and switching lane.,4.396713,15.363326,0.9,False,None,0.0
19,19_scenario_0,A red BoxTruck is driving from the opposite direction (far) and maintaining lane.,100000.0,8.582494,3.66,False,None,0.0
19,19_scenario_1,A yellow SUV is overtaking (near) the ego vehicle and switching lane.,0.806574,12.711948,0.4199999999999999,False,None,0.0
19,19_scenario_2,A skyblue SUV is crossing the road (far) and maintaining lane.,0.786948,15.388393,6.02,False,None,0.0
19,19_scenario_3,A white Jeep is driving ahead (near) of the ego vehicle and maintaining lane.,100000.0,14.33928,9.18,False,None,0.0
19,19_scenario_4,A red SchoolBus is overtaking (far) the ego vehicle and switching lane.,1.401796,16.208947,3.34,False,None,0.0
19,19_scenario_5,A red BoxTruck is overtaking (near) the ego vehicle and maintaining lane.,3.689744,26.219111,0.66,False,None,0.0
19,19_scenario_6,A red SUV is driving ahead (far) of the ego vehicle and maintaining lane.,3.629716,32.701884,0.4200000000000001,False,None,0.0
19,19_scenario_7,A red Sedan is overtaking (near) the ego vehicle and maintaining lane.,3.797609,4.20701,6.279999999999999,False,None,0.0
19,19_scenario_8,A black Jeep is overtaking (far) the ego vehicle and maintaining lane.,0.976301,13.828387,15.32,False,None,0.0
19,19_scenario_9,A white Jeep is driving ahead (near) of the ego vehicle and maintaining lane.,2.834455,6.456642,6.119999999999999,False,None,0.0
19,19_scenario_10,A skyblue Sedan is overtaking (far) the ego vehicle and switching lane.,2.458013,4.039595,2.34,False,None,0.0
19,19_scenario_11,A pink Sedan is driving from the opposite direction (far) and switching lane.,2.665245,10.654346,1.16,False,None,0.0
19,19_scenario_12,A yellow SchoolBus is overtaking (far) the ego vehicle and maintaining lane.,1.337497,22.295241,4.68,False,None,0.0
19,19_scenario_13,A skyblue Jeep is overtaking (far) the ego vehicle and switching lane.,2.350413,4.704962,5.9,False,None,0.0
19,19_scenario_14,A red Hatchback is crossing the road (near) and switching lane.,3.388772,6.542007,6.4,False,None,0.0
19,19_scenario_15,A yellow SchoolBus is overtaking (far) the ego vehicle and maintaining lane.,1.817468,19.799332,7.08,False,None,0.0
