Execution,ScenarioID,Configuration_API_Description,Attribute[TTC],Attribute[DTO],Attribute[Jerk],Attribute[COL],Attribute[COLT],Attribute[SAC]
0,0_scenario_0,A pink SUV is overtaking (far) the ego vehicle and maintaining lane.,100000.0,26.907118,2.76,False,None,0.0
0,0_scenario_1,A white Jeep is driving ahead (near) of the ego vehicle and maintaining lane.,0.76559,5.58912,14.74,False,None,0.0
0,0_scenario_2,A white BoxTruck is overtaking (far) the ego vehicle and switching lane.,100000.0,4.112641,0.4999999999999999,False,None,0.0
0,0_scenario_3,A yellow SUV is overtaking (near) the ego vehicle and switching lane.,24.586701,3.809645,0.8999999999999999,False,None,0.0
0,0_scenario_4,A pink Sedan is driving from the opposite direction (far) and switching lane.,27.522948,4.14133,3.3600000000000003,False,None,0.0
0,0_scenario_5,A white SUV is driving ahead (far) of the ego vehicle and switching lane.,3.366533,7.157771,16.34,False,None,0.0
0,0_scenario_6,A pink SchoolBus is driving from the opposite direction (far) and maintaining lane.,7.360031,12.707264,2.48,False,None,0.0
0,0_scenario_7,A skyblue SUV is crossing the road (far) and maintaining lane.,2.920465,10.26691,2.52,False,None,0.0
0,0_scenario_8,A pink BoxTruck is driving ahead (near) of the ego vehicle and maintaining lane.,6.088318,6.361311,4.319999999999999,False,None,0.0
0,0_scenario_9,A white BoxTruck is driving from the opposite direction (far) and switching lane.,6.946728,3.361615,3.84,False,None,0.0
0,0_scenario_10,A white Jeep is driving ahead (near) of the ego vehicle and maintaining lane.,26.58165,11.927088,5.34,False,None,0.0
0,0_scenario_11,A red SUV is driving ahead (near) of the ego vehicle and switching lane.,1.195165,11.777845,4.38,False,None,0.0
0,0_scenario_12,A yellow Hatchback is driving ahead (near) of the ego vehicle and maintaining lane.,6.925281,13.251206,1.06,False,None,0.0
0,0_scenario_13,A white SchoolBus is driving from the opposite direction (far) and switching lane.,100000.0,31.163446,6.0,False,None,0.0
1,1_scenario_0,A white SchoolBus is driving from the opposite direction (far) and switching lane.,4.69899,51.615331,3.34,False,None,0.0
1,1_scenario_1,A yellow BoxTruck is overtaking (far) the ego vehicle and maintaining lane.,8.814284,44.447685,1.04,False,None,0.0
1,1_scenario_2,A red SUV is overtaking (near) the ego vehicle and maintaining lane.,9.427742,16.591975,0.9000000000000001,False,None,0.0
1,1_scenario_3,A pink Jeep is driving ahead (far) of the ego vehicle and maintaining lane.,6.266949,40.111002,4.16,False,None,0.0
1,1_scenario_4,A yellow Sedan is overtaking (far) the ego vehicle and maintaining lane.,8.862412,23.935601,2.58,False,None,0.0
1,1_scenario_5,A white Jeep is driving ahead (near) of the ego vehicle and maintaining lane.,0.471638,4.985029,10.82,False,None,0.0
1,1_scenario_6,A yellow Hatchback is overtaking (near) the ego vehicle and maintaining lane.,1.805485,3.850823,6.359999999999999,False,None,0.0
1,1_scenario_7,A red SUV is driving ahead (far) of the ego vehicle and maintaining lane.,5.458212,3.933296,4.26,False,None,0.0
1,1_scenario_8,A pedestrian is crossing the road from left to right.,7.899334,4.127543,4.38,False,None,0.0
1,1_scenario_9,A black Sedan is driving ahead (near) of the ego vehicle and maintaining lane.,6.446618,3.775909,5.8,False,None,0.0
1,1_scenario_10,A red Hatchback is crossing the road (near) and switching lane.,100000.0,3.789245,5.8,False,None,0.0
1,1_scenario_11,A black Sedan is driving ahead (near) of the ego vehicle and maintaining lane.,100000.0,3.817303,5.8,False,None,0.0
1,1_scenario_12,A yellow Hatchback is overtaking (far) the ego vehicle and switching lane.,100000.0,3.845408,5.8,False,None,0.0
1,1_scenario_13,A white Jeep is crossing the road (far) and maintaining lane.,100000.0,3.873554,5.8,False,None,0.0
1,1_scenario_14,A black Sedan is driving ahead (far) of the ego vehicle and maintaining lane.,100000.0,3.902071,5.8,False,None,0.0
1,1_scenario_15,A pink BoxTruck is driving ahead (near) of the ego vehicle and maintaining lane.,100000.0,3.9305,5.8,False,None,0.0
1,1_scenario_16,A yellow SUV is overtaking (far) the ego vehicle and switching lane.,100000.0,3.95903,0.0,False,None,0.0
2,2_scenario_0,A pink Hatchback is crossing the road (far) and maintaining lane.,100000.0,16.560057,3.72,False,None,0.0
2,2_scenario_1,A white Sedan is driving ahead (far) of the ego vehicle and switching lane.,0.788427,9.740897,5.92,False,None,0.0
2,2_scenario_2,A yellow Hatchback is driving ahead (near) of the ego vehicle and maintaining lane.,5.309051,5.503878,0.74,False,None,0.0
2,2_scenario_3,A skyblue Jeep is driving from the opposite direction (far) and maintaining lane.,5.943966,6.439341,0.5999999999999999,False,None,0.0
2,2_scenario_4,A white SchoolBus is driving ahead (near) of the ego vehicle and switching lane.,5.179642,5.561551,14.6,False,None,0.0
2,2_scenario_5,A yellow SUV is driving from the opposite direction (near) and switching lane.,2.02057,8.325793,4.44,False,None,0.0
2,2_scenario_6,A yellow Sedan is overtaking (near) the ego vehicle and switching lane.,3.951476,10.852478,8.54,False,None,0.0
2,2_scenario_7,A skyblue BoxTruck is driving ahead (near) of the ego vehicle and switching lane.,2.066552,10.644077,6.76,False,None,0.0
2,2_scenario_8,A black SchoolBus is crossing the road (far) and maintaining lane.,4.367786,14.67599,2.28,False,None,0.0
2,2_scenario_9,A yellow Sedan is overtaking (far) the ego vehicle and maintaining lane.,17.514553,18.706968,5.76,False,None,0.0
2,2_scenario_10,A red BoxTruck is driving ahead (far) of the ego vehicle and switching lane.,4.045998,6.650574,4.86,False,None,0.0
2,2_scenario_11,A skyblue SchoolBus is driving ahead (far) of the ego vehicle and switching lane.,18.277549,5.077285,8.280000000000001,False,None,0.0
2,2_scenario_12,A yellow Hatchback is overtaking (near) the ego vehicle and maintaining lane.,1.062682,4.169352,5.42,False,None,0.0
2,2_scenario_13,A red SchoolBus is overtaking (far) the ego vehicle and switching lane.,1.629173,2.895068,2.58,False,None,0.0
2,2_scenario_14,A yellow BoxTruck is overtaking (far) the ego vehicle and maintaining lane.,3.018917,7.55949,1.0,False,None,0.0
2,2_scenario_15,A skyblue Sedan is driving ahead (near) of the ego vehicle and switching lane.,7.395918,8.271481,1.44,False,None,0.0
2,2_scenario_16,A red Hatchback is crossing the road (near) and switching lane.,5.422519,3.17508,5.3,False,None,0.0
3,3_scenario_0,A white Jeep is driving ahead (near) of the ego vehicle and maintaining lane.,1.923927,8.551671,3.22,False,None,0.0
3,3_scenario_1,A red BoxTruck is driving ahead (far) of the ego vehicle and switching lane.,16.505772,9.093966,6.28,False,None,0.0
3,3_scenario_2,A pink SUV is overtaking (far) the ego vehicle and maintaining lane.,13.824493,10.091144,0.98,False,None,0.0
3,3_scenario_3,A black SchoolBus is driving ahead (near) of the ego vehicle and maintaining lane.,0.577963,8.589482,6.78,False,None,0.0
3,3_scenario_4,A white SchoolBus is driving ahead (near) of the ego vehicle and switching lane.,3.70469,11.081646,4.96,False,None,0.0
3,3_scenario_5,A yellow SUV is overtaking (far) the ego vehicle and switching lane.,4.751865,4.088069,5.1,False,None,0.0
3,3_scenario_6,A red SchoolBus is overtaking (far) the ego vehicle and switching lane.,4.967155,6.347194,4.300000000000001,False,None,0.0
3,3_scenario_7,A white Hatchback is driving ahead (far) of the ego vehicle and switching lane.,4.538703,14.259568,5.880000000000001,False,None,0.0
3,3_scenario_8,A pink Jeep is driving ahead (far) of the ego vehicle and maintaining lane.,5.715295,17.722362,11.74,False,None,0.0
3,3_scenario_9,A black Hatchback is overtaking (near) the ego vehicle and switching lane.,3.367291,12.895656,6.56,False,None,0.0
3,3_scenario_10,A black Hatchback is overtaking (near) the ego vehicle and switching lane.,8.967959,8.591769,2.08,False,None,0.0
3,3_scenario_11,A black SchoolBus is overtaking (near) the ego vehicle and maintaining lane.,1.256114,2.897031,10.04,False,None,0.0
3,3_scenario_12,A skyblue Hatchback is driving ahead (far) of the ego vehicle and maintaining lane.,2.899519,3.307112,8.12,False,None,0.0
3,3_scenario_13,A red SUV is driving ahead (far) of the ego vehicle and maintaining lane.,1.774508,20.206632,2.6,False,None,0.0
3,3_scenario_14,A red SUV is overtaking (near) the ego vehicle and maintaining lane.,0.903173,5.385179,5.56,False,None,0.0
3,3_scenario_15,A white SUV is driving ahead (far) of the ego vehicle and switching lane.,4.834008,31.446184,0.98,False,None,0.0
4,4_scenario_0,A black Jeep is overtaking (near) the ego vehicle and maintaining lane.,6.804839,3.83722,4.12,False,None,0.0
4,4_scenario_1,A white Jeep is driving ahead (near) of the ego vehicle and maintaining lane.,4.559476,3.780845,2.14,False,None,0.0
4,4_scenario_2,A pink Hatchback is driving ahead (near) of the ego vehicle and switching lane.,100000.0,3.949914,0.5800000000000001,False,None,0.0
4,4_scenario_3,A yellow Sedan is crossing the road (far) and maintaining lane.,2.368997,5.976278,9.84,False,None,0.0
4,4_scenario_4,A skyblue Sedan is overtaking (far) the ego vehicle and switching lane.,5.781574,16.30006,2.42,False,None,0.0
4,4_scenario_5,A red BoxTruck is overtaking (near) the ego vehicle and maintaining lane.,13.149976,10.323441,6.18,False,None,0.0
4,4_scenario_6,A pink BoxTruck is crossing the road (near) and switching lane.,1.372429,10.283054,11.9,False,None,0.0
4,4_scenario_7,A black Sedan is driving ahead (near) of the ego vehicle and maintaining lane.,1.462111,6.563665,10.760000000000002,False,None,0.0
4,4_scenario_8,A red SUV is driving ahead (far) of the ego vehicle and maintaining lane.,4.682363,9.717457,5.62,False,None,0.0
4,4_scenario_9,A pink Sedan is driving from the opposite direction (far) and maintaining lane.,9.815597,5.392285,11.48,False,None,0.0
4,4_scenario_10,A red Hatchback is crossing the road (far) and switching lane.,9.528151,3.28324,2.72,False,None,0.0
4,4_scenario_11,A skyblue Sedan is overtaking (far) the ego vehicle and switching lane.,7.306945,8.820455,5.04,False,None,0.0
4,4_scenario_12,A yellow SUV is driving from the opposite direction (near) and switching lane.,8.562641,19.894335,5.04,False,None,0.0
4,4_scenario_13,A red Hatchback is crossing the road (near) and switching lane.,100000.0,14.447771,0.6,False,None,0.0
4,4_scenario_14,A red SUV is overtaking (near) the ego vehicle and maintaining lane.,5.632278,5.442628,6.1,False,None,0.0
5,5_scenario_0,A red SchoolBus is overtaking (near) the ego vehicle and switching lane.,2.793618,12.131203,2.4400000000000004,False,None,0.0
5,5_scenario_1,A yellow Sedan is overtaking (far) the ego vehicle and maintaining lane.,11.613881,15.374656,1.84,False,None,0.0
5,5_scenario_2,A red BoxTruck is driving ahead (far) of the ego vehicle and switching lane.,31.299466,15.052574,4.239999999999999,False,None,0.0
5,5_scenario_3,A yellow SUV is overtaking (far) the ego vehicle and switching lane.,10.94487,12.191143,6.72,False,None,0.0
5,5_scenario_4,A skyblue Sedan is driving ahead (near) of the ego vehicle and switching lane.,27.83304,7.230873,7.6,False,None,0.0
5,5_scenario_5,A yellow Hatchback is overtaking (near) the ego vehicle and maintaining lane.,2.275464,3.920832,5.92,False,None,0.0
5,5_scenario_6,A yellow Hatchback is overtaking (near) the ego vehicle and maintaining lane.,3.623824,12.169856,1.6800000000000002,False,None,0.0
5,5_scenario_7,A black Hatchback is overtaking (near) the ego vehicle and switching lane.,3.765756,12.485407,2.3,False,None,0.0
5,5_scenario_8,A pink Sedan is driving from the opposite direction (far) and maintaining lane.,8.229791,22.42417,4.44,False,None,0.0
5,5_scenario_9,A white Jeep is crossing the road (far) and maintaining lane.,7.462875,22.882481,5.54,False,None,0.0
5,5_scenario_10,A red SUV is driving ahead (far) of the ego vehicle and maintaining lane.,8.903315,8.145214,4.859999999999999,False,None,0.0
5,5_scenario_11,A white SchoolBus is driving ahead (far) of the ego vehicle and maintaining lane.,100000.0,4.222618,5.16,False,None,0.0
5,5_scenario_12,A pink Hatchback is crossing the road (far) and maintaining lane.,100000.0,21.28421,4.159999999999999,False,None,0.0
5,5_scenario_13,A white Jeep is driving ahead (near) of the ego vehicle and maintaining lane.,100000.0,13.527632,0.5999999999999999,False,None,0.0
5,5_scenario_14,A black SchoolBus is overtaking (near) the ego vehicle and maintaining lane.,1.500027,9.303019,6.14,False,None,0.0
6,6_scenario_0,A white BoxTruck is overtaking (near) the ego vehicle and switching lane.,3.359262,12.325481,4.0600000000000005,False,None,0.0
6,6_scenario_1,A black SUV is driving ahead (near) of the ego vehicle and maintaining lane.,0.927534,5.978986,1.1,False,None,0.0
6,6_scenario_2,A white Jeep is driving ahead (near) of the ego vehicle and maintaining lane.,1.296776,5.45702,10.5,False,None,0.0
6,6_scenario_3,A red Hatchback is crossing the road (near) and switching lane.,2.683597,22.380315,3.02,False,None,0.0
6,6_scenario_4,A black SchoolBus is driving ahead (near) of the ego vehicle and maintaining lane.,0.777656,9.686003,11.34,False,None,0.0
6,6_scenario_5,A yellow Hatchback is overtaking (far) the ego vehicle and switching lane.,3.989484,11.989989,5.619999999999999,False,None,0.0
6,6_scenario_6,A black SchoolBus is overtaking (near) the ego vehicle and maintaining lane.,9.62037,13.095257,1.34,False,None,0.0
6,6_scenario_7,A pink Jeep is driving ahead (far) of the ego vehicle and maintaining lane.,15.017342,13.062882,15.08,False,None,0.0
6,6_scenario_8,A red SchoolBus is overtaking (far) the ego vehicle and switching lane.,2.922199,13.54257,10.6,False,None,0.0
6,6_scenario_9,A yellow Sedan is overtaking (far) the ego vehicle and maintaining lane.,5.949541,25.368332,0.74,False,None,0.0
6,6_scenario_10,A pink Jeep is crossing the road (near) and switching lane.,1.4214,9.675172,3.68,False,None,0.0
6,6_scenario_11,A pedestrian is crossing the road from left to right.,3.050479,13.152276,4.98,False,None,0.0
6,6_scenario_12,A pink SchoolBus is driving from the opposite direction (far) and maintaining lane.,100000.0,9.751084,10.32,False,None,0.0
6,6_scenario_13,A yellow Hatchback is overtaking (near) the ego vehicle and maintaining lane.,34.346379,5.410658,8.26,False,None,0.0
6,6_scenario_14,A red BoxTruck is driving ahead (far) of the ego vehicle and switching lane.,1.695935,4.699159,4.0,False,None,0.0
6,6_scenario_15,A yellow Hatchback is overtaking (far) the ego vehicle and switching lane.,100000.0,6.15996,2.3000000000000003,False,None,0.0
6,6_scenario_16,A red BoxTruck is driving from the opposite direction (near) and maintaining lane.,4.893761,4.06754,1.6199999999999997,False,None,0.0
7,7_scenario_0,A black SchoolBus is overtaking (near) the ego vehicle and maintaining lane.,100000.0,10.009218,2.8200000000000003,False,None,0.0
7,7_scenario_1,A pink BoxTruck is driving ahead (near) of the ego vehicle and maintaining lane.,7.653486,8.002397,10.68,False,None,0.0
7,7_scenario_2,A red BoxTruck is driving ahead (far) of the ego vehicle and switching lane.,8.034278,7.982,2.5,False,None,0.0
7,7_scenario_3,A yellow Hatchback is overtaking (near) the ego vehicle and maintaining lane.,4.48614,3.785101,4.04,False,None,0.0
7,7_scenario_4,A yellow SUV is overtaking (far) the ego vehicle and switching lane.,1.371615,9.818792,3.4599999999999995,False,None,0.0
7,7_scenario_5,A pink SUV is crossing the road (far) and switching lane.,1.799788,8.820996,12.4,False,None,0.0
7,7_scenario_6,A skyblue Sedan is driving ahead (near) of the ego vehicle and switching lane.,0.707506,6.737383,11.82,False,None,0.0
7,7_scenario_7,A white Jeep is driving ahead (near) of the ego vehicle and maintaining lane.,1.658111,5.932996,7.9,False,None,0.0
7,7_scenario_8,A pink Hatchback is driving ahead (near) of the ego vehicle and switching lane.,2.997252,17.390622,4.52,False,None,0.0
7,7_scenario_9,A white SUV is driving ahead (far) of the ego vehicle and switching lane.,6.158273,31.458286,5.0,False,None,0.0
7,7_scenario_10,A skyblue Jeep is driving from the opposite direction (far) and maintaining lane.,10.865482,43.365304,2.94,False,None,0.0
7,7_scenario_11,A pink BoxTruck is driving ahead (near) of the ego vehicle and maintaining lane.,4.879605,13.517321,5.76,False,None,0.0
7,7_scenario_12,A yellow Sedan is overtaking (near) the ego vehicle and switching lane.,4.450135,7.152422,5.58,False,None,0.0
7,7_scenario_13,A yellow Sedan is overtaking (near) the ego vehicle and switching lane.,11.38386,5.324627,2.58,False,None,0.0
7,7_scenario_14,A yellow BoxTruck is overtaking (far) the ego vehicle and maintaining lane.,1.552465,18.393218,1.02,False,None,0.0
7,7_scenario_15,A pink SchoolBus is crossing the road (near) and switching lane.,14.553053,4.501101,6.24,False,None,0.0
8,8_scenario_0,A pedestrian is crossing the road from left to right.,100000.0,16.34689,5.86,False,None,0.0
8,8_scenario_1,A black Sedan is driving ahead (near) of the ego vehicle and maintaining lane.,100000.0,8.856044,5.96,False,None,0.0
8,8_scenario_2,A white BoxTruck is overtaking (near) the ego vehicle and switching lane.,10.474832,3.974374,7.9,False,None,0.0
8,8_scenario_3,A pink Hatchback is crossing the road (far) and maintaining lane.,2.194021,8.377772,1.3199999999999998,False,None,0.0
8,8_scenario_4,A black Jeep is overtaking (near) the ego vehicle and maintaining lane.,70.45802,13.54103,0.3999999999999999,False,None,0.0
8,8_scenario_5,A white BoxTruck is driving from the opposite direction (far) and switching lane.,6.759964,13.228027,5.38,False,None,0.0
8,8_scenario_6,A black SchoolBus is driving ahead (near) of the ego vehicle and maintaining lane.,0.627686,9.177858,7.28,False,None,0.0
8,8_scenario_7,A white SchoolBus is driving ahead (far) of the ego vehicle and maintaining lane.,3.518407,12.261876,6.3,False,None,0.0
8,8_scenario_8,A pink Hatchback is driving ahead (near) of the ego vehicle and switching lane.,17.48857,15.81658,12.46,False,None,0.0
8,8_scenario_9,A red Hatchback is crossing the road (far) and switching lane.,4.927041,12.267529,6.74,False,None,0.0
8,8_scenario_10,A red SUV is driving ahead (near) of the ego vehicle and switching lane.,2.251036,11.695767,3.86,False,None,0.0
8,8_scenario_11,A red SchoolBus is overtaking (far) the ego vehicle and switching lane.,5.448322,12.276395,9.02,False,None,0.0
8,8_scenario_12,A yellow Sedan is overtaking (far) the ego vehicle and maintaining lane.,13.183937,10.077,5.36,False,None,0.0
8,8_scenario_13,A pink SchoolBus is crossing the road (near) and switching lane.,1.478348,3.039609,5.1000000000000005,False,None,0.0
8,8_scenario_14,A red SUV is crossing the road (near) and maintaining lane.,2.192462,21.509997,2.38,False,None,0.0
8,8_scenario_15,A white BoxTruck is overtaking (far) the ego vehicle and switching lane.,100000.0,7.185017,0.9,False,None,0.0
8,8_scenario_16,A black SUV is driving ahead (near) of the ego vehicle and maintaining lane.,6.373391,3.932043,6.66,False,None,0.0
8,8_scenario_17,A pink Sedan is driving from the opposite direction (near) and maintaining lane.,54.436795,22.604741,5.18,False,None,0.0
8,8_scenario_18,A pink SUV is overtaking (far) the ego vehicle and maintaining lane.,1.161498,6.690735,6.78,False,None,0.0
9,9_scenario_0,A white Sedan is driving ahead (far) of the ego vehicle and switching lane.,14.138657,50.841097,2.7,False,None,0.0
9,9_scenario_1,A red Hatchback is driving from the opposite direction (near) and switching lane.,3.16354,17.741422,0.9600000000000002,False,None,0.0
9,9_scenario_2,A red SchoolBus is overtaking (far) the ego vehicle and switching lane.,3.698652,39.42887,0.5599999999999999,False,None,0.0
9,9_scenario_3,A black Hatchback is overtaking (near) the ego vehicle and switching lane.,5.874243,10.368202,1.6,False,None,0.0
9,9_scenario_4,A pink Hatchback is driving from the opposite direction (far) and switching lane.,26.156254,10.004084,8.82,False,None,0.0
9,9_scenario_5,A red Hatchback is crossing the road (far) and switching lane.,2.487216,9.884247,5.92,False,None,0.0
9,9_scenario_6,A red BoxTruck is driving ahead (far) of the ego vehicle and switching lane.,8.560509,12.087315,6.78,False,None,0.0
9,9_scenario_7,A red Jeep is overtaking (near) the ego vehicle and switching lane.,5.757456,9.749583,5.98,False,None,0.0
9,9_scenario_8,A white SchoolBus is driving ahead (near) of the ego vehicle and switching lane.,2.377086,6.774868,7.42,False,None,0.0
9,9_scenario_9,A pink SUV is crossing the road (far) and switching lane.,3.936203,6.704121,10.42,False,None,0.0
9,9_scenario_10,A black Sedan is driving ahead (near) of the ego vehicle and maintaining lane.,4.549368,3.819624,6.300000000000001,False,None,0.0
9,9_scenario_11,A red BoxTruck is driving from the opposite direction (near) and maintaining lane.,562.988185,3.311012,4.9,False,None,0.0
9,9_scenario_12,A yellow Hatchback is overtaking (near) the ego vehicle and maintaining lane.,8.39355,4.25765,5.08,False,None,0.0
9,9_scenario_13,A red SchoolBus is driving from the opposite direction (near) and maintaining lane.,1.088779,19.241271,1.1,False,None,0.0
9,9_scenario_14,A skyblue Hatchback is driving from the opposite direction (far) and maintaining lane.,100000.0,39.54071,1.08,False,None,0.0
9,9_scenario_15,A white Sedan is driving ahead (far) of the ego vehicle and switching lane.,100000.0,45.994245,7.2,False,None,0.0
10,10_scenario_0,A red BoxTruck is overtaking (near) the ego vehicle and maintaining lane.,100000.0,9.333772,3.16,False,None,0.0
10,10_scenario_1,A white BoxTruck is overtaking (far) the ego vehicle and switching lane.,100000.0,8.02861,2.66,False,None,0.0
10,10_scenario_2,A red SUV is overtaking (near) the ego vehicle and maintaining lane.,2.874514,8.614359,0.8399999999999999,False,None,0.0
10,10_scenario_3,A white Sedan is driving ahead (far) of the ego vehicle and switching lane.,100000.0,10.412054,4.16,False,None,0.0
10,10_scenario_4,A black Jeep is overtaking (near) the ego vehicle and maintaining lane.,108.794808,7.528315,8.4,False,None,0.0
10,10_scenario_5,A black SUV is driving from the opposite direction (far) and switching lane.,1.676354,6.986562,10.0,False,None,0.0
10,10_scenario_6,A yellow Hatchback is driving ahead (near) of the ego vehicle and maintaining lane.,0.85361,6.226868,5.66,False,None,0.0
10,10_scenario_7,A pink BoxTruck is crossing the road (near) and switching lane.,1.335286,9.536544,6.92,False,None,0.0
10,10_scenario_8,A black SchoolBus is overtaking (near) the ego vehicle and maintaining lane.,3.369282,5.205829,5.26,False,None,0.0
10,10_scenario_9,A white Sedan is driving ahead (far) of the ego vehicle and switching lane.,3.77124,9.836542,4.62,False,None,0.0
10,10_scenario_10,A yellow BoxTruck is overtaking (far) the ego vehicle and maintaining lane.,11.343717,4.007491,6.02,False,None,0.0
10,10_scenario_11,A black SUV is driving from the opposite direction (far) and switching lane.,2.93204,4.264835,7.26,False,None,0.0
10,10_scenario_12,A skyblue SchoolBus is driving ahead (far) of the ego vehicle and switching lane.,3.726059,11.938975,2.88,False,None,0.0
10,10_scenario_13,A white SchoolBus is crossing the road (far) and switching lane.,79.388018,9.873679,1.2,False,None,0.0
10,10_scenario_14,A white Hatchback is driving ahead (far) of the ego vehicle and switching lane.,100000.0,3.47697,2.54,False,None,0.0
10,10_scenario_15,A white Sedan is driving ahead (far) of the ego vehicle and switching lane.,4.846214,17.569417,4.6,False,None,0.0
11,11_scenario_0,A pink Sedan is driving from the opposite direction (far) and maintaining lane.,5.153453,51.387763,2.4800000000000004,False,None,0.0
11,11_scenario_1,A pedestrian is crossing the road from right to left.,6.259667,7.865546,9.86,False,None,0.0
11,11_scenario_2,A skyblue BoxTruck is driving ahead (near) of the ego vehicle and switching lane.,6.316487,3.474134,7.72,False,None,0.0
11,11_scenario_3,A white SUV is driving ahead (far) of the ego vehicle and switching lane.,64.157716,14.528709,2.04,False,None,0.0
11,11_scenario_4,A white Sedan is driving ahead (far) of the ego vehicle and switching lane.,54.371684,41.832568,2.76,False,None,0.0
11,11_scenario_5,A pink BoxTruck is driving ahead (near) of the ego vehicle and maintaining lane.,3.135781,8.036077,3.64,False,None,0.0
11,11_scenario_6,A black Jeep is overtaking (far) the ego vehicle and maintaining lane.,21.453739,8.422305,5.04,False,None,0.0
11,11_scenario_7,A yellow Sedan is driving from the opposite direction (near) and switching lane.,8.360789,8.091616,4.4,False,None,0.0
11,11_scenario_8,A black Jeep is overtaking (far) the ego vehicle and maintaining lane.,3.111487,8.461375,5.699999999999999,False,None,0.0
11,11_scenario_9,A pink Sedan is driving from the opposite direction (far) and switching lane.,6.009615,7.460878,5.800000000000001,False,None,0.0
11,11_scenario_10,A white BoxTruck is overtaking (far) the ego vehicle and switching lane.,7.543759,8.253496,8.299999999999999,False,None,0.0
11,11_scenario_11,A yellow Sedan is overtaking (far) the ego vehicle and maintaining lane.,0.849953,5.843067,5.7,False,None,0.0
11,11_scenario_12,A black Jeep is overtaking (near) the ego vehicle and maintaining lane.,100000.0,5.843067,0.0,False,None,0.0
11,11_scenario_13,A red Hatchback is crossing the road (near) and switching lane.,1.152916,4.504999,2.66,False,None,0.0
11,11_scenario_14,A yellow SUV is overtaking (far) the ego vehicle and switching lane.,1.079507,2.57427,5.72,False,None,0.0
11,11_scenario_15,A pink SUV is overtaking (far) the ego vehicle and maintaining lane.,17.282667,5.835804,5.72,False,None,0.0
11,11_scenario_16,A black Sedan is driving ahead (far) of the ego vehicle and maintaining lane.,6.661445,5.025784,7.12,False,None,0.0
11,11_scenario_17,A black SUV is crossing the road (near) and switching lane.,5.277817,3.474519,5.4,False,None,0.0
11,11_scenario_18,A yellow BoxTruck is overtaking (far) the ego vehicle and maintaining lane.,100000.0,7.095004,5.6,False,None,0.0
11,11_scenario_19,A black Sedan is driving ahead (near) of the ego vehicle and maintaining lane.,100000.0,4.416284,7.0,False,None,0.0
11,11_scenario_20,A black SchoolBus is driving ahead (near) of the ego vehicle and maintaining lane.,5.308174,8.287869,6.84,False,None,0.0
12,12_scenario_0,A yellow BoxTruck is overtaking (far) the ego vehicle and maintaining lane.,100000.0,28.117141,4.86,False,None,0.0
12,12_scenario_1,A pedestrian is crossing the road from right to left.,100000.0,9.020215,7.459999999999999,False,None,0.0
12,12_scenario_2,A pink SUV is crossing the road (far) and switching lane.,1.311521,4.148624,3.94,False,None,0.0
12,12_scenario_3,A black SchoolBus is crossing the road (near) and maintaining lane.,100000.0,11.975637,0.8600000000000001,False,None,0.0
12,12_scenario_4,A black SchoolBus is overtaking (near) the ego vehicle and maintaining lane.,4.549911,15.583518,0.7,False,None,0.0
12,12_scenario_5,A black SchoolBus is overtaking (near) the ego vehicle and maintaining lane.,100000.0,4.046269,4.44,False,None,0.0
12,12_scenario_6,A skyblue Sedan is overtaking (far) the ego vehicle and switching lane.,29.391383,8.124688,9.58,False,None,0.0
12,12_scenario_7,A black Sedan is driving ahead (near) of the ego vehicle and maintaining lane.,44.487538,13.010222,2.36,False,None,0.0
12,12_scenario_8,A pink Sedan is driving from the opposite direction (near) and maintaining lane.,6.979727,8.28434,2.42,False,None,0.0
12,12_scenario_9,A black SchoolBus is overtaking (near) the ego vehicle and maintaining lane.,6.340632,3.222982,3.3,False,None,0.0
12,12_scenario_10,A black Jeep is driving ahead (far) of the ego vehicle and switching lane.,16.804833,6.287695,3.7,False,None,0.0
12,12_scenario_11,A pink SchoolBus is driving from the opposite direction (far) and maintaining lane.,3.880601,11.86413,5.54,False,None,0.0
12,12_scenario_12,A white SchoolBus is driving ahead (far) of the ego vehicle and maintaining lane.,80.668708,9.229288,6.28,False,None,0.0
12,12_scenario_13,A white SchoolBus is driving ahead (far) of the ego vehicle and maintaining lane.,100000.0,3.58674,3.14,False,None,0.0
12,12_scenario_14,A pink SUV is crossing the road (far) and switching lane.,5.382553,27.145257,5.8,False,None,0.0
13,13_scenario_0,A white SUV is driving ahead (far) of the ego vehicle and switching lane.,13.968248,50.828093,4.92,False,None,0.0
13,13_scenario_1,A yellow Sedan is overtaking (far) the ego vehicle and maintaining lane.,36.527879,38.090603,1.66,False,None,0.0
13,13_scenario_2,A skyblue Jeep is overtaking (far) the ego vehicle and switching lane.,11.73845,31.258582,3.12,False,None,0.0
13,13_scenario_3,A black Jeep is overtaking (near) the ego vehicle and maintaining lane.,4.031839,3.566797,1.18,False,None,0.0
13,13_scenario_4,A yellow Sedan is driving from the opposite direction (near) and switching lane.,5.092767,10.97631,5.72,False,None,0.0
13,13_scenario_5,A red SUV is driving ahead (far) of the ego vehicle and maintaining lane.,2.774141,14.417647,6.12,False,None,0.0
13,13_scenario_6,A pink SchoolBus is crossing the road (near) and switching lane.,7.530145,6.72451,9.6,False,None,0.0
13,13_scenario_7,A yellow Hatchback is overtaking (near) the ego vehicle and maintaining lane.,1.211832,3.973938,4.38,False,None,0.0
13,13_scenario_8,A pink Jeep is driving ahead (far) of the ego vehicle and maintaining lane.,2.943367,4.46753,3.38,False,None,0.0
13,13_scenario_9,A red BoxTruck is overtaking (near) the ego vehicle and maintaining lane.,4.06904,9.635538,5.3,False,None,0.0
13,13_scenario_10_npc_vehicle,A pink SUV is overtaking (far) the ego vehicle and maintaining lane.,0.0,4.803298,12.84,True,npc_vehicle,4.306901215650129
14,14_scenario_0,A yellow SUV is overtaking (far) the ego vehicle and switching lane.,2.760681,8.801805,3.34,False,None,0.0
14,14_scenario_1,A skyblue SchoolBus is driving ahead (far) of the ego vehicle and switching lane.,6.522163,12.50234,2.46,False,None,0.0
14,14_scenario_2,A black Jeep is overtaking (far) the ego vehicle and maintaining lane.,12.476848,10.356692,7.359999999999999,False,None,0.0
14,14_scenario_3,A yellow Sedan is overtaking (near) the ego vehicle and switching lane.,31.939099,10.394597,3.7,False,None,0.0
14,14_scenario_4,A skyblue SUV is crossing the road (far) and maintaining lane.,2.516478,9.689773,9.38,False,None,0.0
14,14_scenario_5,A yellow Hatchback is overtaking (far) the ego vehicle and switching lane.,9.643162,9.857798,4.32,False,None,0.0
14,14_scenario_6,A skyblue Hatchback is driving from the opposite direction (far) and maintaining lane.,2.783217,6.92609,10.3,False,None,0.0
14,14_scenario_7,A red BoxTruck is driving ahead (far) of the ego vehicle and maintaining lane.,2.916035,3.560544,16.82,False,None,0.0
14,14_scenario_8,A yellow SchoolBus is overtaking (far) the ego vehicle and maintaining lane.,10.020789,4.126737,7.76,False,None,0.0
14,14_scenario_9,A black Jeep is overtaking (near) the ego vehicle and maintaining lane.,3.914825,7.527556,9.44,False,None,0.0
14,14_scenario_10,A red BoxTruck is driving ahead (far) of the ego vehicle and maintaining lane.,3.847255,5.444274,5.720000000000001,False,None,0.0
14,14_scenario_11,A white Hatchback is overtaking (far) the ego vehicle and maintaining lane.,3.747317,3.352589,5.5600000000000005,False,None,0.0
14,14_scenario_12,A red SchoolBus is overtaking (far) the ego vehicle and switching lane.,6.91752,9.183167,5.279999999999999,False,None,0.0
14,14_scenario_13,A pink Sedan is driving from the opposite direction (near) and maintaining lane.,10.165645,5.961528,3.9,False,None,0.0
14,14_scenario_14,A black Jeep is overtaking (near) the ego vehicle and maintaining lane.,8.416761,8.978248,3.1999999999999997,False,None,0.0
14,14_scenario_15,A pink Jeep is driving ahead (far) of the ego vehicle and maintaining lane.,27.184624,9.194093,7.1,False,None,0.0
15,15_scenario_0,A red SUV is driving ahead (far) of the ego vehicle and maintaining lane.,11.66074,50.73124,4.08,False,None,0.0
15,15_scenario_1,A red BoxTruck is driving ahead (far) of the ego vehicle and maintaining lane.,19.345503,44.193308,7.4,False,None,0.0
15,15_scenario_2,A black SUV is driving from the opposite direction (far) and switching lane.,31.416915,43.385574,6.84,False,None,0.0
15,15_scenario_3,A black Jeep is driving ahead (far) of the ego vehicle and switching lane.,65.347128,43.661678,1.04,False,None,0.0
15,15_scenario_4,A pink SchoolBus is driving from the opposite direction (far) and maintaining lane.,100000.0,43.388312,0.86,False,None,0.0
15,15_scenario_5,A red SUV is driving ahead (near) of the ego vehicle and switching lane.,1.730804,6.566044,10.82,False,None,0.0
15,15_scenario_6,A red SchoolBus is overtaking (near) the ego vehicle and switching lane.,1.668729,9.014587,3.74,False,None,0.0
15,15_scenario_7,A white Jeep is driving ahead (near) of the ego vehicle and maintaining lane.,0.619501,5.553713,10.8,False,None,0.0
15,15_scenario_8,A white Hatchback is driving ahead (far) of the ego vehicle and switching lane.,2.400181,15.61511,2.34,False,None,0.0
15,15_scenario_9,A skyblue BoxTruck is driving ahead (near) of the ego vehicle and switching lane.,6.602266,9.052672,10.12,False,None,0.0
15,15_scenario_10,A white SUV is driving ahead (far) of the ego vehicle and switching lane.,4.766504,4.237098,2.78,False,None,0.0
15,15_scenario_11,A black SchoolBus is driving ahead (near) of the ego vehicle and maintaining lane.,5.86093,8.485726,5.720000000000001,False,None,0.0
15,15_scenario_12,A skyblue SUV is crossing the road (far) and maintaining lane.,100000.0,24.485229,5.1,False,None,0.0
15,15_scenario_13,A yellow SUV is overtaking (far) the ego vehicle and switching lane.,100000.0,7.248064,0.8799999999999999,False,None,0.0
15,15_scenario_14,A black SchoolBus is overtaking (near) the ego vehicle and maintaining lane.,4.468938,11.493468,6.48,False,None,0.0
16,16_scenario_0,A pedestrian is crossing the road from left to right.,100000.0,20.237803,3.94,False,None,0.0
16,16_scenario_1,A black Jeep is driving ahead (far) of the ego vehicle and switching lane.,6.889752,13.39151,3.52,False,None,0.0
16,16_scenario_2,A red BoxTruck is driving ahead (far) of the ego vehicle and maintaining lane.,7.371794,4.296195,3.72,False,None,0.0
16,16_scenario_3,A red SUV is overtaking (near) the ego vehicle and maintaining lane.,65.065813,5.599512,1.7399999999999998,False,None,0.0
16,16_scenario_4,A white BoxTruck is overtaking (near) the ego vehicle and switching lane.,81.331086,32.112319,0.3399999999999998,False,None,0.0
16,16_scenario_5,A white SUV is driving ahead (far) of the ego vehicle and switching lane.,73.221858,38.356678,2.1,False,None,0.0
16,16_scenario_6,A skyblue Hatchback is driving ahead (far) of the ego vehicle and maintaining lane.,1.955202,22.964591,9.98,False,None,0.0
16,16_scenario_7,A pedestrian is crossing the road from left to right.,1.924612,6.350632,8.2,False,None,0.0
16,16_scenario_8_pedestrian,A skyblue Hatchback is driving ahead (far) of the ego vehicle and maintaining lane.,0.0,1.4738,6.0200000000000005,True,pedestrian,5.2256309894007495
17,17_scenario_0,A black SchoolBus is crossing the road (far) and maintaining lane.,0.925033,11.506568,5.359999999999999,False,None,0.0
17,17_scenario_1_npc_vehicle,A black SchoolBus is overtaking (near) the ego vehicle and maintaining lane.,0.0,3.853776,5.4,True,npc_vehicle,0.0042821136245443
18,18_scenario_0,A black Sedan is driving ahead (near) of the ego vehicle and maintaining lane.,100000.0,100000.0,2.0200000000000005,False,None,0.0
18,18_scenario_1,A pink Sedan is driving from the opposite direction (near) and maintaining lane.,16.233789,18.031837,2.64,False,None,0.0
18,18_scenario_2,A white BoxTruck is overtaking (near) the ego vehicle and switching lane.,2.762115,24.900524,0.7000000000000001,False,None,0.0
18,18_scenario_3,A white SchoolBus is driving ahead (far) of the ego vehicle and maintaining lane.,50.129211,41.015922,2.62,False,None,0.0
18,18_scenario_4,A pink Hatchback is driving ahead (near) of the ego vehicle and switching lane.,2.206847,4.451307,3.88,False,None,0.0
18,18_scenario_5_npc_vehicle,A black Jeep is driving ahead (far) of the ego vehicle and switching lane.,0.0,3.175191,6.42,True,npc_vehicle,6.540260256213928
19,19_scenario_0,A pedestrian is crossing the road from left to right.,100000.0,21.713946,4.06,False,None,0.0
19,19_scenario_1,A white Sedan is driving ahead (far) of the ego vehicle and switching lane.,7.13203,15.112439,3.18,False,None,0.0
19,19_scenario_2,A yellow Hatchback is overtaking (near) the ego vehicle and maintaining lane.,3.710908,4.530135,5.4,False,None,0.0
19,19_scenario_3,A red Jeep is overtaking (near) the ego vehicle and switching lane.,1.336439,5.251114,1.66,False,None,0.0
19,19_scenario_4,A black Jeep is driving ahead (far) of the ego vehicle and switching lane.,208.094413,4.32913,3.18,False,None,0.0
19,19_scenario_5,A black Jeep is driving ahead (far) of the ego vehicle and switching lane.,100000.0,3.854891,4.38,False,None,0.0
19,19_scenario_6,A black Jeep is driving ahead (far) of the ego vehicle and switching lane.,4.310849,5.246888,9.86,False,None,0.0
19,19_scenario_7,A red Hatchback is crossing the road (near) and switching lane.,1.629931,14.250252,2.7,False,None,0.0
19,19_scenario_8,A black Jeep is overtaking (near) the ego vehicle and maintaining lane.,2.983332,12.298695,8.58,False,None,0.0
19,19_scenario_9,A yellow Hatchback is driving ahead (near) of the ego vehicle and maintaining lane.,1.649298,3.510509,5.84,False,None,0.0
19,19_scenario_10,A black SUV is driving ahead (near) of the ego vehicle and maintaining lane.,3.073732,9.349185,2.78,False,None,0.0
19,19_scenario_11,A black Jeep is overtaking (far) the ego vehicle and maintaining lane.,8.098659,25.61178,4.44,False,None,0.0
19,19_scenario_12,A yellow SUV is overtaking (near) the ego vehicle and switching lane.,1.211177,4.52984,4.699999999999999,False,None,0.0
19,19_scenario_13,A black Sedan is driving ahead (near) of the ego vehicle and maintaining lane.,5.344086,12.06548,5.06,False,None,0.0
19,19_scenario_14,A red BoxTruck is overtaking (near) the ego vehicle and maintaining lane.,3.033325,5.872611,3.3,False,None,0.0
19,19_scenario_15,A black Jeep is driving ahead (far) of the ego vehicle and switching lane.,6.447836,18.843861,5.4,False,None,0.0
19,19_scenario_16,A red BoxTruck is driving from the opposite direction (near) and maintaining lane.,100000.0,21.625174,6.2,False,None,0.0
