Execution,ScenarioID,Configuration_API_Description,Attribute[TTC],Attribute[DTO],Attribute[Jerk],Attribute[COL],Attribute[COLT],Attribute[SAC]
0,0_scenario_0,A red SUV is driving ahead (near) of the ego vehicle and switching lane.,100000.0,100000.0,2.26,False,None,0.0
0,0_scenario_1,A black Jeep is overtaking (far) the ego vehicle and maintaining lane.,100000.0,40.701035,0.56,False,None,0.0
0,0_scenario_2,A white SchoolBus is driving ahead (near) of the ego vehicle and switching lane.,100000.0,7.917705,1.2200000000000002,False,None,0.0
0,0_scenario_3_npc_vehicle,A red BoxTruck is driving ahead (far) of the ego vehicle and maintaining lane.,0.0,6.999551,6.879999999999999,True,npc_vehicle,0.6801313151892797
1,1_scenario_0,A pink Jeep is driving ahead (far) of the ego vehicle and maintaining lane.,22.033587,50.219745,5.82,False,None,0.0
1,1_scenario_1,A pink SUV is crossing the road (far) and switching lane.,0.721561,13.935794,0.4599999999999999,False,None,0.0
1,1_scenario_2,A white SUV is driving ahead (far) of the ego vehicle and switching lane.,1.139158,19.646984,2.54,False,None,0.0
1,1_scenario_3,A pink Hatchback is crossing the road (far) and maintaining lane.,2.470424,19.413043,10.04,False,None,0.0
1,1_scenario_4,A pink Hatchback is driving ahead (near) of the ego vehicle and switching lane.,2.420591,9.372878,7.74,False,None,0.0
1,1_scenario_5,A yellow SchoolBus is overtaking (far) the ego vehicle and maintaining lane.,3.94916,12.673322,6.0,False,None,0.0
1,1_scenario_6,A pink Hatchback is crossing the road (far) and maintaining lane.,4.50838,7.595483,4.86,False,None,0.0
1,1_scenario_7,A black Jeep is driving ahead (far) of the ego vehicle and switching lane.,6.934402,10.635766,4.74,False,None,0.0
1,1_scenario_8,A skyblue Sedan is overtaking (far) the ego vehicle and switching lane.,1.144182,9.080946,4.52,False,None,0.0
1,1_scenario_9,A red BoxTruck is driving ahead (far) of the ego vehicle and switching lane.,0.738126,8.300837,7.399999999999999,False,None,0.0
1,1_scenario_10,A white SUV is driving ahead (far) of the ego vehicle and switching lane.,4.534037,12.962953,6.44,False,None,0.0
1,1_scenario_11,A white Jeep is driving ahead (near) of the ego vehicle and maintaining lane.,2.601644,10.344216,8.24,False,None,0.0
1,1_scenario_12,A yellow SUV is overtaking (far) the ego vehicle and switching lane.,5.239694,11.3679,4.84,False,None,0.0
1,1_scenario_13,A red BoxTruck is driving ahead (far) of the ego vehicle and switching lane.,5.795234,11.2947,2.18,False,None,0.0
1,1_scenario_14,A skyblue Jeep is driving from the opposite direction (far) and maintaining lane.,1.429881,11.342495,4.66,False,None,0.0
1,1_scenario_15,A skyblue Hatchback is driving ahead (far) of the ego vehicle and maintaining lane.,1.049976,8.06921,12.24,False,None,0.0
1,1_scenario_16,A white Sedan is driving ahead (far) of the ego vehicle and switching lane.,2.353573,23.715155,5.76,False,None,0.0
1,1_scenario_17,A black SUV is crossing the road (near) and switching lane.,5.687102,8.719342,5.5600000000000005,False,None,0.0
1,1_scenario_18,A pink BoxTruck is driving ahead (near) of the ego vehicle and maintaining lane.,5.36513,8.989948,2.68,False,None,0.0
1,1_scenario_19,A pink BoxTruck is driving ahead (near) of the ego vehicle and maintaining lane.,6.284612,7.924017,1.3200000000000005,False,None,0.0
1,1_scenario_20,A yellow BoxTruck is overtaking (far) the ego vehicle and maintaining lane.,4.051641,7.836735,7.24,False,None,0.0
1,1_scenario_21,A black SchoolBus is overtaking (near) the ego vehicle and maintaining lane.,12.178753,8.377743,6.959999999999999,False,None,0.0
1,1_scenario_22,A skyblue SchoolBus is driving ahead (far) of the ego vehicle and switching lane.,327.689195,10.562263,1.3,False,None,0.0
1,1_scenario_23,A red SchoolBus is overtaking (near) the ego vehicle and switching lane.,17.200244,10.5123,12.0,False,None,0.0
1,1_scenario_24,A white SchoolBus is driving from the opposite direction (far) and switching lane.,3.493781,8.13961,1.14,False,None,0.0
1,1_scenario_25,A skyblue Sedan is driving ahead (near) of the ego vehicle and switching lane.,9.117238,3.912998,7.4,False,None,0.0
1,1_scenario_26,A red SchoolBus is overtaking (near) the ego vehicle and switching lane.,6.108393,4.341128,3.1,False,None,0.0
1,1_scenario_27,A white SchoolBus is driving ahead (far) of the ego vehicle and maintaining lane.,2.355312,7.151399,0.6,False,None,0.0
1,1_scenario_28,A pedestrian is crossing the road from left to right.,2.398946,6.684045,5.86,False,None,0.0
1,1_scenario_29,A red SchoolBus is driving from the opposite direction (near) and maintaining lane.,2.878988,6.963236,7.16,False,None,0.0
1,1_scenario_30,A black Jeep is overtaking (far) the ego vehicle and maintaining lane.,3.055996,7.820252,4.26,False,None,0.0
1,1_scenario_31,A yellow Hatchback is driving ahead (near) of the ego vehicle and maintaining lane.,2.053172,3.772797,3.32,False,None,0.0
1,1_scenario_32,A pink Sedan is driving from the opposite direction (far) and switching lane.,3.431964,5.563468,5.6,False,None,0.0
1,1_scenario_33,A red Jeep is overtaking (near) the ego vehicle and switching lane.,3.422467,11.008645,1.3,False,None,0.0
1,1_scenario_34,A red BoxTruck is overtaking (near) the ego vehicle and maintaining lane.,1.064272,7.256229,9.86,False,None,0.0
1,1_scenario_35,A pink SchoolBus is crossing the road (near) and switching lane.,1.771564,6.085535,0.0,False,None,0.0
1,1_scenario_36,A pink SUV is overtaking (far) the ego vehicle and maintaining lane.,5.326371,8.355477,0.0,False,None,0.0
1,1_scenario_37,A red BoxTruck is driving from the opposite direction (near) and maintaining lane.,6.80735,8.355548,0.0,False,None,0.0
1,1_scenario_38,A red SUV is driving ahead (far) of the ego vehicle and maintaining lane.,100000.0,8.355548,0.0,False,None,0.0
1,1_scenario_39,A yellow SUV is overtaking (near) the ego vehicle and switching lane.,100000.0,7.54717,0.0,False,None,0.0
1,1_scenario_40,A red SchoolBus is overtaking (far) the ego vehicle and switching lane.,100000.0,7.975168,0.0,False,None,0.0
2,2_scenario_0,A red Hatchback is crossing the road (near) and switching lane.,0.600126,6.845923,5.04,False,None,0.0
2,2_scenario_1,A red SchoolBus is overtaking (far) the ego vehicle and switching lane.,0.616546,7.290524,3.48,False,None,0.0
2,2_scenario_2,A white BoxTruck is overtaking (far) the ego vehicle and switching lane.,398.313796,25.657932,0.7200000000000001,False,None,0.0
2,2_scenario_3,A pink SchoolBus is driving from the opposite direction (far) and maintaining lane.,6.292324,23.512283,5.78,False,None,0.0
2,2_scenario_4,A red SchoolBus is overtaking (far) the ego vehicle and switching lane.,9.998917,17.025609,13.24,False,None,0.0
2,2_scenario_5,A pink SUV is overtaking (far) the ego vehicle and maintaining lane.,12.361854,14.910412,5.92,False,None,0.0
2,2_scenario_6,A red SchoolBus is overtaking (near) the ego vehicle and switching lane.,11.562614,5.200625,4.52,False,None,0.0
2,2_scenario_7,A yellow SchoolBus is overtaking (far) the ego vehicle and maintaining lane.,1.377989,11.508508,6.42,False,None,0.0
2,2_scenario_8,A black Hatchback is overtaking (near) the ego vehicle and switching lane.,1.764583,10.440218,11.84,False,None,0.0
2,2_scenario_9,A black Hatchback is overtaking (near) the ego vehicle and switching lane.,5.994454,13.973647,7.02,False,None,0.0
2,2_scenario_10,A red Hatchback is crossing the road (near) and switching lane.,6.253624,13.717145,6.18,False,None,0.0
2,2_scenario_11,A black Sedan is driving ahead (far) of the ego vehicle and maintaining lane.,3.542089,13.575791,6.46,False,None,0.0
2,2_scenario_12,A yellow Sedan is driving from the opposite direction (near) and switching lane.,2.455734,13.615875,3.4000000000000004,False,None,0.0
2,2_scenario_13,A pink Jeep is crossing the road (near) and switching lane.,1.004304,11.005942,11.56,False,None,0.0
2,2_scenario_14,A red BoxTruck is driving ahead (far) of the ego vehicle and maintaining lane.,4.33322,32.196406,5.44,False,None,0.0
2,2_scenario_15,A yellow SUV is overtaking (near) the ego vehicle and switching lane.,6.860818,11.731846,7.16,False,None,0.0
2,2_scenario_16,A black Sedan is driving ahead (near) of the ego vehicle and maintaining lane.,1.857121,7.923954,6.0600000000000005,False,None,0.0
2,2_scenario_17,A pink Hatchback is crossing the road (far) and maintaining lane.,4.994722,11.949775,8.26,False,None,0.0
2,2_scenario_18,A black Jeep is overtaking (near) the ego vehicle and maintaining lane.,3.881761,11.932477,10.58,False,None,0.0
2,2_scenario_19,A red Sedan is overtaking (near) the ego vehicle and maintaining lane.,8.921623,17.388611,2.16,False,None,0.0
2,2_scenario_20,A yellow Hatchback is driving ahead (near) of the ego vehicle and maintaining lane.,4.522636,5.310984,0.8600000000000001,False,None,0.0
2,2_scenario_21,A white Jeep is driving ahead (near) of the ego vehicle and maintaining lane.,0.288607,4.637788,10.32,False,None,0.0
2,2_scenario_22,A black SUV is driving ahead (near) of the ego vehicle and maintaining lane.,1.826829,4.425265,14.54,False,None,0.0
2,2_scenario_23,A pink Sedan is driving from the opposite direction (far) and maintaining lane.,3.318407,11.037147,4.54,False,None,0.0
2,2_scenario_24,A white Sedan is driving ahead (far) of the ego vehicle and switching lane.,4.415576,12.78448,5.8,False,None,0.0
2,2_scenario_25,A black SchoolBus is crossing the road (far) and maintaining lane.,3.674665,13.598461,12.56,False,None,0.0
2,2_scenario_26,A skyblue BoxTruck is driving ahead (near) of the ego vehicle and switching lane.,3.254611,10.600429,11.34,False,None,0.0
2,2_scenario_27,A black SchoolBus is overtaking (near) the ego vehicle and maintaining lane.,5.949374,15.830353,5.879999999999999,False,None,0.0
2,2_scenario_28,A yellow Sedan is driving from the opposite direction (near) and switching lane.,3.22059,12.162507,10.04,False,None,0.0
2,2_scenario_29,A red Hatchback is crossing the road (far) and switching lane.,2.944408,12.172851,4.659999999999999,False,None,0.0
2,2_scenario_30,A yellow SchoolBus is overtaking (far) the ego vehicle and maintaining lane.,2.650354,12.697174,7.42,False,None,0.0
2,2_scenario_31,A black Jeep is driving ahead (far) of the ego vehicle and switching lane.,4.003898,9.090876,3.32,False,None,0.0
2,2_scenario_32,A yellow BoxTruck is overtaking (far) the ego vehicle and maintaining lane.,2.998201,4.13878,3.9,False,None,0.0
2,2_scenario_33,A white Hatchback is overtaking (far) the ego vehicle and maintaining lane.,2.961574,9.011133,4.12,False,None,0.0
2,2_scenario_34,A pink Jeep is driving ahead (far) of the ego vehicle and maintaining lane.,6.393359,11.421409,4.26,False,None,0.0
2,2_scenario_35,A red SUV is driving ahead (near) of the ego vehicle and switching lane.,0.884755,8.394372,8.52,False,None,0.0
2,2_scenario_36,A red SUV is driving ahead (far) of the ego vehicle and maintaining lane.,7.328713,11.32745,2.56,False,None,0.0
2,2_scenario_37,A red SUV is driving ahead (far) of the ego vehicle and maintaining lane.,6.73103,13.6724,6.86,False,None,0.0
2,2_scenario_38,A yellow SchoolBus is overtaking (far) the ego vehicle and maintaining lane.,4.674665,13.267983,3.78,False,None,0.0
2,2_scenario_39,A pink BoxTruck is driving ahead (near) of the ego vehicle and maintaining lane.,2.185322,3.479018,8.700000000000001,False,None,0.0
2,2_scenario_40_npc_vehicle,A pink SchoolBus is driving from the opposite direction (far) and maintaining lane.,0.0,3.416852,14.76,True,npc_vehicle,0.2121963361511036
3,3_scenario_0,A red SUV is overtaking (near) the ego vehicle and maintaining lane.,5.748622,4.683278,3.74,False,None,0.0
3,3_scenario_1,A yellow Sedan is driving from the opposite direction (near) and switching lane.,4.522361,4.513255,0.4599999999999999,False,None,0.0
3,3_scenario_2,A pink BoxTruck is driving ahead (near) of the ego vehicle and maintaining lane.,3.633976,5.06458,9.98,False,None,0.0
3,3_scenario_3,A black Jeep is driving ahead (far) of the ego vehicle and switching lane.,4.989963,3.547328,8.52,False,None,0.0
3,3_scenario_4,A red BoxTruck is driving ahead (far) of the ego vehicle and switching lane.,45.142925,5.945634,3.02,False,None,0.0
3,3_scenario_5,A black SchoolBus is crossing the road (far) and maintaining lane.,3.650439,10.194092,7.2,False,None,0.0
3,3_scenario_6,A yellow SUV is overtaking (near) the ego vehicle and switching lane.,3.642217,8.517719,4.819999999999999,False,None,0.0
3,3_scenario_7,A white Jeep is driving ahead (near) of the ego vehicle and maintaining lane.,1.18969,8.785652,4.42,False,None,0.0
3,3_scenario_8,A skyblue Sedan is driving ahead (near) of the ego vehicle and switching lane.,0.927768,6.47122,8.8,False,None,0.0
3,3_scenario_9,A black SUV is crossing the road (near) and switching lane.,3.122107,10.782129,2.72,False,None,0.0
3,3_scenario_10,A white SchoolBus is driving ahead (near) of the ego vehicle and switching lane.,3.778671,8.927239,7.04,False,None,0.0
3,3_scenario_11,A black Jeep is overtaking (far) the ego vehicle and maintaining lane.,4.237487,8.784467,3.82,False,None,0.0
3,3_scenario_12,A pedestrian is crossing the road from left to right.,1.466663,4.672826,1.22,False,None,0.0
3,3_scenario_13,A pink BoxTruck is driving ahead (near) of the ego vehicle and maintaining lane.,0.75535,7.850543,12.02,False,None,0.0
3,3_scenario_14,A yellow Sedan is crossing the road (far) and switching lane.,0.810551,8.017856,10.7,False,None,0.0
3,3_scenario_15,A red BoxTruck is driving ahead (far) of the ego vehicle and switching lane.,4.582184,9.052642,4.34,False,None,0.0
3,3_scenario_16,A white SUV is driving ahead (far) of the ego vehicle and switching lane.,11.705123,8.845196,6.720000000000001,False,None,0.0
3,3_scenario_17,A pink BoxTruck is crossing the road (near) and switching lane.,11.672162,8.844893,6.1,False,None,0.0
3,3_scenario_18,A red BoxTruck is overtaking (near) the ego vehicle and maintaining lane.,13.095412,7.785395,7.42,False,None,0.0
3,3_scenario_19,A pedestrian is crossing the road from right to left.,3.811457,7.791679,5.7,False,None,0.0
3,3_scenario_20,A black Sedan is driving ahead (near) of the ego vehicle and maintaining lane.,6.281741,7.861448,7.16,False,None,0.0
3,3_scenario_21,A pink SUV is crossing the road (far) and switching lane.,2.547986,3.417087,3.0,False,None,0.0
3,3_scenario_22,A pink Jeep is crossing the road (near) and switching lane.,16.705203,8.859961,0.5799999999999998,False,None,0.0
3,3_scenario_23,A white BoxTruck is overtaking (near) the ego vehicle and switching lane.,11.794581,8.898107,1.24,False,None,0.0
3,3_scenario_24,A pink SUV is overtaking (far) the ego vehicle and maintaining lane.,3.657705,8.874208,4.380000000000001,False,None,0.0
3,3_scenario_25,A black SUV is driving from the opposite direction (far) and switching lane.,2.071091,3.975509,9.06,False,None,0.0
3,3_scenario_26,A red BoxTruck is driving ahead (far) of the ego vehicle and maintaining lane.,2.639614,4.858347,6.24,False,None,0.0
3,3_scenario_27,A skyblue Sedan is driving ahead (near) of the ego vehicle and switching lane.,6.522734,8.994866,2.5,False,None,0.0
3,3_scenario_28,A yellow Sedan is driving from the opposite direction (near) and switching lane.,3.366225,8.868639,5.1000000000000005,False,None,0.0
3,3_scenario_29,A white SUV is driving ahead (far) of the ego vehicle and switching lane.,2.046557,7.117986,2.54,False,None,0.0
3,3_scenario_30,A skyblue BoxTruck is driving ahead (near) of the ego vehicle and switching lane.,1.544897,7.562774,5.6,False,None,0.0
3,3_scenario_31,A black SUV is driving from the opposite direction (far) and switching lane.,3.235827,8.886009,1.96,False,None,0.0
3,3_scenario_32,A black Sedan is driving ahead (near) of the ego vehicle and maintaining lane.,1.083979,8.090382,7.96,False,None,0.0
3,3_scenario_33,A pink SUV is crossing the road (far) and switching lane.,0.889565,6.798375,4.62,False,None,0.0
3,3_scenario_34,A black Hatchback is overtaking (near) the ego vehicle and switching lane.,5.428728,6.881742,0.0,False,None,0.0
3,3_scenario_35,A pink BoxTruck is crossing the road (near) and switching lane.,10.450333,6.881742,0.0,False,None,0.0
3,3_scenario_36,A skyblue SUV is crossing the road (far) and maintaining lane.,5.727927,6.881742,0.0,False,None,0.0
3,3_scenario_37,A pink Jeep is driving ahead (far) of the ego vehicle and maintaining lane.,4.776529,6.881742,0.0,False,None,0.0
3,3_scenario_38,A black Sedan is driving ahead (far) of the ego vehicle and maintaining lane.,4.02158,6.881742,0.0,False,None,0.0
3,3_scenario_39,A white SUV is driving ahead (far) of the ego vehicle and switching lane.,5.015634,6.881742,0.0,False,None,0.0
4,4_scenario_0,A skyblue Jeep is driving from the opposite direction (far) and maintaining lane.,5.203203,51.728649,3.18,False,None,0.0
4,4_scenario_1,A pink BoxTruck is driving ahead (near) of the ego vehicle and maintaining lane.,5.963693,12.721165,2.18,False,None,0.0
4,4_scenario_2,A skyblue Sedan is overtaking (far) the ego vehicle and switching lane.,6.513157,14.139861,0.32,False,None,0.0
4,4_scenario_3,A yellow Sedan is overtaking (far) the ego vehicle and maintaining lane.,8.124797,10.875087,0.82,False,None,0.0
4,4_scenario_4,A yellow SUV is overtaking (near) the ego vehicle and switching lane.,1.936134,8.714089,6.64,False,None,0.0
4,4_scenario_5,A yellow Hatchback is crossing the road (near) and maintaining lane.,5.618742,8.840904,5.46,False,None,0.0
4,4_scenario_6,A white SchoolBus is driving ahead (far) of the ego vehicle and maintaining lane.,3.837985,8.779238,4.36,False,None,0.0
4,4_scenario_7,A white SUV is driving ahead (far) of the ego vehicle and switching lane.,1.026302,8.461497,9.36,False,None,0.0
4,4_scenario_8,A pink Jeep is driving ahead (far) of the ego vehicle and maintaining lane.,0.726208,8.160366,8.08,False,None,0.0
4,4_scenario_9,A black SUV is crossing the road (near) and switching lane.,3.095139,9.084726,6.14,False,None,0.0
4,4_scenario_10,A red SUV is driving ahead (far) of the ego vehicle and maintaining lane.,2.183288,8.845304,6.36,False,None,0.0
4,4_scenario_11,A black SUV is driving from the opposite direction (far) and switching lane.,4.307679,8.812002,7.36,False,None,0.0
4,4_scenario_12,A red BoxTruck is driving ahead (far) of the ego vehicle and switching lane.,5.065471,8.813494,4.24,False,None,0.0
4,4_scenario_13,A red BoxTruck is driving ahead (far) of the ego vehicle and switching lane.,0.66349,5.614401,14.42,False,None,0.0
4,4_scenario_14,A skyblue SchoolBus is driving ahead (far) of the ego vehicle and switching lane.,1.933856,24.060967,4.68,False,None,0.0
4,4_scenario_15,A white BoxTruck is overtaking (near) the ego vehicle and switching lane.,4.479095,13.041902,7.359999999999999,False,None,0.0
4,4_scenario_16,A skyblue SUV is driving from the opposite direction (near) and maintaining lane.,21.076366,13.097404,15.38,False,None,0.0
4,4_scenario_17,A skyblue Jeep is driving from the opposite direction (far) and maintaining lane.,1.947252,13.094931,9.76,False,None,0.0
4,4_scenario_18,A red BoxTruck is driving ahead (far) of the ego vehicle and maintaining lane.,2.815037,13.10954,10.14,False,None,0.0
4,4_scenario_19,A skyblue Hatchback is driving ahead (far) of the ego vehicle and maintaining lane.,7.588389,20.488652,5.420000000000001,False,None,0.0
4,4_scenario_20,A red BoxTruck is driving ahead (far) of the ego vehicle and switching lane.,36.390124,45.721617,12.4,False,None,0.0
4,4_scenario_21,A skyblue Hatchback is driving ahead (far) of the ego vehicle and maintaining lane.,4.668053,39.845831,3.96,False,None,0.0
4,4_scenario_22,A red BoxTruck is driving ahead (far) of the ego vehicle and switching lane.,3.973425,42.265172,4.08,False,None,0.0
4,4_scenario_23,A yellow Sedan is driving from the opposite direction (near) and switching lane.,2.837537,14.917472,8.48,False,None,0.0
4,4_scenario_24,A pink Hatchback is driving from the opposite direction (far) and switching lane.,13.11722,15.69332,10.82,False,None,0.0
4,4_scenario_25,A pink SUV is overtaking (far) the ego vehicle and maintaining lane.,15.684665,18.880083,2.0,False,None,0.0
4,4_scenario_26,A red Hatchback is crossing the road (far) and switching lane.,4.589187,23.974387,0.8000000000000002,False,None,0.0
4,4_scenario_27,A yellow SchoolBus is driving from the opposite direction (near) and switching lane.,2.031992,20.207639,5.44,False,None,0.0
4,4_scenario_28,A pink Jeep is driving ahead (far) of the ego vehicle and maintaining lane.,2.718273,20.177512,5.42,False,None,0.0
4,4_scenario_29,A red SchoolBus is overtaking (far) the ego vehicle and switching lane.,1.259228,6.771235,6.48,False,None,0.0
4,4_scenario_30,A red BoxTruck is driving ahead (far) of the ego vehicle and switching lane.,1.293931,4.173785,3.28,False,None,0.0
4,4_scenario_31,A white Hatchback is overtaking (far) the ego vehicle and maintaining lane.,1.331006,9.439742,2.16,False,None,0.0
4,4_scenario_32,A white SchoolBus is driving ahead (near) of the ego vehicle and switching lane.,3.875218,12.889008,5.96,False,None,0.0
4,4_scenario_33,A yellow Sedan is overtaking (far) the ego vehicle and maintaining lane.,3.242956,13.164852,0.0,False,None,0.0
4,4_scenario_34,A red SUV is driving ahead (far) of the ego vehicle and maintaining lane.,4.66056,15.331665,0.0,False,None,0.0
4,4_scenario_35,A yellow Hatchback is crossing the road (near) and maintaining lane.,6.973123,8.841233,0.0,False,None,0.0
4,4_scenario_36,A red BoxTruck is driving from the opposite direction (near) and maintaining lane.,9.385729,7.624681,0.0,False,None,0.0
4,4_scenario_37,A skyblue Sedan is overtaking (far) the ego vehicle and switching lane.,2.319153,12.941809,0.0,False,None,0.0
4,4_scenario_38,A black Jeep is overtaking (near) the ego vehicle and maintaining lane.,7.047249,5.661287,0.0,False,None,0.0
4,4_scenario_39,A yellow Jeep is driving from the opposite direction (far) and switching lane.,2.472588,11.228255,0.0,False,None,0.0
5,5_scenario_0,A skyblue Sedan is overtaking (far) the ego vehicle and switching lane.,12.036665,13.440325,4.92,False,None,0.0
5,5_scenario_1,A pink Jeep is driving ahead (far) of the ego vehicle and maintaining lane.,4.452169,15.541697,3.04,False,None,0.0
5,5_scenario_2,A red BoxTruck is driving from the opposite direction (far) and maintaining lane.,18.083311,19.638129,2.02,False,None,0.0
5,5_scenario_3,A white SchoolBus is driving ahead (near) of the ego vehicle and switching lane.,100000.0,8.66205,5.38,False,None,0.0
5,5_scenario_4,A red SchoolBus is overtaking (near) the ego vehicle and switching lane.,3.587626,8.406686,12.62,False,None,0.0
5,5_scenario_5,A red SUV is overtaking (near) the ego vehicle and maintaining lane.,2.71475,10.529635,9.44,False,None,0.0
5,5_scenario_6,A black SchoolBus is driving ahead (near) of the ego vehicle and maintaining lane.,2.31894,10.198932,6.66,False,None,0.0
5,5_scenario_7,A red SUV is driving ahead (far) of the ego vehicle and maintaining lane.,4.506555,10.686472,2.46,False,None,0.0
5,5_scenario_8,A white SchoolBus is driving ahead (near) of the ego vehicle and switching lane.,6.029502,11.363485,1.84,False,None,0.0
5,5_scenario_9,A black SchoolBus is crossing the road (far) and maintaining lane.,0.734658,7.913789,5.86,False,None,0.0
5,5_scenario_10,A yellow Hatchback is overtaking (near) the ego vehicle and maintaining lane.,2.965119,9.531828,8.600000000000001,False,None,0.0
5,5_scenario_11,A pink Jeep is crossing the road (near) and switching lane.,1.976479,12.400795,7.5,False,None,0.0
5,5_scenario_12,A white SUV is driving ahead (far) of the ego vehicle and switching lane.,6.90295,12.215227,6.8,False,None,0.0
5,5_scenario_13,A yellow Sedan is crossing the road (far) and maintaining lane.,4.18409,11.419633,4.859999999999999,False,None,0.0
5,5_scenario_14,A black SchoolBus is driving ahead (near) of the ego vehicle and maintaining lane.,1.152541,11.28764,9.96,False,None,0.0
5,5_scenario_15,A pink Hatchback is driving ahead (near) of the ego vehicle and switching lane.,0.867707,8.623875,9.7,False,None,0.0
5,5_scenario_16,A yellow Sedan is overtaking (far) the ego vehicle and maintaining lane.,3.741421,7.78325,4.4,False,None,0.0
5,5_scenario_17,A black Jeep is overtaking (near) the ego vehicle and maintaining lane.,3.53541,3.71966,0.3800000000000001,False,None,0.0
5,5_scenario_18,A red SchoolBus is overtaking (near) the ego vehicle and switching lane.,3.623108,4.028735,3.64,False,None,0.0
5,5_scenario_19,A red SUV is crossing the road (near) and maintaining lane.,4.564945,3.829053,11.12,False,None,0.0
5,5_scenario_20,A pink SchoolBus is driving from the opposite direction (far) and maintaining lane.,22.469953,4.982693,1.1,False,None,0.0
5,5_scenario_21,A skyblue Hatchback is driving from the opposite direction (far) and maintaining lane.,6.105644,7.338384,0.8399999999999999,False,None,0.0
5,5_scenario_22,A red Sedan is overtaking (near) the ego vehicle and maintaining lane.,4.090711,6.133398,3.14,False,None,0.0
5,5_scenario_23,A red SchoolBus is driving from the opposite direction (near) and maintaining lane.,3.014037,6.029,4.46,False,None,0.0
5,5_scenario_24,A skyblue Sedan is overtaking (far) the ego vehicle and switching lane.,7.54463,8.183905,6.26,False,None,0.0
5,5_scenario_25,A white Jeep is driving ahead (near) of the ego vehicle and maintaining lane.,5.599728,9.630721,4.0,False,None,0.0
5,5_scenario_26,A white SUV is driving ahead (far) of the ego vehicle and switching lane.,4.071989,7.364048,2.8,False,None,0.0
5,5_scenario_27,A red SchoolBus is overtaking (far) the ego vehicle and switching lane.,9.70331,3.864983,6.180000000000001,False,None,0.0
5,5_scenario_28,A white SUV is driving ahead (far) of the ego vehicle and switching lane.,2.550109,9.176984,8.4,False,None,0.0
5,5_scenario_29,A black Jeep is overtaking (near) the ego vehicle and maintaining lane.,3.731601,14.409948,3.66,False,None,0.0
5,5_scenario_30,A red SchoolBus is driving from the opposite direction (near) and maintaining lane.,3.145383,7.25755,4.220000000000001,False,None,0.0
5,5_scenario_31,A skyblue Hatchback is driving from the opposite direction (far) and maintaining lane.,2.694133,5.650766,3.6,False,None,0.0
5,5_scenario_32,A white SchoolBus is driving from the opposite direction (far) and switching lane.,6.343467,12.820701,2.52,False,None,0.0
5,5_scenario_33,A black Jeep is overtaking (near) the ego vehicle and maintaining lane.,10.840969,14.740938,12.36,False,None,0.0
5,5_scenario_34,A black Jeep is driving ahead (near) of the ego vehicle and switching lane.,2.806864,6.280764,4.86,False,None,0.0
5,5_scenario_35,A red SUV is driving ahead (far) of the ego vehicle and maintaining lane.,1.444441,6.187904,0.0,False,None,0.0
5,5_scenario_36,A white Jeep is driving ahead (near) of the ego vehicle and maintaining lane.,2.380059,7.771147,0.0,False,None,0.0
5,5_scenario_37,A black Hatchback is overtaking (near) the ego vehicle and switching lane.,5.51668,7.995571,0.0,False,None,0.0
5,5_scenario_38,A white Hatchback is driving ahead (far) of the ego vehicle and switching lane.,3.962663,5.884975,0.0,False,None,0.0
5,5_scenario_39,A black SchoolBus is crossing the road (near) and maintaining lane.,6.273052,5.884923,0.0,False,None,0.0
6,6_scenario_0,A skyblue Sedan is overtaking (far) the ego vehicle and switching lane.,4.6151,13.921773,4.0200000000000005,False,None,0.0
6,6_scenario_1,A white SchoolBus is driving from the opposite direction (far) and switching lane.,5.549912,16.90123,1.04,False,None,0.0
6,6_scenario_2,A yellow Sedan is crossing the road (far) and maintaining lane.,4.977355,15.065309,7.82,False,None,0.0
6,6_scenario_3,A yellow Hatchback is overtaking (near) the ego vehicle and maintaining lane.,5.376502,14.466776,2.06,False,None,0.0
6,6_scenario_4,A red SUV is overtaking (near) the ego vehicle and maintaining lane.,32.820464,15.854241,0.86,False,None,0.0
6,6_scenario_5_npc_vehicle,A white Jeep is driving ahead (near) of the ego vehicle and maintaining lane.,0.0,4.639927,8.58,True,npc_vehicle,1.0154616952582465
7,7_scenario_0,A white Hatchback is driving ahead (far) of the ego vehicle and switching lane.,10.047873,51.212494,4.46,False,None,0.0
7,7_scenario_1,A black Sedan is driving ahead (near) of the ego vehicle and maintaining lane.,0.8002,6.282319,4.68,False,None,0.0
7,7_scenario_2,A skyblue Jeep is overtaking (far) the ego vehicle and switching lane.,482.308826,23.887825,0.68,False,None,0.0
7,7_scenario_3,A red Hatchback is crossing the road (near) and switching lane.,1.277902,9.288681,9.98,False,None,0.0
7,7_scenario_4,A yellow Hatchback is overtaking (near) the ego vehicle and maintaining lane.,2.653332,3.239461,6.0200000000000005,False,None,0.0
7,7_scenario_5,A white BoxTruck is overtaking (near) the ego vehicle and switching lane.,1.698096,10.090888,4.78,False,None,0.0
7,7_scenario_6,A yellow Jeep is driving from the opposite direction (far) and switching lane.,1.948349,10.172961,10.16,False,None,0.0
7,7_scenario_7,A pink Sedan is driving from the opposite direction (near) and maintaining lane.,3.280491,12.501494,13.02,False,None,0.0
7,7_scenario_8,A white BoxTruck is driving from the opposite direction (far) and switching lane.,6.115736,10.163247,4.18,False,None,0.0
7,7_scenario_9,A black Sedan is driving ahead (near) of the ego vehicle and maintaining lane.,2.542047,5.321286,9.18,False,None,0.0
7,7_scenario_10,A red BoxTruck is overtaking (near) the ego vehicle and maintaining lane.,1.433245,4.116568,4.38,False,None,0.0
7,7_scenario_11,A skyblue Hatchback is driving ahead (far) of the ego vehicle and maintaining lane.,6.019067,3.313778,5.18,False,None,0.0
7,7_scenario_12,A pink BoxTruck is driving ahead (near) of the ego vehicle and maintaining lane.,20.247034,11.446512,4.0600000000000005,False,None,0.0
7,7_scenario_13,A red SUV is overtaking (near) the ego vehicle and maintaining lane.,39.121408,4.152603,2.28,False,None,0.0
7,7_scenario_14,A yellow Sedan is overtaking (near) the ego vehicle and switching lane.,4.922443,4.887887,1.5199999999999998,False,None,0.0
7,7_scenario_15,A yellow Jeep is driving from the opposite direction (far) and switching lane.,100000.0,30.850231,6.8,False,None,0.0
8,8_scenario_0,A yellow Hatchback is overtaking (near) the ego vehicle and maintaining lane.,2.517515,4.849197,2.78,False,None,0.0
8,8_scenario_1,A black SUV is driving from the opposite direction (far) and switching lane.,5.027231,3.759966,13.34,False,None,0.0
8,8_scenario_2,A red BoxTruck is driving ahead (far) of the ego vehicle and switching lane.,7.288701,4.627255,1.32,False,None,0.0
8,8_scenario_3,A red SchoolBus is overtaking (near) the ego vehicle and switching lane.,26.105499,9.114113,0.48,False,None,0.0
8,8_scenario_4,A red Hatchback is crossing the road (far) and switching lane.,3.450066,11.632719,3.28,False,None,0.0
8,8_scenario_5,A white SchoolBus is driving ahead (near) of the ego vehicle and switching lane.,2.762985,12.695783,13.24,False,None,0.0
8,8_scenario_6,A pink BoxTruck is driving ahead (near) of the ego vehicle and maintaining lane.,22.786872,14.931957,2.54,False,None,0.0
8,8_scenario_7,A black Jeep is driving ahead (far) of the ego vehicle and switching lane.,6.112502,10.007731,4.1,False,None,0.0
8,8_scenario_8,A skyblue Hatchback is driving from the opposite direction (far) and maintaining lane.,4.956138,5.899006,2.74,False,None,0.0
8,8_scenario_9,A skyblue Jeep is overtaking (far) the ego vehicle and switching lane.,8.372931,4.67916,5.279999999999999,False,None,0.0
8,8_scenario_10,A black SchoolBus is overtaking (near) the ego vehicle and maintaining lane.,100000.0,5.835228,4.48,False,None,0.0
8,8_scenario_11,A skyblue Sedan is overtaking (far) the ego vehicle and switching lane.,7.7027,6.906902,2.64,False,None,0.0
8,8_scenario_12,A skyblue SUV is crossing the road (far) and maintaining lane.,100000.0,26.200581,0.62,False,None,0.0
8,8_scenario_13,A skyblue SUV is crossing the road (far) and maintaining lane.,100000.0,34.666864,6.98,False,None,0.0
9,9_scenario_0,A pink SUV is crossing the road (far) and switching lane.,100000.0,16.522687,5.62,False,None,0.0
9,9_scenario_1,A black SchoolBus is overtaking (near) the ego vehicle and maintaining lane.,4.949452,12.883765,7.819999999999999,False,None,0.0
9,9_scenario_2,A black SchoolBus is overtaking (near) the ego vehicle and maintaining lane.,4.615824,7.776896,3.64,False,None,0.0
9,9_scenario_3,A pink SUV is crossing the road (far) and switching lane.,7.195767,10.279594,4.82,False,None,0.0
9,9_scenario_4,A white Sedan is driving ahead (far) of the ego vehicle and switching lane.,5.610544,3.793182,11.02,False,None,0.0
9,9_scenario_5,A black Jeep is overtaking (far) the ego vehicle and maintaining lane.,6.15062,4.86918,6.1,False,None,0.0
9,9_scenario_6,A red SUV is crossing the road (near) and maintaining lane.,1.100094,4.337761,6.82,False,None,0.0
9,9_scenario_7,A white SchoolBus is crossing the road (far) and switching lane.,3.409837,25.166779,4.5600000000000005,False,None,0.0
9,9_scenario_8,A pink SUV is crossing the road (far) and switching lane.,2.753747,28.9842,13.22,False,None,0.0
9,9_scenario_9,A yellow Hatchback is overtaking (near) the ego vehicle and maintaining lane.,3.170069,12.315857,11.86,False,None,0.0
9,9_scenario_10,A black Sedan is driving ahead (far) of the ego vehicle and maintaining lane.,4.129993,11.620993,1.42,False,None,0.0
9,9_scenario_11,A white SchoolBus is crossing the road (far) and switching lane.,1.925549,5.89009,6.12,False,None,0.0
9,9_scenario_12,A pink Sedan is driving from the opposite direction (far) and switching lane.,0.889333,6.97623,6.18,False,None,0.0
9,9_scenario_13,A pink Hatchback is driving ahead (near) of the ego vehicle and switching lane.,7.090888,2.756213,5.359999999999999,False,None,0.0
9,9_scenario_14,A pink BoxTruck is crossing the road (near) and switching lane.,1.82282,4.428293,0.58,False,None,0.0
9,9_scenario_15,A pink BoxTruck is driving ahead (near) of the ego vehicle and maintaining lane.,5.904372,14.861979,3.86,False,None,0.0
9,9_scenario_16,A white BoxTruck is overtaking (far) the ego vehicle and switching lane.,100000.0,10.168053,4.54,False,None,0.0
10,10_scenario_0,A red SchoolBus is overtaking (far) the ego vehicle and switching lane.,100000.0,17.728425,5.959999999999999,False,None,0.0
10,10_scenario_1,A red SchoolBus is overtaking (far) the ego vehicle and switching lane.,5.510114,17.367892,5.04,False,None,0.0
10,10_scenario_2,A skyblue Sedan is overtaking (far) the ego vehicle and switching lane.,7.900762,22.602063,0.9399999999999996,False,None,0.0
10,10_scenario_3,A pedestrian is crossing the road from left to right.,15.241836,2.471275,0.3799999999999999,False,None,0.0
10,10_scenario_4,A pink Sedan is driving from the opposite direction (far) and maintaining lane.,2.1774,5.786584,1.38,False,None,0.0
10,10_scenario_5,A white Sedan is driving ahead (far) of the ego vehicle and switching lane.,6.529663,36.642883,6.22,False,None,0.0
10,10_scenario_6,A yellow BoxTruck is overtaking (far) the ego vehicle and maintaining lane.,9.848626,43.793703,14.8,False,None,0.0
10,10_scenario_7,A skyblue Hatchback is driving ahead (far) of the ego vehicle and maintaining lane.,24.451861,49.109688,9.78,False,None,0.0
10,10_scenario_8,A white BoxTruck is driving from the opposite direction (far) and switching lane.,20.025814,50.538621,2.24,False,None,0.0
10,10_scenario_9,A yellow Sedan is crossing the road (far) and switching lane.,2.840531,27.623836,5.5,False,None,0.0
10,10_scenario_10,A white SchoolBus is driving ahead (far) of the ego vehicle and maintaining lane.,30.252168,43.896194,4.76,False,None,0.0
10,10_scenario_11,A black Sedan is driving ahead (near) of the ego vehicle and maintaining lane.,2.00474,11.535214,4.42,False,None,0.0
10,10_scenario_12,A pink Sedan is driving from the opposite direction (near) and maintaining lane.,4.586442,20.794107,0.7200000000000001,False,None,0.0
10,10_scenario_13,A white SchoolBus is driving ahead (near) of the ego vehicle and switching lane.,100000.0,15.775625,5.22,False,None,0.0
11,11_scenario_0,A skyblue BoxTruck is driving ahead (near) of the ego vehicle and switching lane.,100000.0,14.70216,4.1,False,None,0.0
11,11_scenario_1,A yellow Sedan is crossing the road (far) and maintaining lane.,0.582981,7.342511,4.34,False,None,0.0
11,11_scenario_2,A pink SUV is overtaking (far) the ego vehicle and maintaining lane.,0.934006,7.033222,1.62,False,None,0.0
11,11_scenario_3,A red BoxTruck is driving from the opposite direction (far) and maintaining lane.,5.942613,35.309795,5.86,False,None,0.0
11,11_scenario_4,A white SchoolBus is driving ahead (near) of the ego vehicle and switching lane.,2.233335,10.184867,10.9,False,None,0.0
11,11_scenario_5,A yellow Sedan is overtaking (far) the ego vehicle and maintaining lane.,2.971907,3.954626,9.46,False,None,0.0
11,11_scenario_6,A red Hatchback is driving from the opposite direction (near) and switching lane.,12.187427,4.429808,9.44,False,None,0.0
11,11_scenario_7,A red SUV is crossing the road (near) and maintaining lane.,10.574222,6.49859,5.720000000000001,False,None,0.0
11,11_scenario_8,A pedestrian is crossing the road from right to left.,7.525823,6.247797,10.0,False,None,0.0
11,11_scenario_9,A pink SUV is crossing the road (far) and switching lane.,6.341648,10.798146,2.9599999999999995,False,None,0.0
11,11_scenario_10,A red BoxTruck is driving ahead (far) of the ego vehicle and maintaining lane.,4.032858,19.70971,1.72,False,None,0.0
11,11_scenario_11,A black SchoolBus is overtaking (near) the ego vehicle and maintaining lane.,7.115504,12.051307,5.22,False,None,0.0
11,11_scenario_12,A red SchoolBus is overtaking (far) the ego vehicle and switching lane.,32.446308,11.651058,5.62,False,None,0.0
11,11_scenario_13,A red BoxTruck is overtaking (near) the ego vehicle and maintaining lane.,9.10731,6.749081,7.04,False,None,0.0
11,11_scenario_14,A black SchoolBus is crossing the road (far) and maintaining lane.,16.587389,3.814458,1.74,False,None,0.0
11,11_scenario_15,A white Jeep is driving ahead (near) of the ego vehicle and maintaining lane.,6.336353,10.232386,0.7799999999999999,False,None,0.0
11,11_scenario_16,A skyblue Sedan is overtaking (far) the ego vehicle and switching lane.,7.718687,6.860102,5.88,False,None,0.0
12,12_scenario_0,A pink BoxTruck is driving ahead (near) of the ego vehicle and maintaining lane.,100000.0,100000.0,2.92,False,None,0.0
12,12_scenario_1,A red SUV is driving ahead (near) of the ego vehicle and switching lane.,1.360988,5.580708,2.5,False,None,0.0
12,12_scenario_2,A red BoxTruck is driving ahead (far) of the ego vehicle and switching lane.,0.938925,15.015355,0.72,False,None,0.0
12,12_scenario_3,A black SchoolBus is crossing the road (far) and maintaining lane.,5.021758,19.779141,8.719999999999999,False,None,0.0
12,12_scenario_4,A yellow Sedan is overtaking (far) the ego vehicle and maintaining lane.,3.48149,14.019338,4.5600000000000005,False,None,0.0
12,12_scenario_5,A black Hatchback is overtaking (near) the ego vehicle and switching lane.,2.710377,5.04085,10.12,False,None,0.0
12,12_scenario_6,A red BoxTruck is overtaking (near) the ego vehicle and maintaining lane.,2.810461,14.080779,10.1,False,None,0.0
12,12_scenario_7,A white Hatchback is driving ahead (far) of the ego vehicle and switching lane.,4.962787,16.869891,4.44,False,None,0.0
12,12_scenario_8,A white Hatchback is driving ahead (far) of the ego vehicle and switching lane.,10.997958,19.083443,14.12,False,None,0.0
12,12_scenario_9,A skyblue Jeep is overtaking (far) the ego vehicle and switching lane.,12.970098,13.011817,1.7999999999999998,False,None,0.0
12,12_scenario_10,A red SUV is driving ahead (near) of the ego vehicle and switching lane.,7.219899,6.016514,4.94,False,None,0.0
12,12_scenario_11,A red SchoolBus is driving from the opposite direction (near) and maintaining lane.,2.011494,7.03765,4.640000000000001,False,None,0.0
12,12_scenario_12,A red SUV is driving ahead (far) of the ego vehicle and maintaining lane.,100000.0,24.733008,2.94,False,None,0.0
12,12_scenario_13,A yellow Sedan is overtaking (far) the ego vehicle and maintaining lane.,100000.0,5.929222,0.74,False,None,0.0
13,13_scenario_0,A skyblue Hatchback is driving ahead (far) of the ego vehicle and maintaining lane.,23.252234,50.324874,3.96,False,None,0.0
13,13_scenario_1,A pink Sedan is driving from the opposite direction (far) and maintaining lane.,48.961271,53.995932,0.74,False,None,0.0
13,13_scenario_2,A white Sedan is driving ahead (far) of the ego vehicle and switching lane.,100000.0,43.01792,1.74,False,None,0.0
13,13_scenario_3,A white Jeep is driving ahead (near) of the ego vehicle and maintaining lane.,1.229414,6.236665,2.64,False,None,0.0
13,13_scenario_4,A black SchoolBus is driving ahead (near) of the ego vehicle and maintaining lane.,2.510729,7.555199,5.68,False,None,0.0
13,13_scenario_5,A white SUV is driving ahead (far) of the ego vehicle and switching lane.,2.612001,8.265549,5.8,False,None,0.0
13,13_scenario_6,A black Jeep is driving ahead (far) of the ego vehicle and switching lane.,2.969168,15.56846,5.5,False,None,0.0
13,13_scenario_7,A white BoxTruck is driving from the opposite direction (far) and switching lane.,31.999726,22.780918,3.66,False,None,0.0
13,13_scenario_8,A skyblue Hatchback is driving from the opposite direction (far) and maintaining lane.,2.812918,24.488595,7.1,False,None,0.0
13,13_scenario_9,A pedestrian is crossing the road from left to right.,5.974738,31.867968,3.42,False,None,0.0
13,13_scenario_10,A white SUV is driving ahead (far) of the ego vehicle and switching lane.,7.666524,41.546165,1.6,False,None,0.0
13,13_scenario_11,A white BoxTruck is driving from the opposite direction (far) and switching lane.,100000.0,42.822069,5.18,False,None,0.0
13,13_scenario_12,A yellow SchoolBus is overtaking (far) the ego vehicle and maintaining lane.,100000.0,18.199353,2.22,False,None,0.0
13,13_scenario_13,A yellow SUV is overtaking (near) the ego vehicle and switching lane.,100000.0,5.688764,2.9400000000000004,False,None,0.0
13,13_scenario_14,A white Jeep is driving ahead (near) of the ego vehicle and maintaining lane.,100000.0,3.71069,6.16,False,None,0.0
14,14_scenario_0,A red BoxTruck is driving ahead (far) of the ego vehicle and maintaining lane.,15.40697,50.432141,3.2,False,None,0.0
14,14_scenario_1,A white SchoolBus is driving ahead (near) of the ego vehicle and switching lane.,6.328058,13.64855,5.86,False,None,0.0
14,14_scenario_2,A black Jeep is overtaking (near) the ego vehicle and maintaining lane.,2.678669,14.50205,3.0,False,None,0.0
14,14_scenario_3,A skyblue Jeep is overtaking (far) the ego vehicle and switching lane.,7.128612,33.546142,4.86,False,None,0.0
14,14_scenario_4,A black Sedan is driving ahead (near) of the ego vehicle and maintaining lane.,5.261503,9.74271,6.9,False,None,0.0
14,14_scenario_5,A white Sedan is driving ahead (far) of the ego vehicle and switching lane.,5.324714,10.139151,6.06,False,None,0.0
14,14_scenario_6,A black Jeep is overtaking (far) the ego vehicle and maintaining lane.,6.869652,12.871419,5.5,False,None,0.0
14,14_scenario_7,A red SUV is driving ahead (far) of the ego vehicle and maintaining lane.,2.884514,8.873161,7.82,False,None,0.0
14,14_scenario_8,A yellow BoxTruck is overtaking (far) the ego vehicle and maintaining lane.,3.132766,13.566523,7.76,False,None,0.0
14,14_scenario_9,A yellow Hatchback is driving ahead (near) of the ego vehicle and maintaining lane.,0.898201,6.974757,6.120000000000001,False,None,0.0
14,14_scenario_10,A pink Sedan is driving from the opposite direction (far) and switching lane.,2.330932,14.568751,6.12,False,None,0.0
14,14_scenario_11,A red SUV is crossing the road (near) and maintaining lane.,3.096205,4.457526,7.7,False,None,0.0
14,14_scenario_12,A pink Jeep is driving ahead (far) of the ego vehicle and maintaining lane.,1.018976,5.706722,3.76,False,None,0.0
14,14_scenario_13,A white SchoolBus is crossing the road (far) and switching lane.,20.502686,4.099169,4.78,False,None,0.0
14,14_scenario_14,A white Sedan is driving ahead (far) of the ego vehicle and switching lane.,2.157804,11.111446,3.86,False,None,0.0
14,14_scenario_15,A yellow BoxTruck is overtaking (far) the ego vehicle and maintaining lane.,7.698744,9.444311,0.7799999999999999,False,None,0.0
15,15_scenario_0,A red Jeep is overtaking (near) the ego vehicle and switching lane.,3.372991,9.197206,5.96,False,None,0.0
15,15_scenario_1,A red Hatchback is crossing the road (far) and switching lane.,0.945637,12.137459,2.4800000000000004,False,None,0.0
15,15_scenario_2,A white Sedan is driving ahead (far) of the ego vehicle and switching lane.,1.178623,14.105147,4.5,False,None,0.0
15,15_scenario_3,A white SchoolBus is driving ahead (near) of the ego vehicle and switching lane.,6.014249,11.053147,3.44,False,None,0.0
15,15_scenario_4,A black SchoolBus is overtaking (near) the ego vehicle and maintaining lane.,2.364904,10.652768,3.66,False,None,0.0
15,15_scenario_5,A white Jeep is crossing the road (far) and maintaining lane.,7.647254,12.846494,9.1,False,None,0.0
15,15_scenario_6,A white SchoolBus is driving ahead (far) of the ego vehicle and maintaining lane.,2.82037,13.08792,7.76,False,None,0.0
15,15_scenario_7,A white SUV is driving ahead (far) of the ego vehicle and switching lane.,2.806883,14.273156,13.74,False,None,0.0
15,15_scenario_8,A skyblue SchoolBus is driving ahead (far) of the ego vehicle and switching lane.,7.240754,16.715871,3.34,False,None,0.0
15,15_scenario_9,A skyblue SchoolBus is driving ahead (far) of the ego vehicle and switching lane.,13.818662,28.070261,7.32,False,None,0.0
15,15_scenario_10,A skyblue BoxTruck is driving ahead (near) of the ego vehicle and switching lane.,4.26542,11.826774,8.02,False,None,0.0
15,15_scenario_11,A red BoxTruck is driving from the opposite direction (far) and maintaining lane.,6.145549,5.788456,5.16,False,None,0.0
15,15_scenario_12,A white SchoolBus is crossing the road (far) and switching lane.,7.6883,8.248626,5.8,False,None,0.0
15,15_scenario_13,A red BoxTruck is driving ahead (far) of the ego vehicle and switching lane.,100000.0,26.306729,4.02,False,None,0.0
15,15_scenario_14,A white Jeep is driving ahead (near) of the ego vehicle and maintaining lane.,2.989466,11.910648,1.64,False,None,0.0
15,15_scenario_15,A pink SchoolBus is driving from the opposite direction (far) and maintaining lane.,4.450935,28.729965,6.6,False,None,0.0
16,16_scenario_0,A red BoxTruck is overtaking (near) the ego vehicle and maintaining lane.,100000.0,8.792286,5.74,False,None,0.0
16,16_scenario_1,A red SUV is driving ahead (near) of the ego vehicle and switching lane.,1.209556,4.68283,9.84,False,None,0.0
16,16_scenario_2,A yellow BoxTruck is overtaking (far) the ego vehicle and maintaining lane.,0.86404,9.194908,0.28,False,None,0.0
16,16_scenario_3,A black Hatchback is overtaking (near) the ego vehicle and switching lane.,3.247923,12.282092,5.04,False,None,0.0
16,16_scenario_4,A white Sedan is driving ahead (far) of the ego vehicle and switching lane.,15.581653,14.281593,5.16,False,None,0.0
16,16_scenario_5,A skyblue Sedan is driving ahead (near) of the ego vehicle and switching lane.,8.730387,12.624976,14.82,False,None,0.0
16,16_scenario_6,A red SUV is driving ahead (far) of the ego vehicle and maintaining lane.,3.553048,11.236926,5.68,False,None,0.0
16,16_scenario_7,A red Hatchback is crossing the road (far) and switching lane.,6.209295,7.303137,15.3,False,None,0.0
16,16_scenario_8,A pink SUV is driving from the opposite direction (far) and maintaining lane.,3.923351,3.983406,4.26,False,None,0.0
16,16_scenario_9,A pink BoxTruck is driving ahead (near) of the ego vehicle and maintaining lane.,2.79412,9.675363,5.2,False,None,0.0
16,16_scenario_10,A white SUV is driving ahead (far) of the ego vehicle and switching lane.,5.800299,9.910442,8.64,False,None,0.0
16,16_scenario_11,A pink SchoolBus is crossing the road (near) and switching lane.,1.472249,5.719179,5.68,False,None,0.0
16,16_scenario_12,A yellow SUV is driving from the opposite direction (near) and switching lane.,5.975332,3.224888,5.52,False,None,0.0
16,16_scenario_13,A white Sedan is driving ahead (far) of the ego vehicle and switching lane.,2.746899,16.97273,2.52,False,None,0.0
16,16_scenario_14,A pink Jeep is driving ahead (far) of the ego vehicle and maintaining lane.,100000.0,36.522337,7.0,False,None,0.0
16,16_scenario_15,A white SUV is driving ahead (far) of the ego vehicle and switching lane.,100000.0,46.604006,7.02,False,None,0.0
16,16_scenario_16,A red BoxTruck is driving ahead (far) of the ego vehicle and switching lane.,100000.0,45.526217,7.0600000000000005,False,None,0.0
16,16_scenario_17,A black SchoolBus is overtaking (near) the ego vehicle and maintaining lane.,100000.0,11.278488,6.92,False,None,0.0
17,17_scenario_0,A red Sedan is overtaking (near) the ego vehicle and maintaining lane.,2.661196,4.736318,6.06,False,None,0.0
17,17_scenario_1,A black SUV is driving from the opposite direction (far) and switching lane.,5.468162,3.752106,10.9,False,None,0.0
17,17_scenario_2,A white BoxTruck is overtaking (far) the ego vehicle and switching lane.,7.463914,4.254684,0.5599999999999999,False,None,0.0
17,17_scenario_3,A red Hatchback is driving from the opposite direction (near) and switching lane.,3.337686,3.808333,11.3,False,None,0.0
17,17_scenario_4,A yellow SchoolBus is overtaking (far) the ego vehicle and maintaining lane.,1.428163,3.840279,6.48,False,None,0.0
17,17_scenario_5,A black Sedan is driving ahead (near) of the ego vehicle and maintaining lane.,14.641573,14.792661,6.22,False,None,0.0
17,17_scenario_6,A red SUV is driving ahead (far) of the ego vehicle and maintaining lane.,7.594757,16.206416,12.86,False,None,0.0
17,17_scenario_7,A black Sedan is driving ahead (far) of the ego vehicle and maintaining lane.,5.132617,12.576201,6.4,False,None,0.0
17,17_scenario_8,A yellow Sedan is overtaking (far) the ego vehicle and maintaining lane.,4.908147,12.105108,8.78,False,None,0.0
17,17_scenario_9,A black SchoolBus is overtaking (near) the ego vehicle and maintaining lane.,9.758975,10.605234,4.4,False,None,0.0
17,17_scenario_10,A yellow SUV is overtaking (far) the ego vehicle and switching lane.,100000.0,3.642055,6.3,False,None,0.0
17,17_scenario_11,A yellow Sedan is overtaking (near) the ego vehicle and switching lane.,3.633354,4.071553,8.120000000000001,False,None,0.0
17,17_scenario_12,A pink Jeep is crossing the road (near) and switching lane.,3.884829,8.741866,3.8,False,None,0.0
17,17_scenario_13,A yellow Hatchback is driving ahead (near) of the ego vehicle and maintaining lane.,2.349674,6.739834,2.02,False,None,0.0
17,17_scenario_14,A black Jeep is overtaking (far) the ego vehicle and maintaining lane.,3.797423,5.623868,6.06,False,None,0.0
17,17_scenario_15,A yellow Sedan is overtaking (near) the ego vehicle and switching lane.,100000.0,3.160909,5.56,False,None,0.0
17,17_scenario_16,A black SUV is driving ahead (near) of the ego vehicle and maintaining lane.,100000.0,5.146849,6.68,False,None,0.0
18,18_scenario_0,A black Sedan is driving ahead (near) of the ego vehicle and maintaining lane.,100000.0,100000.0,5.38,False,None,0.0
18,18_scenario_1_npc_vehicle,A black SchoolBus is driving ahead (near) of the ego vehicle and maintaining lane.,0.0,6.406266,6.52,True,npc_vehicle,3.3416629240834665
19,19_scenario_0,A yellow Sedan is overtaking (far) the ego vehicle and maintaining lane.,100000.0,28.626329,5.16,False,None,0.0
19,19_scenario_1,A red SUV is overtaking (near) the ego vehicle and maintaining lane.,4.144544,12.993651,16.84,False,None,0.0
19,19_scenario_2,A pedestrian is crossing the road from left to right.,12.996986,3.375114,9.36,False,None,0.0
19,19_scenario_3,A pink SchoolBus is crossing the road (near) and switching lane.,1.51997,2.187382,14.94,False,None,0.0
19,19_scenario_4,A white BoxTruck is overtaking (near) the ego vehicle and switching lane.,3.48004,3.622716,4.46,False,None,0.0
19,19_scenario_5,A yellow SUV is overtaking (near) the ego vehicle and switching lane.,3.483943,3.864853,4.12,False,None,0.0
19,19_scenario_6,A skyblue Sedan is overtaking (far) the ego vehicle and switching lane.,13.308867,9.032462,14.62,False,None,0.0
19,19_scenario_7,A white Sedan is driving ahead (far) of the ego vehicle and switching lane.,3.662148,8.868442,7.54,False,None,0.0
19,19_scenario_8,A pink SchoolBus is crossing the road (near) and switching lane.,1.540878,12.052871,5.3,False,None,0.0
19,19_scenario_9,A red SUV is crossing the road (near) and maintaining lane.,0.82283,6.914741,10.92,False,None,0.0
19,19_scenario_10,A skyblue Hatchback is driving ahead (far) of the ego vehicle and maintaining lane.,6.256098,5.185944,4.0200000000000005,False,None,0.0
19,19_scenario_11,A yellow SUV is overtaking (near) the ego vehicle and switching lane.,11.985587,6.158092,4.18,False,None,0.0
19,19_scenario_12,A red BoxTruck is driving from the opposite direction (far) and maintaining lane.,4.681319,21.448966,3.3200000000000003,False,None,0.0
19,19_scenario_13,A pink Jeep is driving ahead (far) of the ego vehicle and maintaining lane.,9.804181,35.23992,2.3200000000000003,False,None,0.0
19,19_scenario_14,A skyblue Sedan is overtaking (far) the ego vehicle and switching lane.,100000.0,7.145288,1.04,False,None,0.0
19,19_scenario_15,A yellow Hatchback is driving ahead (near) of the ego vehicle and maintaining lane.,2.928457,5.982971,4.8,False,None,0.0
