Execution,ScenarioID,Configuration_API_Description,Attribute[TTC],Attribute[DTO],Attribute[Jerk],Attribute[COL],Attribute[COLT],Attribute[SAC]
0,0_scenario_0,A red Hatchback is driving from the opposite direction (near) and switching lane.,1.748421,25.029401,5.0600000000000005,False,None,0.0
0,0_scenario_1,A pink Sedan is driving from the opposite direction (near) and maintaining lane.,100000.0,17.984796,1.58,False,None,0.0
0,0_scenario_2,A black Jeep is overtaking (near) the ego vehicle and maintaining lane.,22.605679,19.618731,8.44,False,None,0.0
0,0_scenario_3,A skyblue SUV is crossing the road (far) and maintaining lane.,100000.0,25.582811,11.38,False,None,0.0
0,0_scenario_4,A skyblue BoxTruck is driving ahead (near) of the ego vehicle and switching lane.,100000.0,12.695104,8.36,False,None,0.0
0,0_scenario_5,A yellow Hatchback is overtaking (near) the ego vehicle and maintaining lane.,0.807998,4.348801,10.92,False,None,0.0
0,0_scenario_6,A skyblue Jeep is driving from the opposite direction (far) and maintaining lane.,2.91616,9.974507,9.04,False,None,0.0
0,0_scenario_7,A white SchoolBus is driving ahead (near) of the ego vehicle and switching lane.,2.460833,13.417074,2.02,False,None,0.0
0,0_scenario_8,A red SUV is driving ahead (near) of the ego vehicle and switching lane.,2.144717,16.657997,6.6,False,None,0.0
0,0_scenario_9,A white BoxTruck is overtaking (near) the ego vehicle and switching lane.,0.031516,1.240624,7.339999999999999,False,None,0.0
0,0_scenario_10,A white Jeep is driving ahead (near) of the ego vehicle and maintaining lane.,0.221994,2.023446,6.319999999999999,False,None,0.0
0,0_scenario_11,A pink Hatchback is driving from the opposite direction (far) and switching lane.,1.082924,9.96638,5.58,False,None,0.0
0,0_scenario_12,A red SUV is crossing the road (near) and maintaining lane.,3.176553,9.799505,2.92,False,None,0.0
0,0_scenario_13,A red BoxTruck is overtaking (near) the ego vehicle and maintaining lane.,2.258678,10.172084,4.12,False,None,0.0
0,0_scenario_14,A skyblue Jeep is driving from the opposite direction (far) and maintaining lane.,100000.0,8.69061,6.9,False,None,0.0
0,0_scenario_15_npc_vehicle,A pedestrian is crossing the road from left to right.,0.0,7.786278,5.98,True,npc_vehicle,0.0011398086216085
1,1_scenario_0,A pedestrian is crossing the road from left to right.,100000.0,19.437586,6.38,False,None,0.0
1,1_scenario_1,A white SchoolBus is driving ahead (far) of the ego vehicle and maintaining lane.,100000.0,13.262267,4.06,False,None,0.0
1,1_scenario_2,A black Jeep is overtaking (far) the ego vehicle and maintaining lane.,100000.0,4.796163,4.0600000000000005,False,None,0.0
1,1_scenario_3,A red BoxTruck is driving from the opposite direction (far) and maintaining lane.,2.319876,7.645986,4.08,False,None,0.0
1,1_scenario_4,A black Sedan is driving ahead (near) of the ego vehicle and maintaining lane.,0.746711,6.48547,14.0,False,None,0.0
1,1_scenario_5,A white SUV is driving ahead (far) of the ego vehicle and switching lane.,100000.0,5.484517,5.58,False,None,0.0
1,1_scenario_6,A pink Jeep is driving ahead (far) of the ego vehicle and maintaining lane.,3.109332,6.014876,7.4,False,None,0.0
1,1_scenario_7,A red SUV is driving ahead (near) of the ego vehicle and switching lane.,100000.0,9.636614,11.06,False,None,0.0
1,1_scenario_8,A white SUV is driving ahead (far) of the ego vehicle and switching lane.,100000.0,24.687937,6.66,False,None,0.0
1,1_scenario_9,A red BoxTruck is overtaking (near) the ego vehicle and maintaining lane.,3.277952,10.804108,1.8,False,None,0.0
1,1_scenario_10,A yellow Sedan is driving from the opposite direction (near) and switching lane.,3.237012,16.939239,8.7,False,None,0.0
1,1_scenario_11,A red Jeep is overtaking (near) the ego vehicle and switching lane.,0.988068,10.672839,8.18,False,None,0.0
1,1_scenario_12,A red Hatchback is crossing the road (near) and switching lane.,100000.0,16.973324,5.88,False,None,0.0
1,1_scenario_13,A red SUV is overtaking (near) the ego vehicle and maintaining lane.,39.880986,8.969084,7.56,False,None,0.0
1,1_scenario_14,A pink Jeep is driving ahead (far) of the ego vehicle and maintaining lane.,100000.0,11.430368,4.34,False,None,0.0
1,1_scenario_15,A skyblue BoxTruck is driving ahead (near) of the ego vehicle and switching lane.,100000.0,8.036319,3.02,False,None,0.0
1,1_scenario_16,A red BoxTruck is overtaking (near) the ego vehicle and maintaining lane.,1.865967,8.251804,9.62,False,None,0.0
1,1_scenario_17,A pedestrian is crossing the road from left to right.,100000.0,9.567905,0.0,False,None,0.0
2,2_scenario_0,A yellow SUV is overtaking (near) the ego vehicle and switching lane.,100000.0,9.103856,4.460000000000001,False,None,0.0
2,2_scenario_1,A black Jeep is overtaking (far) the ego vehicle and maintaining lane.,100000.0,13.708239,2.88,False,None,0.0
2,2_scenario_2,A black SchoolBus is overtaking (near) the ego vehicle and maintaining lane.,100000.0,10.578337,5.56,False,None,0.0
2,2_scenario_3,A pink Jeep is driving ahead (far) of the ego vehicle and maintaining lane.,1.760659,4.066033,7.18,False,None,0.0
2,2_scenario_4,A pink Jeep is driving ahead (far) of the ego vehicle and maintaining lane.,2.608064,5.355163,6.02,False,None,0.0
2,2_scenario_5,A red SUV is overtaking (near) the ego vehicle and maintaining lane.,100000.0,13.330133,6.5,False,None,0.0
2,2_scenario_6,A white Jeep is driving ahead (near) of the ego vehicle and maintaining lane.,1.383168,9.602442,5.16,False,None,0.0
2,2_scenario_7,A white Hatchback is overtaking (far) the ego vehicle and maintaining lane.,100000.0,6.549378,6.64,False,None,0.0
2,2_scenario_8,A red SUV is driving ahead (near) of the ego vehicle and switching lane.,1.861529,12.672322,4.720000000000001,False,None,0.0
2,2_scenario_9,A black Sedan is driving ahead (near) of the ego vehicle and maintaining lane.,2.077324,6.588902,6.1000000000000005,False,None,0.0
2,2_scenario_10,A pedestrian is crossing the road from left to right.,9.77374,15.210304,6.66,False,None,0.0
2,2_scenario_11,A pedestrian is crossing the road from left to right.,9.934366,3.141391,7.58,False,None,0.0
2,2_scenario_12,A pedestrian is crossing the road from left to right.,100000.0,2.714831,3.48,False,None,0.0
2,2_scenario_13,A skyblue Hatchback is driving ahead (far) of the ego vehicle and maintaining lane.,100000.0,2.533197,6.619999999999999,False,None,0.0
2,2_scenario_14,A pink Sedan is driving from the opposite direction (near) and maintaining lane.,100000.0,5.632231,4.78,False,None,0.0
2,2_scenario_15,A yellow Hatchback is overtaking (near) the ego vehicle and maintaining lane.,100000.0,8.330456,7.4,False,None,0.0
2,2_scenario_16,A white SUV is driving ahead (far) of the ego vehicle and switching lane.,100000.0,9.054011,6.98,False,None,0.0
3,3_scenario_0,A pink SchoolBus is crossing the road (near) and switching lane.,100000.0,12.157179,7.58,False,None,0.0
3,3_scenario_1,A red Hatchback is crossing the road (near) and switching lane.,0.614065,3.432596,2.08,False,None,0.0
3,3_scenario_2,A yellow BoxTruck is overtaking (far) the ego vehicle and maintaining lane.,0.642423,10.213415,2.94,False,None,0.0
3,3_scenario_3,A skyblue SchoolBus is driving ahead (far) of the ego vehicle and switching lane.,100000.0,16.977581,1.0,False,None,0.0
3,3_scenario_4_npc_vehicle,A red SUV is crossing the road (near) and maintaining lane.,0.0,3.646758,13.3,True,npc_vehicle,5.942155792188565
4,4_scenario_0,A black SchoolBus is overtaking (near) the ego vehicle and maintaining lane.,100000.0,8.063313,7.36,False,None,0.0
4,4_scenario_1_npc_vehicle,A black Jeep is overtaking (far) the ego vehicle and maintaining lane.,0.0,4.823628,9.3,True,npc_vehicle,8.315309746919633
5,5_scenario_0,A pedestrian is crossing the road from right to left.,100000.0,15.748402,2.6,False,None,0.0
5,5_scenario_1,A black Sedan is driving ahead (far) of the ego vehicle and maintaining lane.,13.914254,8.119991,3.0,False,None,0.0
5,5_scenario_2_npc_vehicle,A skyblue BoxTruck is driving ahead (near) of the ego vehicle and switching lane.,0.0,7.265426,8.719999999999999,True,npc_vehicle,3.834126405328252
6,6_scenario_0,A black SUV is crossing the road (near) and switching lane.,100000.0,10.021405,8.98,False,None,0.0
6,6_scenario_1,A red BoxTruck is driving from the opposite direction (near) and maintaining lane.,0.797913,12.435197,5.62,False,None,0.0
6,6_scenario_2,A yellow Sedan is overtaking (far) the ego vehicle and maintaining lane.,2.400563,37.465359,8.24,False,None,0.0
6,6_scenario_3,A red SchoolBus is overtaking (far) the ego vehicle and switching lane.,4.165089,56.641402,14.36,False,None,0.0
6,6_scenario_4_obstacle,A red BoxTruck is overtaking (near) the ego vehicle and maintaining lane.,0.0,27.308345,4.24,True,obstacle,10.518171246371097
7,7_scenario_0,A red Hatchback is crossing the road (far) and switching lane.,1.096691,14.077703,4.9,False,None,0.0
7,7_scenario_1,A white BoxTruck is overtaking (near) the ego vehicle and switching lane.,0.72753,12.860845,9.24,False,None,0.0
7,7_scenario_2,A red SchoolBus is overtaking (near) the ego vehicle and switching lane.,2.693894,20.011886,12.12,False,None,0.0
7,7_scenario_3,A red BoxTruck is driving ahead (far) of the ego vehicle and maintaining lane.,2.647615,30.429838,7.319999999999999,False,None,0.0
7,7_scenario_4,A black Jeep is driving ahead (near) of the ego vehicle and switching lane.,0.814363,3.578679,6.18,False,None,0.0
7,7_scenario_5,A pink Jeep is crossing the road (near) and switching lane.,0.343056,10.30965,6.74,False,None,0.0
7,7_scenario_6,A white Sedan is driving ahead (far) of the ego vehicle and switching lane.,0.12017,2.682178,11.18,False,None,0.0
7,7_scenario_7,A yellow SUV is overtaking (near) the ego vehicle and switching lane.,7.071301,4.520798,5.08,False,None,0.0
7,7_scenario_8,A black Sedan is driving ahead (near) of the ego vehicle and maintaining lane.,22.753928,11.770312,5.76,False,None,0.0
7,7_scenario_9,A black Sedan is driving ahead (near) of the ego vehicle and maintaining lane.,100000.0,9.277381,2.1,False,None,0.0
7,7_scenario_10,A black Sedan is driving ahead (far) of the ego vehicle and maintaining lane.,100000.0,7.429744,5.12,False,None,0.0
7,7_scenario_11,A black Jeep is overtaking (near) the ego vehicle and maintaining lane.,0.831496,5.10776,7.02,False,None,0.0
8,8_scenario_0,A yellow SUV is overtaking (near) the ego vehicle and switching lane.,2.564268,9.848139,4.92,False,None,0.0
8,8_scenario_1,A red BoxTruck is driving ahead (far) of the ego vehicle and maintaining lane.,14.708881,14.655083,4.199999999999999,False,None,0.0
8,8_scenario_2,A pedestrian is crossing the road from left to right.,4.371378,15.099447,6.0200000000000005,False,None,0.0
8,8_scenario_3,A red SchoolBus is overtaking (near) the ego vehicle and switching lane.,4.262016,18.948718,8.36,False,None,0.0
8,8_scenario_4,A pink Jeep is crossing the road (near) and switching lane.,1.834951,14.041947,6.24,False,None,0.0
8,8_scenario_5_npc_vehicle,A black SUV is driving ahead (near) of the ego vehicle and maintaining lane.,0.0,1.928848,15.44,True,npc_vehicle,2.4453019624881924
9,9_scenario_0,A black SchoolBus is driving ahead (near) of the ego vehicle and maintaining lane.,100000.0,12.304175,6.0200000000000005,False,None,0.0
9,9_scenario_1,A white SchoolBus is driving from the opposite direction (far) and switching lane.,1.254931,25.041824,6.16,False,None,0.0
9,9_scenario_2_npc_vehicle,A black SchoolBus is driving ahead (near) of the ego vehicle and maintaining lane.,0.0,6.990091,4.14,True,npc_vehicle,0.9905028658332076
10,10_scenario_0,A red BoxTruck is driving ahead (far) of the ego vehicle and maintaining lane.,100000.0,50.332232,2.6,False,None,0.0
10,10_scenario_1,A yellow BoxTruck is overtaking (far) the ego vehicle and maintaining lane.,100000.0,44.260461,0.3799999999999999,False,None,0.0
10,10_scenario_2,A red SUV is overtaking (near) the ego vehicle and maintaining lane.,2.719583,13.512987,3.4600000000000004,False,None,0.0
10,10_scenario_3,A yellow SUV is overtaking (far) the ego vehicle and switching lane.,100000.0,6.242307,5.96,False,None,0.0
10,10_scenario_4,A pink Jeep is driving ahead (far) of the ego vehicle and maintaining lane.,3.157301,25.775061,4.16,False,None,0.0
10,10_scenario_5,A red SUV is overtaking (near) the ego vehicle and maintaining lane.,100000.0,4.846297,14.64,False,None,0.0
10,10_scenario_6,A red BoxTruck is driving ahead (far) of the ego vehicle and maintaining lane.,100000.0,9.472716,9.76,False,None,0.0
10,10_scenario_7,A pedestrian is crossing the road from left to right.,100000.0,19.104839,6.020000000000001,False,None,0.0
10,10_scenario_8,A pink Sedan is driving from the opposite direction (far) and maintaining lane.,24.772925,10.791342,6.34,False,None,0.0
10,10_scenario_9,A yellow SchoolBus is overtaking (far) the ego vehicle and maintaining lane.,13.020076,2.695492,7.44,False,None,0.0
10,10_scenario_10,A pink Hatchback is driving ahead (near) of the ego vehicle and switching lane.,1.995799,6.911532,8.78,False,None,0.0
10,10_scenario_11,A pink Hatchback is driving ahead (near) of the ego vehicle and switching lane.,1.007724,12.678796,16.82,False,None,0.0
10,10_scenario_12,A pink Sedan is driving from the opposite direction (far) and switching lane.,0.178689,1.055606,5.32,False,None,0.0
10,10_scenario_13,A black Jeep is overtaking (near) the ego vehicle and maintaining lane.,0.190351,1.241628,6.52,False,None,0.0
10,10_scenario_14,A pedestrian is crossing the road from left to right.,0.190165,2.818121,7.9,False,None,0.0
10,10_scenario_15,A white SchoolBus is driving ahead (far) of the ego vehicle and maintaining lane.,100000.0,2.986066,0.5800000000000001,False,None,0.0
10,10_scenario_16,A black SchoolBus is overtaking (near) the ego vehicle and maintaining lane.,100000.0,5.397511,0.6799999999999999,False,None,0.0
11,11_scenario_0,A pink BoxTruck is driving ahead (near) of the ego vehicle and maintaining lane.,100000.0,100000.0,2.4,False,None,0.0
11,11_scenario_1,A pink SchoolBus is driving from the opposite direction (far) and maintaining lane.,100000.0,49.76974,2.8600000000000003,False,None,0.0
11,11_scenario_2,A black Hatchback is overtaking (near) the ego vehicle and switching lane.,0.982426,4.337873,3.88,False,None,0.0
11,11_scenario_3,A red BoxTruck is overtaking (near) the ego vehicle and maintaining lane.,100000.0,3.756312,9.34,False,None,0.0
11,11_scenario_4,A white Hatchback is overtaking (far) the ego vehicle and maintaining lane.,100000.0,10.402091,4.68,False,None,0.0
11,11_scenario_5,A black Jeep is driving ahead (near) of the ego vehicle and switching lane.,100000.0,5.111477,7.56,False,None,0.0
11,11_scenario_6,A pedestrian is crossing the road from right to left.,100000.0,5.347565,5.720000000000001,False,None,0.0
11,11_scenario_7,A white BoxTruck is overtaking (near) the ego vehicle and switching lane.,100000.0,10.764565,6.4,False,None,0.0
11,11_scenario_8,A pedestrian is crossing the road from left to right.,100000.0,2.633326,2.1,False,None,0.0
11,11_scenario_9,A pedestrian is crossing the road from left to right.,100000.0,2.55691,5.3,False,None,0.0
11,11_scenario_10,A pedestrian is crossing the road from left to right.,100000.0,3.356711,0.58,False,None,0.0
11,11_scenario_11,A pedestrian is crossing the road from left to right.,100000.0,3.573619,0.0,False,None,0.0
12,12_scenario_0,A pink SchoolBus is crossing the road (near) and switching lane.,100000.0,12.884128,2.8,False,None,0.0
12,12_scenario_1,A skyblue Jeep is overtaking (far) the ego vehicle and switching lane.,1.297116,18.295926,5.9,False,None,0.0
12,12_scenario_2,A pink Sedan is driving from the opposite direction (near) and maintaining lane.,12.319741,6.709795,1.8000000000000005,False,None,0.0
12,12_scenario_3_npc_vehicle,A skyblue BoxTruck is driving ahead (near) of the ego vehicle and switching lane.,0.0,1.900888,12.32,True,npc_vehicle,9.440857033499205
13,13_scenario_0,A skyblue Hatchback is driving ahead (far) of the ego vehicle and maintaining lane.,100000.0,50.240752,2.3400000000000003,False,None,0.0
13,13_scenario_1,A pedestrian is crossing the road from right to left.,100000.0,10.13317,5.640000000000001,False,None,0.0
13,13_scenario_2,A pedestrian is crossing the road from left to right.,100000.0,2.171438,10.82,False,None,0.0
13,13_scenario_3,A pedestrian is crossing the road from left to right.,100000.0,3.148805,2.14,False,None,0.0
13,13_scenario_4,A white SchoolBus is crossing the road (far) and switching lane.,100000.0,2.80468,14.76,False,None,0.0
13,13_scenario_5,A red SUV is overtaking (near) the ego vehicle and maintaining lane.,100000.0,11.783886,1.5799999999999996,False,None,0.0
13,13_scenario_6,A red BoxTruck is driving from the opposite direction (near) and maintaining lane.,100000.0,19.21111,3.84,False,None,0.0
13,13_scenario_7,A yellow Sedan is crossing the road (far) and switching lane.,100000.0,37.72639,0.0,False,None,0.0
14,14_scenario_0,A black Sedan is driving ahead (far) of the ego vehicle and maintaining lane.,100000.0,50.229701,2.5,False,None,0.0
14,14_scenario_1,A pink Jeep is driving ahead (far) of the ego vehicle and maintaining lane.,100000.0,58.647899,0.4599999999999999,False,None,0.0
14,14_scenario_2_npc_vehicle,A white Jeep is driving ahead (near) of the ego vehicle and maintaining lane.,0.0,4.423584,1.7799999999999998,True,npc_vehicle,0.3026944488882219
15,15_scenario_0,A pink Jeep is crossing the road (near) and switching lane.,0.424583,5.498321,5.6000000000000005,False,None,0.0
15,15_scenario_1,A red Hatchback is crossing the road (near) and switching lane.,0.44948,6.522634,1.52,False,None,0.0
15,15_scenario_2,A pedestrian is crossing the road from left to right.,2.695061,8.681534,6.18,False,None,0.0
15,15_scenario_3,A pedestrian is crossing the road from left to right.,100000.0,2.877534,9.76,False,None,0.0
15,15_scenario_4,A yellow SchoolBus is overtaking (far) the ego vehicle and maintaining lane.,100000.0,2.842794,0.0,False,None,0.0
15,15_scenario_5,A white SchoolBus is driving ahead (near) of the ego vehicle and switching lane.,100000.0,2.853591,0.0,False,None,0.0
15,15_scenario_6_npc_vehicle,A black Hatchback is overtaking (near) the ego vehicle and switching lane.,0.0,2.846932,5.68,True,npc_vehicle,3.5308449902065914e-05
16,16_scenario_0,A pink Jeep is driving ahead (far) of the ego vehicle and maintaining lane.,100000.0,50.282568,2.3,False,None,0.0
16,16_scenario_1,A pink Sedan is driving from the opposite direction (near) and maintaining lane.,7.505455,18.329673,3.6000000000000005,False,None,0.0
16,16_scenario_2,A yellow Sedan is driving from the opposite direction (near) and switching lane.,100000.0,18.729943,3.4800000000000004,False,None,0.0
16,16_scenario_3,A black SUV is crossing the road (near) and switching lane.,1.383904,10.163568,9.64,False,None,0.0
16,16_scenario_4,A red SUV is driving ahead (near) of the ego vehicle and switching lane.,100000.0,10.828355,6.140000000000001,False,None,0.0
16,16_scenario_5,A red SUV is driving ahead (far) of the ego vehicle and maintaining lane.,100000.0,23.49702,6.800000000000001,False,None,0.0
16,16_scenario_6,A black SchoolBus is driving ahead (near) of the ego vehicle and maintaining lane.,0.721109,9.280658,9.32,False,None,0.0
16,16_scenario_7,A pedestrian is crossing the road from left to right.,1.96816,16.557973,10.78,False,None,0.0
16,16_scenario_8,A black Jeep is overtaking (near) the ego vehicle and maintaining lane.,5.84025,8.358627,8.780000000000001,False,None,0.0
16,16_scenario_9_pedestrian,A black Sedan is driving ahead (near) of the ego vehicle and maintaining lane.,0.0,1.499149,5.64,True,pedestrian,6.451275146825189
17,17_scenario_0,A skyblue Hatchback is driving ahead (far) of the ego vehicle and maintaining lane.,100000.0,50.174475,1.64,False,None,0.0
17,17_scenario_1,A white BoxTruck is overtaking (near) the ego vehicle and switching lane.,1.210406,16.944506,0.8000000000000003,False,None,0.0
17,17_scenario_2,A pink Jeep is driving ahead (far) of the ego vehicle and maintaining lane.,100000.0,12.301606,3.8,False,None,0.0
17,17_scenario_3,A skyblue BoxTruck is driving ahead (near) of the ego vehicle and switching lane.,0.571395,8.520784,14.04,False,None,0.0
17,17_scenario_4_npc_vehicle,A pedestrian is crossing the road from left to right.,0.0,7.359278,6.5,True,npc_vehicle,8.62407903007745
18,18_scenario_0,A skyblue Hatchback is driving ahead (far) of the ego vehicle and maintaining lane.,100000.0,50.240752,2.3400000000000003,False,None,0.0
18,18_scenario_1,A pedestrian is crossing the road from right to left.,100000.0,10.13317,5.640000000000001,False,None,0.0
18,18_scenario_2,A pedestrian is crossing the road from left to right.,100000.0,2.171438,10.82,False,None,0.0
18,18_scenario_3,A pedestrian is crossing the road from left to right.,100000.0,3.148805,2.14,False,None,0.0
18,18_scenario_4,A white SchoolBus is crossing the road (far) and switching lane.,100000.0,2.80468,14.76,False,None,0.0
18,18_scenario_5,A red SUV is overtaking (near) the ego vehicle and maintaining lane.,100000.0,11.783886,1.5799999999999996,False,None,0.0
18,18_scenario_6,A red BoxTruck is driving from the opposite direction (near) and maintaining lane.,100000.0,19.21111,3.84,False,None,0.0
18,18_scenario_7,A yellow Sedan is crossing the road (far) and switching lane.,100000.0,37.72639,0.0,False,None,0.0
19,19_scenario_0,A black Sedan is driving ahead (near) of the ego vehicle and maintaining lane.,1.983703,8.723218,3.98,False,None,0.0
19,19_scenario_1,A yellow SchoolBus is overtaking (far) the ego vehicle and maintaining lane.,100000.0,13.774697,1.66,False,None,0.0
19,19_scenario_2,A black SUV is driving ahead (near) of the ego vehicle and maintaining lane.,100000.0,14.899704,0.5599999999999999,False,None,0.0
19,19_scenario_3,A black SchoolBus is overtaking (near) the ego vehicle and maintaining lane.,4.013613,12.616805,10.98,False,None,0.0
19,19_scenario_4,A yellow SchoolBus is overtaking (far) the ego vehicle and maintaining lane.,720.740425,8.533634,0.5599999999999999,False,None,0.0
19,19_scenario_5,A black SUV is driving ahead (near) of the ego vehicle and maintaining lane.,0.354751,5.155141,10.52,False,None,0.0
19,19_scenario_6,A pink Hatchback is driving ahead (near) of the ego vehicle and switching lane.,26.706641,9.110112,11.08,False,None,0.0
19,19_scenario_7,A yellow SchoolBus is driving from the opposite direction (near) and switching lane.,100000.0,6.269728,5.1,False,None,0.0
19,19_scenario_8,A black Hatchback is overtaking (near) the ego vehicle and switching lane.,5.442758,3.555092,5.4,False,None,0.0
19,19_scenario_9,A white Jeep is crossing the road (far) and maintaining lane.,3.048031,15.905925,5.4,False,None,0.0
19,19_scenario_10,A red BoxTruck is driving ahead (far) of the ego vehicle and maintaining lane.,8.71284,35.051147,3.82,False,None,0.0
19,19_scenario_11,A red SUV is driving ahead (far) of the ego vehicle and maintaining lane.,21.039567,42.100689,3.4000000000000004,False,None,0.0
19,19_scenario_12,A pink Jeep is crossing the road (near) and switching lane.,1.975126,12.753538,5.98,False,None,0.0
19,19_scenario_13,A pink Sedan is driving from the opposite direction (far) and maintaining lane.,100000.0,38.618993,3.66,False,None,0.0
19,19_scenario_14,A black SUV is driving ahead (near) of the ego vehicle and maintaining lane.,4.876606,12.580147,5.56,False,None,0.0
