Execution,ScenarioID,Configuration_API_Description,Attribute[TTC],Attribute[DTO],Attribute[Jerk],Attribute[COL],Attribute[COLT],Attribute[SAC]
0,0_scenario_0,A yellow Hatchback is driving ahead (near) of the ego vehicle and maintaining lane.,100000.0,13.164736,5.46,False,None,0.0
0,0_scenario_1,A yellow Hatchback is overtaking (near) the ego vehicle and maintaining lane.,100000.0,3.373614,4.46,False,None,0.0
0,0_scenario_2,A pink SUV is overtaking (far) the ego vehicle and maintaining lane.,1.231643,12.576874,4.34,False,None,0.0
0,0_scenario_3,A red BoxTruck is driving ahead (far) of the ego vehicle and switching lane.,3.583966,8.025706,6.76,False,None,0.0
0,0_scenario_4,A yellow Hatchback is overtaking (far) the ego vehicle and switching lane.,2.242786,10.434685,2.46,False,None,0.0
0,0_scenario_5,A white SUV is driving ahead (far) of the ego vehicle and switching lane.,2.560915,3.654888,6.140000000000001,False,None,0.0
0,0_scenario_6,A white BoxTruck is overtaking (far) the ego vehicle and switching lane.,2.486667,13.513775,5.619999999999999,False,None,0.0
0,0_scenario_7,A red SchoolBus is overtaking (near) the ego vehicle and switching lane.,1.585631,14.799198,10.7,False,None,0.0
0,0_scenario_8,A skyblue Jeep is driving from the opposite direction (far) and maintaining lane.,6.195008,18.164038,1.94,False,None,0.0
0,0_scenario_9,A red BoxTruck is overtaking (near) the ego vehicle and maintaining lane.,7.741033,15.455991,5.42,False,None,0.0
0,0_scenario_10,A white BoxTruck is overtaking (far) the ego vehicle and switching lane.,7.058542,3.776447,5.46,False,None,0.0
0,0_scenario_11,A red BoxTruck is driving ahead (far) of the ego vehicle and switching lane.,0.985165,9.186982,3.14,False,None,0.0
0,0_scenario_12,A pink BoxTruck is driving ahead (near) of the ego vehicle and maintaining lane.,2.410375,11.53165,1.0,False,None,0.0
0,0_scenario_13,A white SchoolBus is driving ahead (far) of the ego vehicle and maintaining lane.,5.110298,11.457017,5.94,False,None,0.0
1,1_scenario_0,A white Sedan is driving ahead (far) of the ego vehicle and switching lane.,100000.0,49.83146,6.08,False,None,0.0
1,1_scenario_1,A black Hatchback is overtaking (near) the ego vehicle and switching lane.,2.293795,5.946296,1.7799999999999998,False,None,0.0
1,1_scenario_2,A pink Jeep is driving ahead (far) of the ego vehicle and maintaining lane.,24.248996,3.998308,0.94,False,None,0.0
1,1_scenario_3,A black Sedan is driving ahead (far) of the ego vehicle and maintaining lane.,2.153892,5.913481,0.4200000000000001,False,None,0.0
1,1_scenario_4,A red BoxTruck is driving from the opposite direction (far) and maintaining lane.,6.117419,16.607825,10.76,False,None,0.0
1,1_scenario_5_npc_vehicle,A black SchoolBus is crossing the road (far) and maintaining lane.,0.0,7.769845,4.16,True,npc_vehicle,1.231463083426848
2,2_scenario_0,A white SUV is driving ahead (far) of the ego vehicle and switching lane.,4.13213,50.721754,4.22,False,None,0.0
2,2_scenario_1,A pink SchoolBus is driving from the opposite direction (far) and maintaining lane.,15.788496,6.79749,4.2,False,None,0.0
2,2_scenario_2,A black SUV is driving from the opposite direction (far) and switching lane.,10.084151,10.192815,12.64,False,None,0.0
2,2_scenario_3,A yellow Jeep is driving from the opposite direction (far) and switching lane.,40.043149,10.782745,0.4199999999999999,False,None,0.0
2,2_scenario_4,A red Hatchback is crossing the road (near) and switching lane.,5.736701,11.800833,8.879999999999999,False,None,0.0
2,2_scenario_5,A red SUV is overtaking (near) the ego vehicle and maintaining lane.,2.122032,19.729775,12.68,False,None,0.0
2,2_scenario_6,A black Sedan is driving ahead (near) of the ego vehicle and maintaining lane.,1.634248,18.217743,3.3,False,None,0.0
2,2_scenario_7,A red SUV is crossing the road (near) and maintaining lane.,5.802236,19.258201,3.7,False,None,0.0
2,2_scenario_8,A black SUV is crossing the road (near) and switching lane.,1.734094,14.644844,5.039999999999999,False,None,0.0
2,2_scenario_9,A red Hatchback is crossing the road (far) and switching lane.,2.950828,10.312448,1.48,False,None,0.0
2,2_scenario_10,A yellow SchoolBus is overtaking (far) the ego vehicle and maintaining lane.,9.289319,10.081762,3.7,False,None,0.0
2,2_scenario_11,A skyblue SUV is driving from the opposite direction (near) and maintaining lane.,0.848202,4.84992,6.5600000000000005,False,None,0.0
2,2_scenario_12,A pink BoxTruck is driving ahead (near) of the ego vehicle and maintaining lane.,2.345134,8.880156,0.92,False,None,0.0
2,2_scenario_13,A skyblue Jeep is overtaking (far) the ego vehicle and switching lane.,1.398054,8.851268,7.0600000000000005,False,None,0.0
3,3_scenario_0,A white SchoolBus is crossing the road (far) and switching lane.,6.329463,42.656933,4.84,False,None,0.0
3,3_scenario_1,A black Jeep is overtaking (near) the ego vehicle and maintaining lane.,2.401248,4.773252,3.8,False,None,0.0
3,3_scenario_2,A skyblue Jeep is driving from the opposite direction (far) and maintaining lane.,0.927186,5.094489,0.92,False,None,0.0
3,3_scenario_3,A white SchoolBus is driving ahead (far) of the ego vehicle and maintaining lane.,8.126267,4.965535,0.7200000000000001,False,None,0.0
3,3_scenario_4,A black Sedan is driving ahead (far) of the ego vehicle and maintaining lane.,4.144823,11.483205,10.72,False,None,0.0
3,3_scenario_5,A yellow Jeep is driving from the opposite direction (far) and switching lane.,2.894678,11.652421,12.98,False,None,0.0
3,3_scenario_6,A red SUV is driving ahead (far) of the ego vehicle and maintaining lane.,1.042491,9.008612,5.32,False,None,0.0
3,3_scenario_7,A black Jeep is driving ahead (far) of the ego vehicle and switching lane.,11.582723,44.006531,4.2,False,None,0.0
3,3_scenario_8,A red BoxTruck is driving ahead (far) of the ego vehicle and maintaining lane.,8.685935,49.321943,5.32,False,None,0.0
3,3_scenario_9,A yellow SUV is overtaking (near) the ego vehicle and switching lane.,3.077509,3.534416,3.76,False,None,0.0
3,3_scenario_10,A white SchoolBus is crossing the road (far) and switching lane.,1.466911,11.675883,2.16,False,None,0.0
3,3_scenario_11,A yellow SUV is overtaking (near) the ego vehicle and switching lane.,5.974333,8.523588,5.26,False,None,0.0
4,4_scenario_0,A white Jeep is driving ahead (near) of the ego vehicle and maintaining lane.,5.175804,12.068597,2.4599999999999995,False,None,0.0
4,4_scenario_1,A yellow Sedan is overtaking (far) the ego vehicle and maintaining lane.,1.343113,18.702783,4.0,False,None,0.0
4,4_scenario_2,A yellow SUV is overtaking (near) the ego vehicle and switching lane.,0.850145,5.430461,5.58,False,None,0.0
4,4_scenario_3,A pink Sedan is driving from the opposite direction (far) and maintaining lane.,3.375808,5.532803,7.6,False,None,0.0
4,4_scenario_4,A white BoxTruck is driving from the opposite direction (far) and switching lane.,1.383795,8.757793,2.1,False,None,0.0
4,4_scenario_5,A black Jeep is overtaking (near) the ego vehicle and maintaining lane.,3.064072,5.979188,3.92,False,None,0.0
4,4_scenario_6,A pink BoxTruck is driving ahead (near) of the ego vehicle and maintaining lane.,0.937808,10.626088,1.18,False,None,0.0
4,4_scenario_7,A pink SUV is overtaking (far) the ego vehicle and maintaining lane.,0.700608,7.588372,8.120000000000001,False,None,0.0
4,4_scenario_8,A pink Jeep is driving ahead (far) of the ego vehicle and maintaining lane.,1.737376,22.236721,2.5,False,None,0.0
4,4_scenario_9,A skyblue Jeep is overtaking (far) the ego vehicle and switching lane.,8.031911,29.960036,5.199999999999999,False,None,0.0
4,4_scenario_10,A yellow SchoolBus is overtaking (far) the ego vehicle and maintaining lane.,7.510164,16.1132,5.26,False,None,0.0
4,4_scenario_11,A white BoxTruck is overtaking (far) the ego vehicle and switching lane.,9.600354,3.911505,2.64,False,None,0.0
4,4_scenario_12,A yellow Hatchback is driving ahead (near) of the ego vehicle and maintaining lane.,0.855357,4.91683,2.38,False,None,0.0
4,4_scenario_13,A black Sedan is driving ahead (far) of the ego vehicle and maintaining lane.,3.409187,8.771131,7.18,False,None,0.0
5,5_scenario_0,A white BoxTruck is overtaking (far) the ego vehicle and switching lane.,1.963368,38.342076,5.32,False,None,0.0
5,5_scenario_1,A red SchoolBus is overtaking (far) the ego vehicle and switching lane.,1.605912,31.824316,2.76,False,None,0.0
5,5_scenario_2,A red BoxTruck is overtaking (near) the ego vehicle and maintaining lane.,100000.0,17.074388,0.7200000000000002,False,None,0.0
5,5_scenario_3,A yellow Hatchback is overtaking (near) the ego vehicle and maintaining lane.,0.804371,13.305657,0.64,False,None,0.0
5,5_scenario_4,A red SUV is overtaking (near) the ego vehicle and maintaining lane.,0.774763,11.979713,8.58,False,None,0.0
5,5_scenario_5,A black Sedan is driving ahead (far) of the ego vehicle and maintaining lane.,0.753053,6.601298,6.16,False,None,0.0
5,5_scenario_6,A black SUV is crossing the road (near) and switching lane.,1.149893,11.300206,5.579999999999999,False,None,0.0
5,5_scenario_7,A black Sedan is driving ahead (far) of the ego vehicle and maintaining lane.,4.058333,26.402107,4.0200000000000005,False,None,0.0
5,5_scenario_8,A yellow SUV is overtaking (near) the ego vehicle and switching lane.,1.003827,3.477009,5.34,False,None,0.0
5,5_scenario_9,A black Sedan is driving ahead (far) of the ego vehicle and maintaining lane.,2.004292,25.396644,4.18,False,None,0.0
5,5_scenario_10,A white Jeep is driving ahead (near) of the ego vehicle and maintaining lane.,2.474347,13.01769,1.26,False,None,0.0
5,5_scenario_11,A red Hatchback is crossing the road (near) and switching lane.,1.619047,16.827082,1.72,False,None,0.0
5,5_scenario_12,A white SchoolBus is crossing the road (far) and switching lane.,6.542719,55.198761,4.82,False,None,0.0
5,5_scenario_13,A red SUV is overtaking (near) the ego vehicle and maintaining lane.,0.625078,5.821254,7.04,False,None,0.0
6,6_scenario_0,A white SchoolBus is driving ahead (far) of the ego vehicle and maintaining lane.,100000.0,49.576631,2.26,False,None,0.0
6,6_scenario_1,A red SchoolBus is overtaking (far) the ego vehicle and switching lane.,100000.0,49.5486,1.94,False,None,0.0
6,6_scenario_2,A skyblue Jeep is driving from the opposite direction (far) and maintaining lane.,1.617313,5.009394,1.16,False,None,0.0
6,6_scenario_3,A pink Hatchback is crossing the road (far) and maintaining lane.,100000.0,13.798092,5.42,False,None,0.0
6,6_scenario_4,A black Sedan is driving ahead (near) of the ego vehicle and maintaining lane.,9.476894,5.194423,4.239999999999999,False,None,0.0
6,6_scenario_5,A white SUV is driving ahead (far) of the ego vehicle and switching lane.,2.176137,31.328419,3.22,False,None,0.0
6,6_scenario_6,A white Sedan is driving ahead (far) of the ego vehicle and switching lane.,1.885436,24.76231,7.5,False,None,0.0
6,6_scenario_7,A white SchoolBus is driving ahead (far) of the ego vehicle and maintaining lane.,12.682769,31.042113,4.08,False,None,0.0
6,6_scenario_8,A pink Hatchback is driving ahead (near) of the ego vehicle and switching lane.,2.291355,9.726443,5.6,False,None,0.0
6,6_scenario_9,A pink BoxTruck is driving ahead (near) of the ego vehicle and maintaining lane.,2.990702,22.090915,1.3000000000000005,False,None,0.0
6,6_scenario_10,A pink SUV is overtaking (far) the ego vehicle and maintaining lane.,0.668214,6.042094,1.7199999999999998,False,None,0.0
6,6_scenario_11,A red Jeep is overtaking (near) the ego vehicle and switching lane.,1.144589,6.324233,1.14,False,None,0.0
7,7_scenario_0,A red BoxTruck is overtaking (near) the ego vehicle and maintaining lane.,100000.0,3.585398,11.28,False,None,0.0
7,7_scenario_1,A white Sedan is driving ahead (far) of the ego vehicle and switching lane.,100000.0,29.637013,4.72,False,None,0.0
7,7_scenario_2,A pink BoxTruck is crossing the road (near) and switching lane.,26.856961,12.420448,9.26,False,None,0.0
7,7_scenario_3,A black Sedan is driving ahead (near) of the ego vehicle and maintaining lane.,2.747004,8.223468,8.3,False,None,0.0
7,7_scenario_4,A red BoxTruck is driving ahead (far) of the ego vehicle and switching lane.,100000.0,14.842846,5.04,False,None,0.0
7,7_scenario_5,A white Sedan is driving ahead (far) of the ego vehicle and switching lane.,100000.0,8.979819,3.52,False,None,0.0
7,7_scenario_6,A yellow Hatchback is driving ahead (near) of the ego vehicle and maintaining lane.,6.066623,6.08897,5.68,False,None,0.0
7,7_scenario_7,A skyblue Sedan is overtaking (far) the ego vehicle and switching lane.,2.058618,13.734274,5.92,False,None,0.0
7,7_scenario_8,A pink SUV is driving from the opposite direction (far) and maintaining lane.,2.016412,18.353194,8.92,False,None,0.0
7,7_scenario_9,A white Sedan is driving ahead (far) of the ego vehicle and switching lane.,0.588049,5.635397,6.54,False,None,0.0
7,7_scenario_10,A white SchoolBus is driving ahead (near) of the ego vehicle and switching lane.,2.946045,11.517242,3.22,False,None,0.0
7,7_scenario_11,A white SUV is driving ahead (far) of the ego vehicle and switching lane.,2.944943,12.19623,5.52,False,None,0.0
7,7_scenario_12,A black Jeep is driving ahead (far) of the ego vehicle and switching lane.,3.406192,14.903487,1.0,False,None,0.0
7,7_scenario_13,A black SchoolBus is overtaking (near) the ego vehicle and maintaining lane.,6.907616,8.131354,6.98,False,None,0.0
8,8_scenario_0,A yellow Hatchback is overtaking (far) the ego vehicle and switching lane.,100000.0,42.740286,2.3,False,None,0.0
8,8_scenario_1,A yellow Sedan is driving from the opposite direction (near) and switching lane.,1.993321,11.191981,7.84,False,None,0.0
8,8_scenario_2,A black Jeep is overtaking (near) the ego vehicle and maintaining lane.,0.781933,6.263872,2.58,False,None,0.0
8,8_scenario_3,A white SUV is driving ahead (far) of the ego vehicle and switching lane.,100000.0,9.598956,10.56,False,None,0.0
8,8_scenario_4,A red SchoolBus is overtaking (far) the ego vehicle and switching lane.,12.367103,6.313907,4.38,False,None,0.0
8,8_scenario_5,A red SUV is overtaking (near) the ego vehicle and maintaining lane.,1.252187,3.820294,10.42,False,None,0.0
8,8_scenario_6,A black Sedan is driving ahead (near) of the ego vehicle and maintaining lane.,0.967702,9.70576,11.36,False,None,0.0
8,8_scenario_7,A black Sedan is driving ahead (near) of the ego vehicle and maintaining lane.,1.795028,6.707107,7.88,False,None,0.0
8,8_scenario_8,A black Hatchback is overtaking (near) the ego vehicle and switching lane.,3.215735,11.79693,3.62,False,None,0.0
8,8_scenario_9,A skyblue SUV is crossing the road (far) and maintaining lane.,3.318365,20.220187,4.98,False,None,0.0
8,8_scenario_10,A black Sedan is driving ahead (near) of the ego vehicle and maintaining lane.,2.493824,11.350724,6.94,False,None,0.0
8,8_scenario_11,A red BoxTruck is driving ahead (far) of the ego vehicle and maintaining lane.,3.533678,30.53816,0.56,False,None,0.0
8,8_scenario_12,A yellow Hatchback is overtaking (far) the ego vehicle and switching lane.,0.803094,5.405552,6.58,False,None,0.0
8,8_scenario_13,A red BoxTruck is driving from the opposite direction (far) and maintaining lane.,1.018417,7.302249,5.88,False,None,0.0
9,9_scenario_0,A pedestrian is crossing the road from left to right.,100000.0,17.812074,3.1,False,None,0.0
9,9_scenario_1_pedestrian,A yellow Sedan is driving from the opposite direction (near) and switching lane.,0.0,1.707749,11.24,True,pedestrian,8.361544137808343
10,10_scenario_0,A black Sedan is driving ahead (near) of the ego vehicle and maintaining lane.,100000.0,12.068344,5.28,False,None,0.0
10,10_scenario_1,A black Jeep is overtaking (near) the ego vehicle and maintaining lane.,0.93569,3.706141,4.359999999999999,False,None,0.0
10,10_scenario_2,A red BoxTruck is driving from the opposite direction (near) and maintaining lane.,2.27366,7.21245,5.26,False,None,0.0
10,10_scenario_3,A black Jeep is overtaking (far) the ego vehicle and maintaining lane.,1.206559,27.870334,4.140000000000001,False,None,0.0
10,10_scenario_4,A skyblue BoxTruck is driving ahead (near) of the ego vehicle and switching lane.,1.125633,6.778467,5.24,False,None,0.0
10,10_scenario_5,A pink Hatchback is driving from the opposite direction (far) and switching lane.,3.944247,6.863979,4.28,False,None,0.0
10,10_scenario_6,A white SUV is driving ahead (far) of the ego vehicle and switching lane.,3.600171,6.996682,3.12,False,None,0.0
10,10_scenario_7,A red BoxTruck is driving ahead (far) of the ego vehicle and switching lane.,11.466193,10.929518,6.140000000000001,False,None,0.0
10,10_scenario_8,A yellow Hatchback is crossing the road (near) and maintaining lane.,0.961962,10.805886,10.72,False,None,0.0
10,10_scenario_9,A skyblue Hatchback is driving ahead (far) of the ego vehicle and maintaining lane.,6.697297,16.579043,1.74,False,None,0.0
10,10_scenario_10,A yellow Sedan is driving from the opposite direction (near) and switching lane.,1.969783,17.024793,5.5,False,None,0.0
10,10_scenario_11,A pink Sedan is driving from the opposite direction (far) and maintaining lane.,3.220394,4.280006,3.12,False,None,0.0
10,10_scenario_12,A yellow Hatchback is overtaking (far) the ego vehicle and switching lane.,1.984106,6.072081,1.98,False,None,0.0
10,10_scenario_13,A red SUV is crossing the road (near) and maintaining lane.,1.594327,3.470593,0.92,False,None,0.0
10,10_scenario_14,A yellow Hatchback is crossing the road (near) and maintaining lane.,1.6823,18.08748,5.82,False,None,0.0
10,10_scenario_15,A skyblue Sedan is overtaking (far) the ego vehicle and switching lane.,0.58099,6.24278,7.26,False,None,0.0
11,11_scenario_0,A red BoxTruck is driving ahead (far) of the ego vehicle and switching lane.,100000.0,50.746043,2.34,False,None,0.0
11,11_scenario_1,A white SchoolBus is crossing the road (far) and switching lane.,11.326744,58.740124,1.84,False,None,0.0
11,11_scenario_2,A red BoxTruck is overtaking (near) the ego vehicle and maintaining lane.,100000.0,19.030545,0.84,False,None,0.0
11,11_scenario_3_npc_vehicle,A black Sedan is driving ahead (near) of the ego vehicle and maintaining lane.,0.0,3.823754,7.02,True,npc_vehicle,4.152947716786537
12,12_scenario_0,A white Sedan is driving ahead (far) of the ego vehicle and switching lane.,100000.0,50.726766,4.86,False,None,0.0
12,12_scenario_1,A pink Sedan is driving from the opposite direction (far) and switching lane.,100000.0,10.747541,2.5,False,None,0.0
12,12_scenario_2,A red Sedan is overtaking (near) the ego vehicle and maintaining lane.,3.587388,10.259899,0.4799999999999998,False,None,0.0
12,12_scenario_3,A black Hatchback is overtaking (near) the ego vehicle and switching lane.,100000.0,15.304654,0.54,False,None,0.0
12,12_scenario_4,A black SUV is driving ahead (near) of the ego vehicle and maintaining lane.,100000.0,16.229915,9.74,False,None,0.0
12,12_scenario_5,A yellow SUV is overtaking (near) the ego vehicle and switching lane.,0.776325,11.198766,12.72,False,None,0.0
12,12_scenario_6,A black SUV is crossing the road (near) and switching lane.,3.229841,13.284701,11.72,False,None,0.0
12,12_scenario_7,A white Sedan is driving ahead (far) of the ego vehicle and switching lane.,3.153856,27.826088,3.64,False,None,0.0
12,12_scenario_8,A yellow BoxTruck is overtaking (far) the ego vehicle and maintaining lane.,4.376778,51.456096,5.199999999999999,False,None,0.0
12,12_scenario_9,A black SchoolBus is crossing the road (far) and maintaining lane.,3.231955,40.950794,4.0,False,None,0.0
12,12_scenario_10,A yellow Sedan is crossing the road (far) and switching lane.,3.272075,40.051141,1.3199999999999998,False,None,0.0
12,12_scenario_11,A yellow Sedan is overtaking (near) the ego vehicle and switching lane.,6.819817,3.665857,4.72,False,None,0.0
13,13_scenario_0,A white SchoolBus is driving ahead (far) of the ego vehicle and maintaining lane.,100000.0,50.162308,2.76,False,None,0.0
13,13_scenario_1,A yellow Hatchback is overtaking (far) the ego vehicle and switching lane.,2.827842,50.421109,1.4400000000000002,False,None,0.0
13,13_scenario_2,A yellow Sedan is overtaking (far) the ego vehicle and maintaining lane.,100000.0,34.585289,1.54,False,None,0.0
13,13_scenario_3,A white SchoolBus is driving ahead (near) of the ego vehicle and switching lane.,2.082891,6.682263,0.5,False,None,0.0
13,13_scenario_4,A red SchoolBus is driving from the opposite direction (near) and maintaining lane.,3.815712,8.734535,10.6,False,None,0.0
13,13_scenario_5,A pink SUV is crossing the road (far) and switching lane.,1.525629,14.898475,6.36,False,None,0.0
13,13_scenario_6,A skyblue Jeep is overtaking (far) the ego vehicle and switching lane.,2.428855,15.027335,4.28,False,None,0.0
13,13_scenario_7,A red SUV is driving ahead (far) of the ego vehicle and maintaining lane.,6.200424,18.750096,4.62,False,None,0.0
13,13_scenario_8,A pink Jeep is crossing the road (near) and switching lane.,1.683323,4.462978,4.96,False,None,0.0
13,13_scenario_9,A pink Jeep is driving ahead (far) of the ego vehicle and maintaining lane.,1.338359,3.969088,4.1000000000000005,False,None,0.0
13,13_scenario_10,A yellow Hatchback is crossing the road (near) and maintaining lane.,2.9495,8.526574,1.06,False,None,0.0
13,13_scenario_11,A white BoxTruck is driving from the opposite direction (far) and switching lane.,5.74728,8.525553,0.68,False,None,0.0
13,13_scenario_12,A black Jeep is overtaking (far) the ego vehicle and maintaining lane.,1.65789,5.484081,6.4,False,None,0.0
14,14_scenario_0,A white BoxTruck is overtaking (far) the ego vehicle and switching lane.,2.193944,43.298686,2.2,False,None,0.0
14,14_scenario_1,A pink SUV is overtaking (far) the ego vehicle and maintaining lane.,2.046024,37.5798,4.76,False,None,0.0
14,14_scenario_2,A pink SUV is overtaking (far) the ego vehicle and maintaining lane.,100000.0,31.547347,2.76,False,None,0.0
14,14_scenario_3,A yellow SUV is driving from the opposite direction (near) and switching lane.,9.26512,8.693276,3.56,False,None,0.0
14,14_scenario_4,A red Hatchback is crossing the road (far) and switching lane.,5.36719,11.214117,9.06,False,None,0.0
14,14_scenario_5,A black SUV is driving from the opposite direction (far) and switching lane.,2.945798,9.066228,14.0,False,None,0.0
14,14_scenario_6,A pink BoxTruck is driving ahead (near) of the ego vehicle and maintaining lane.,1.088208,8.02779,3.58,False,None,0.0
14,14_scenario_7,A pink BoxTruck is crossing the road (near) and switching lane.,5.532155,22.133123,3.94,False,None,0.0
14,14_scenario_8,A white BoxTruck is driving from the opposite direction (far) and switching lane.,4.158534,34.464625,4.1,False,None,0.0
14,14_scenario_9,A black Hatchback is overtaking (near) the ego vehicle and switching lane.,2.153405,8.571224,5.199999999999999,False,None,0.0
14,14_scenario_10,A black SchoolBus is overtaking (near) the ego vehicle and maintaining lane.,0.714133,5.222611,1.1800000000000002,False,None,0.0
14,14_scenario_11,A white BoxTruck is overtaking (near) the ego vehicle and switching lane.,1.29394,4.20348,1.24,False,None,0.0
14,14_scenario_12,A yellow SchoolBus is overtaking (far) the ego vehicle and maintaining lane.,1.738502,7.356731,1.02,False,None,0.0
14,14_scenario_13,A red BoxTruck is overtaking (near) the ego vehicle and maintaining lane.,0.737534,5.351641,7.08,False,None,0.0
15,15_scenario_0,A yellow Sedan is overtaking (far) the ego vehicle and maintaining lane.,100000.0,51.664049,2.46,False,None,0.0
15,15_scenario_1,A white SchoolBus is driving ahead (near) of the ego vehicle and switching lane.,2.199942,10.103737,11.08,False,None,0.0
15,15_scenario_2,A white SchoolBus is driving ahead (near) of the ego vehicle and switching lane.,100000.0,5.547996,0.68,False,None,0.0
15,15_scenario_3,A black Sedan is driving ahead (far) of the ego vehicle and maintaining lane.,100000.0,5.547996,6.5200000000000005,False,None,0.0
15,15_scenario_4,A pink Sedan is driving from the opposite direction (far) and switching lane.,25.558683,5.666595,2.96,False,None,0.0
15,15_scenario_5,A black SchoolBus is overtaking (near) the ego vehicle and maintaining lane.,23.741143,11.423298,0.5800000000000001,False,None,0.0
15,15_scenario_6,A white BoxTruck is driving from the opposite direction (far) and switching lane.,42.557543,15.781149,10.3,False,None,0.0
15,15_scenario_7,A red SchoolBus is overtaking (far) the ego vehicle and switching lane.,1.812505,16.656459,8.9,False,None,0.0
15,15_scenario_8,A black SchoolBus is driving ahead (near) of the ego vehicle and maintaining lane.,6.886727,14.166957,8.52,False,None,0.0
15,15_scenario_9,A red Jeep is overtaking (near) the ego vehicle and switching lane.,3.084715,13.472875,8.9,False,None,0.0
15,15_scenario_10,A yellow Sedan is driving from the opposite direction (near) and switching lane.,1.934095,4.895016,3.5,False,None,0.0
15,15_scenario_11,A red BoxTruck is overtaking (near) the ego vehicle and maintaining lane.,1.008646,3.49981,3.32,False,None,0.0
15,15_scenario_12,A white SUV is driving ahead (far) of the ego vehicle and switching lane.,0.944968,4.55539,2.16,False,None,0.0
15,15_scenario_13,A yellow SchoolBus is overtaking (far) the ego vehicle and maintaining lane.,3.400682,16.723029,0.64,False,None,0.0
15,15_scenario_14,A skyblue Hatchback is driving ahead (far) of the ego vehicle and maintaining lane.,0.775235,5.719304,5.82,False,None,0.0
16,16_scenario_0,A pink Hatchback is driving from the opposite direction (far) and switching lane.,100000.0,14.768806,2.6599999999999997,False,None,0.0
16,16_scenario_1,A white Sedan is driving ahead (far) of the ego vehicle and switching lane.,7.056161,11.310355,9.7,False,None,0.0
16,16_scenario_2,A yellow Sedan is driving from the opposite direction (near) and switching lane.,29.529141,9.510537,2.9400000000000004,False,None,0.0
16,16_scenario_3,A skyblue SUV is driving from the opposite direction (near) and maintaining lane.,3.210691,9.332479,0.96,False,None,0.0
16,16_scenario_4,A skyblue Jeep is overtaking (far) the ego vehicle and switching lane.,5.720668,48.18008,9.6,False,None,0.0
16,16_scenario_5,A yellow Sedan is overtaking (near) the ego vehicle and switching lane.,1.555882,23.528009,9.1,False,None,0.0
16,16_scenario_6,A red Jeep is overtaking (near) the ego vehicle and switching lane.,1.027385,13.313476,6.48,False,None,0.0
16,16_scenario_7,A pink SUV is driving from the opposite direction (far) and maintaining lane.,3.08378,44.516782,4.62,False,None,0.0
16,16_scenario_8,A black Sedan is driving ahead (far) of the ego vehicle and maintaining lane.,8.438739,49.477116,5.46,False,None,0.0
16,16_scenario_9,A yellow Jeep is driving from the opposite direction (far) and switching lane.,5.953502,50.254961,2.94,False,None,0.0
16,16_scenario_10,A white Jeep is driving ahead (near) of the ego vehicle and maintaining lane.,1.987196,11.771249,2.34,False,None,0.0
16,16_scenario_11,A black Jeep is overtaking (far) the ego vehicle and maintaining lane.,3.618308,4.308563,5.04,False,None,0.0
16,16_scenario_12,A skyblue SUV is crossing the road (far) and maintaining lane.,0.85741,10.76532,5.94,False,None,0.0
17,17_scenario_0,A red BoxTruck is driving ahead (far) of the ego vehicle and maintaining lane.,100000.0,50.926267,4.34,False,None,0.0
17,17_scenario_1,A black Sedan is driving ahead (near) of the ego vehicle and maintaining lane.,1.427032,6.166181,8.6,False,None,0.0
17,17_scenario_2,A red BoxTruck is driving ahead (far) of the ego vehicle and switching lane.,4.520007,16.153744,3.3,False,None,0.0
17,17_scenario_3,A pink Sedan is driving from the opposite direction (near) and maintaining lane.,5.890817,5.564096,4.32,False,None,0.0
17,17_scenario_4,A yellow Sedan is overtaking (far) the ego vehicle and maintaining lane.,2.629236,29.744345,2.4199999999999995,False,None,0.0
17,17_scenario_5,A black SchoolBus is overtaking (near) the ego vehicle and maintaining lane.,100000.0,9.069002,6.0,False,None,0.0
17,17_scenario_6,A red BoxTruck is driving from the opposite direction (near) and maintaining lane.,3.152301,8.752388,1.7000000000000002,False,None,0.0
17,17_scenario_7,A yellow Sedan is crossing the road (far) and switching lane.,3.488225,10.518298,7.06,False,None,0.0
17,17_scenario_8,A red SUV is overtaking (near) the ego vehicle and maintaining lane.,4.479094,10.736761,3.6,False,None,0.0
17,17_scenario_9,A white SchoolBus is driving ahead (near) of the ego vehicle and switching lane.,2.541698,10.91389,8.9,False,None,0.0
17,17_scenario_10,A white SchoolBus is driving ahead (far) of the ego vehicle and maintaining lane.,2.675374,3.444346,7.24,False,None,0.0
17,17_scenario_11,A skyblue Sedan is overtaking (far) the ego vehicle and switching lane.,1.414161,4.498765,1.64,False,None,0.0
17,17_scenario_12,A pink BoxTruck is crossing the road (near) and switching lane.,2.936748,26.916416,1.72,False,None,0.0
17,17_scenario_13,A red BoxTruck is overtaking (near) the ego vehicle and maintaining lane.,5.595867,11.745138,0.8799999999999999,False,None,0.0
17,17_scenario_14,A white Sedan is driving ahead (far) of the ego vehicle and switching lane.,8.062022,9.350742,6.06,False,None,0.0
17,17_scenario_15,A yellow SUV is overtaking (far) the ego vehicle and switching lane.,1.296894,5.892277,7.16,False,None,0.0
18,18_scenario_0,A yellow SUV is overtaking (far) the ego vehicle and switching lane.,2.139892,43.184668,3.66,False,None,0.0
18,18_scenario_1,A skyblue Sedan is overtaking (far) the ego vehicle and switching lane.,1.998502,37.380648,2.24,False,None,0.0
18,18_scenario_2,A black SUV is crossing the road (near) and switching lane.,100000.0,11.605375,0.68,False,None,0.0
18,18_scenario_3,A white Jeep is driving ahead (near) of the ego vehicle and maintaining lane.,36.836121,5.498089,5.68,False,None,0.0
18,18_scenario_4,A skyblue SUV is crossing the road (far) and maintaining lane.,3.828672,10.361099,10.14,False,None,0.0
18,18_scenario_5,A red SchoolBus is overtaking (far) the ego vehicle and switching lane.,2.451365,11.70399,9.0,False,None,0.0
18,18_scenario_6,A skyblue Jeep is overtaking (far) the ego vehicle and switching lane.,2.438387,23.05441,5.16,False,None,0.0
18,18_scenario_7,A black Sedan is driving ahead (near) of the ego vehicle and maintaining lane.,2.868709,10.232154,4.78,False,None,0.0
18,18_scenario_8,A pink Hatchback is crossing the road (far) and maintaining lane.,3.167409,21.981916,3.6,False,None,0.0
18,18_scenario_9,A yellow Hatchback is overtaking (near) the ego vehicle and maintaining lane.,0.713612,5.956451,2.6,False,None,0.0
18,18_scenario_10,A black SchoolBus is overtaking (near) the ego vehicle and maintaining lane.,0.762233,5.728168,0.78,False,None,0.0
18,18_scenario_11,A black Hatchback is overtaking (near) the ego vehicle and switching lane.,1.703988,8.865394,6.62,False,None,0.0
18,18_scenario_12,A yellow BoxTruck is overtaking (far) the ego vehicle and maintaining lane.,1.59692,8.160499,7.12,False,None,0.0
19,19_scenario_0,A pink Sedan is driving from the opposite direction (near) and maintaining lane.,100000.0,7.567355,6.16,False,None,0.0
19,19_scenario_1,A pink BoxTruck is driving ahead (near) of the ego vehicle and maintaining lane.,13.588534,11.745153,9.3,False,None,0.0
19,19_scenario_2,A black SchoolBus is overtaking (near) the ego vehicle and maintaining lane.,2.347695,11.834922,5.14,False,None,0.0
19,19_scenario_3,A black Jeep is overtaking (near) the ego vehicle and maintaining lane.,37.382953,11.555109,6.02,False,None,0.0
19,19_scenario_4,A white SchoolBus is driving ahead (far) of the ego vehicle and maintaining lane.,100000.0,14.443975,5.46,False,None,0.0
19,19_scenario_5,A red SUV is driving ahead (near) of the ego vehicle and switching lane.,3.543741,11.960236,11.06,False,None,0.0
19,19_scenario_6,A skyblue Sedan is overtaking (far) the ego vehicle and switching lane.,1.771332,15.069315,2.08,False,None,0.0
19,19_scenario_7,A white SchoolBus is crossing the road (far) and switching lane.,1.844785,8.148124,12.22,False,None,0.0
19,19_scenario_8,A black SUV is crossing the road (near) and switching lane.,1.408906,12.274446,6.22,False,None,0.0
19,19_scenario_9,A red SUV is overtaking (near) the ego vehicle and maintaining lane.,1.074796,11.895076,5.38,False,None,0.0
19,19_scenario_10,A red SchoolBus is overtaking (far) the ego vehicle and switching lane.,2.391347,14.818642,4.76,False,None,0.0
19,19_scenario_11,A white Jeep is crossing the road (far) and maintaining lane.,3.319603,13.338244,4.82,False,None,0.0
19,19_scenario_12,A white SUV is driving ahead (far) of the ego vehicle and switching lane.,7.975695,12.736851,2.88,False,None,0.0
19,19_scenario_13,A black Jeep is driving ahead (far) of the ego vehicle and switching lane.,8.598134,12.063484,1.0799999999999998,False,None,0.0
19,19_scenario_14,A yellow Hatchback is driving ahead (near) of the ego vehicle and maintaining lane.,2.602932,11.511026,6.4,False,None,0.0
19,19_scenario_15,A black Jeep is overtaking (near) the ego vehicle and maintaining lane.,3.524866,11.3352,7.0,False,None,0.0
