Execution,ScenarioID,Configuration_API_Description,Attribute[TTC],Attribute[DTO],Attribute[Jerk],Attribute[COL],Attribute[COLT],Attribute[SAC]
0,0_scenario_0,A white SchoolBus is driving ahead (near) of the ego vehicle and switching lane.,17.429772,15.734421,4.88,False,None,0.0
0,0_scenario_1,A yellow Hatchback is driving ahead (near) of the ego vehicle and maintaining lane.,6.738125,6.528212,4.04,False,None,0.0
0,0_scenario_2,A yellow Hatchback is overtaking (far) the ego vehicle and switching lane.,0.873174,10.509312,8.94,False,None,0.0
0,0_scenario_3,A pink BoxTruck is crossing the road (near) and switching lane.,3.680902,18.36494,4.02,False,None,0.0
0,0_scenario_4,A pink SUV is overtaking (far) the ego vehicle and maintaining lane.,7.626598,19.666708,5.34,False,None,0.0
0,0_scenario_5,A skyblue Jeep is overtaking (far) the ego vehicle and switching lane.,1.914916,12.80256,5.64,False,None,0.0
0,0_scenario_6,A pink SchoolBus is crossing the road (near) and switching lane.,21.737909,4.949521,1.2599999999999998,False,None,0.0
0,0_scenario_7,A black Hatchback is overtaking (near) the ego vehicle and switching lane.,4.164863,3.872823,0.66,False,None,0.0
0,0_scenario_8,A red Hatchback is crossing the road (far) and switching lane.,11.189499,3.978995,0.6400000000000001,False,None,0.0
0,0_scenario_9,A yellow SchoolBus is driving from the opposite direction (near) and switching lane.,1.872634,4.641139,5.699999999999999,False,None,0.0
0,0_scenario_10,A black SchoolBus is overtaking (near) the ego vehicle and maintaining lane.,2.294046,13.618456,3.14,False,None,0.0
0,0_scenario_11,A skyblue BoxTruck is driving ahead (near) of the ego vehicle and switching lane.,0.809552,5.24675,4.26,False,None,0.0
0,0_scenario_12,A white SUV is driving ahead (far) of the ego vehicle and switching lane.,3.066882,8.771745,5.1,False,None,0.0
0,0_scenario_13,A skyblue Sedan is overtaking (far) the ego vehicle and switching lane.,16.152743,3.998702,3.82,False,None,0.0
0,0_scenario_14,A red SchoolBus is overtaking (far) the ego vehicle and switching lane.,1.308396,4.54308,3.04,False,None,0.0
0,0_scenario_15,A black SUV is driving from the opposite direction (far) and switching lane.,1.490052,7.982111,0.64,False,None,0.0
0,0_scenario_16,A white SchoolBus is driving ahead (near) of the ego vehicle and switching lane.,2.765712,8.775191,6.6,False,None,0.0
1,1_scenario_0,A black Hatchback is overtaking (near) the ego vehicle and switching lane.,100000.0,5.104689,2.18,False,None,0.0
1,1_scenario_1,A black Jeep is driving ahead (near) of the ego vehicle and switching lane.,4.202461,7.392727,6.18,False,None,0.0
1,1_scenario_2,A black Jeep is overtaking (far) the ego vehicle and maintaining lane.,2.08189,13.696933,2.06,False,None,0.0
1,1_scenario_3,A yellow SchoolBus is overtaking (far) the ego vehicle and maintaining lane.,0.926561,6.31841,5.48,False,None,0.0
1,1_scenario_4,A yellow BoxTruck is overtaking (far) the ego vehicle and maintaining lane.,0.83333,9.413949,4.04,False,None,0.0
1,1_scenario_5,A pink SchoolBus is driving from the opposite direction (far) and maintaining lane.,7.190798,15.305751,0.8400000000000001,False,None,0.0
1,1_scenario_6,A red SUV is driving ahead (far) of the ego vehicle and maintaining lane.,2.005412,14.892444,15.18,False,None,0.0
1,1_scenario_7,A white Sedan is driving ahead (far) of the ego vehicle and switching lane.,4.790959,14.914907,10.0,False,None,0.0
1,1_scenario_8,A pink Sedan is driving from the opposite direction (far) and switching lane.,2.206406,16.460192,5.64,False,None,0.0
1,1_scenario_9,A red SUV is driving ahead (far) of the ego vehicle and maintaining lane.,54.323903,13.547882,0.82,False,None,0.0
1,1_scenario_10,A black Jeep is overtaking (far) the ego vehicle and maintaining lane.,6.534439,12.99746,0.9,False,None,0.0
1,1_scenario_11,A yellow Sedan is overtaking (near) the ego vehicle and switching lane.,8.860131,12.760382,3.3800000000000003,False,None,0.0
1,1_scenario_12,A pink SUV is driving from the opposite direction (far) and maintaining lane.,4.971902,12.18779,3.26,False,None,0.0
1,1_scenario_13,A skyblue SchoolBus is driving ahead (far) of the ego vehicle and switching lane.,5.595329,11.478187,4.0,False,None,0.0
1,1_scenario_14,A black SchoolBus is overtaking (near) the ego vehicle and maintaining lane.,7.691296,11.632393,2.36,False,None,0.0
1,1_scenario_15,A pink SUV is driving from the opposite direction (far) and maintaining lane.,14.539436,11.419853,3.68,False,None,0.0
1,1_scenario_16,A white Jeep is driving ahead (near) of the ego vehicle and maintaining lane.,2.288371,11.313783,2.02,False,None,0.0
1,1_scenario_17,A red SUV is driving ahead (far) of the ego vehicle and maintaining lane.,4.826167,11.110113,4.5600000000000005,False,None,0.0
2,2_scenario_0,A black Jeep is driving ahead (near) of the ego vehicle and switching lane.,11.852782,13.00702,2.44,False,None,0.0
2,2_scenario_1,A red BoxTruck is overtaking (near) the ego vehicle and maintaining lane.,10.435467,11.414141,4.880000000000001,False,None,0.0
2,2_scenario_2,A yellow Hatchback is overtaking (near) the ego vehicle and maintaining lane.,3.206143,11.976283,2.74,False,None,0.0
2,2_scenario_3,A pink SUV is overtaking (far) the ego vehicle and maintaining lane.,1.425414,9.659737,10.82,False,None,0.0
2,2_scenario_4,A white SUV is driving ahead (far) of the ego vehicle and switching lane.,0.969519,10.181668,16.22,False,None,0.0
2,2_scenario_5,A white Hatchback is driving ahead (far) of the ego vehicle and switching lane.,5.824834,16.908966,1.78,False,None,0.0
2,2_scenario_6,A yellow SUV is overtaking (near) the ego vehicle and switching lane.,4.885133,9.078317,6.06,False,None,0.0
2,2_scenario_7,A red BoxTruck is driving ahead (far) of the ego vehicle and maintaining lane.,3.415499,8.781883,9.86,False,None,0.0
2,2_scenario_8,A white SUV is driving ahead (far) of the ego vehicle and switching lane.,18.115922,14.058501,1.6199999999999997,False,None,0.0
2,2_scenario_9,A black Sedan is driving ahead (near) of the ego vehicle and maintaining lane.,100000.0,13.64208,0.4200000000000001,False,None,0.0
2,2_scenario_10,A skyblue SchoolBus is driving ahead (far) of the ego vehicle and switching lane.,41.717078,11.508701,3.4800000000000004,False,None,0.0
2,2_scenario_11,A white Jeep is driving ahead (near) of the ego vehicle and maintaining lane.,42.774547,6.139212,1.1999999999999995,False,None,0.0
2,2_scenario_12,A white BoxTruck is overtaking (near) the ego vehicle and switching lane.,46.500413,4.21468,3.7,False,None,0.0
2,2_scenario_13,A red SUV is overtaking (near) the ego vehicle and maintaining lane.,1.556334,3.926934,4.44,False,None,0.0
2,2_scenario_14,A red Jeep is overtaking (near) the ego vehicle and switching lane.,1.940857,11.00762,0.96,False,None,0.0
3,3_scenario_0,A pedestrian is crossing the road from left to right.,100000.0,22.239865,1.74,False,None,0.0
3,3_scenario_1,A black Sedan is driving ahead (near) of the ego vehicle and maintaining lane.,1.695449,5.805052,5.279999999999999,False,None,0.0
3,3_scenario_2,A white Jeep is crossing the road (far) and maintaining lane.,2.185915,8.323666,1.76,False,None,0.0
3,3_scenario_3,A pedestrian is crossing the road from right to left.,2.117175,6.987592,7.82,False,None,0.0
3,3_scenario_4,A skyblue SUV is crossing the road (far) and maintaining lane.,2.472843,6.996,9.92,False,None,0.0
3,3_scenario_5,A skyblue SUV is driving from the opposite direction (near) and maintaining lane.,2.758201,13.756997,2.06,False,None,0.0
3,3_scenario_6,A black Sedan is driving ahead (far) of the ego vehicle and maintaining lane.,1.981014,21.63371,6.08,False,None,0.0
3,3_scenario_7,A skyblue Hatchback is driving ahead (far) of the ego vehicle and maintaining lane.,7.91542,12.916744,12.84,False,None,0.0
3,3_scenario_8,A pink Hatchback is crossing the road (far) and maintaining lane.,10.607604,7.4746,3.5,False,None,0.0
3,3_scenario_9,A red BoxTruck is driving ahead (far) of the ego vehicle and switching lane.,52.643916,5.152331,0.4399999999999999,False,None,0.0
3,3_scenario_10,A pink BoxTruck is driving ahead (near) of the ego vehicle and maintaining lane.,35.158972,3.890232,3.4400000000000004,False,None,0.0
3,3_scenario_11,A red BoxTruck is driving ahead (far) of the ego vehicle and maintaining lane.,8.440527,3.711665,0.6799999999999999,False,None,0.0
3,3_scenario_12,A red Jeep is overtaking (near) the ego vehicle and switching lane.,3.337969,6.915606,13.88,False,None,0.0
3,3_scenario_13,A skyblue Hatchback is driving ahead (far) of the ego vehicle and maintaining lane.,2.190206,14.928366,5.14,False,None,0.0
3,3_scenario_14,A yellow Hatchback is driving ahead (near) of the ego vehicle and maintaining lane.,2.798802,10.620452,8.7,False,None,0.0
3,3_scenario_15,A red SUV is overtaking (near) the ego vehicle and maintaining lane.,3.406763,7.860026,1.1,False,None,0.0
3,3_scenario_16,A white Sedan is driving ahead (far) of the ego vehicle and switching lane.,9.671611,8.521373,4.86,False,None,0.0
4,4_scenario_0,A yellow SchoolBus is overtaking (far) the ego vehicle and maintaining lane.,100000.0,12.329472,4.72,False,None,0.0
4,4_scenario_1_npc_vehicle,A skyblue BoxTruck is driving ahead (near) of the ego vehicle and switching lane.,0.0,4.402586,6.12,True,npc_vehicle,1.326157692577017
5,5_scenario_0,A yellow SchoolBus is driving from the opposite direction (near) and switching lane.,7.394673,20.156566,2.52,False,None,0.0
5,5_scenario_1,A red Sedan is overtaking (near) the ego vehicle and maintaining lane.,2.854099,3.615097,1.32,False,None,0.0
5,5_scenario_2,A black Hatchback is overtaking (near) the ego vehicle and switching lane.,0.946915,4.505915,3.7,False,None,0.0
5,5_scenario_3,A white SchoolBus is driving from the opposite direction (far) and switching lane.,3.982912,3.845707,3.22,False,None,0.0
5,5_scenario_4,A skyblue Jeep is driving from the opposite direction (far) and maintaining lane.,5.473321,4.883,1.8600000000000003,False,None,0.0
5,5_scenario_5,A white Sedan is driving ahead (far) of the ego vehicle and switching lane.,2.181513,10.891923,2.52,False,None,0.0
5,5_scenario_6,A red BoxTruck is driving ahead (far) of the ego vehicle and maintaining lane.,1.979348,14.631232,12.16,False,None,0.0
5,5_scenario_7,A white Sedan is driving ahead (far) of the ego vehicle and switching lane.,6.368722,21.960176,11.12,False,None,0.0
5,5_scenario_8,A yellow Sedan is overtaking (near) the ego vehicle and switching lane.,15.952766,29.475804,0.4399999999999999,False,None,0.0
5,5_scenario_9,A yellow SchoolBus is overtaking (far) the ego vehicle and maintaining lane.,34.312308,33.324037,0.5,False,None,0.0
5,5_scenario_10,A white BoxTruck is overtaking (far) the ego vehicle and switching lane.,9.170357,27.241269,2.8600000000000003,False,None,0.0
5,5_scenario_11,A red Jeep is overtaking (near) the ego vehicle and switching lane.,5.573055,7.289696,6.62,False,None,0.0
5,5_scenario_12,A pink Jeep is driving ahead (far) of the ego vehicle and maintaining lane.,1.8359,7.68915,6.9,False,None,0.0
5,5_scenario_13,A white Sedan is driving ahead (far) of the ego vehicle and switching lane.,2.806523,34.031823,5.819999999999999,False,None,0.0
5,5_scenario_14,A pink SUV is driving from the opposite direction (far) and maintaining lane.,8.667651,49.136565,3.92,False,None,0.0
5,5_scenario_15,A yellow SUV is overtaking (far) the ego vehicle and switching lane.,14.395334,14.868324,2.5,False,None,0.0
5,5_scenario_16,A black SUV is driving from the opposite direction (far) and switching lane.,0.902951,4.710691,0.78,False,None,0.0
6,6_scenario_0,A yellow SchoolBus is driving from the opposite direction (near) and switching lane.,8.888009,20.491943,2.54,False,None,0.0
6,6_scenario_1,A red SUV is overtaking (near) the ego vehicle and maintaining lane.,1.419408,4.053618,3.2,False,None,0.0
6,6_scenario_2,A white Hatchback is driving ahead (far) of the ego vehicle and switching lane.,1.431645,12.570938,8.8,False,None,0.0
6,6_scenario_3,A yellow BoxTruck is overtaking (far) the ego vehicle and maintaining lane.,2.372697,13.511999,10.96,False,None,0.0
6,6_scenario_4,A red BoxTruck is driving ahead (far) of the ego vehicle and maintaining lane.,7.007746,24.092453,3.24,False,None,0.0
6,6_scenario_5,A black Jeep is overtaking (far) the ego vehicle and maintaining lane.,2.65676,28.325059,1.96,False,None,0.0
6,6_scenario_6,A white BoxTruck is overtaking (near) the ego vehicle and switching lane.,2.40999,10.087582,14.74,False,None,0.0
6,6_scenario_7,A red SUV is driving ahead (far) of the ego vehicle and maintaining lane.,11.891179,7.897437,10.4,False,None,0.0
6,6_scenario_8,A pink SchoolBus is crossing the road (near) and switching lane.,16.668201,8.613387,2.58,False,None,0.0
6,6_scenario_9,A pink SchoolBus is crossing the road (near) and switching lane.,110.668616,12.376559,0.7400000000000001,False,None,0.0
6,6_scenario_10,A skyblue SchoolBus is driving ahead (far) of the ego vehicle and switching lane.,186.381538,14.563946,2.86,False,None,0.0
6,6_scenario_11,A skyblue BoxTruck is driving ahead (near) of the ego vehicle and switching lane.,14.025892,8.467772,3.56,False,None,0.0
6,6_scenario_12,A skyblue BoxTruck is driving ahead (near) of the ego vehicle and switching lane.,5.258868,3.711899,5.56,False,None,0.0
6,6_scenario_13,A pink Hatchback is crossing the road (far) and maintaining lane.,2.021192,10.826087,4.66,False,None,0.0
6,6_scenario_14,A pink Jeep is driving ahead (far) of the ego vehicle and maintaining lane.,1.113328,4.979982,3.92,False,None,0.0
6,6_scenario_15,A red SUV is overtaking (near) the ego vehicle and maintaining lane.,1.568835,9.387025,0.8999999999999999,False,None,0.0
6,6_scenario_16,A white Sedan is driving ahead (far) of the ego vehicle and switching lane.,8.98152,8.679748,6.64,False,None,0.0
7,7_scenario_0,A yellow SUV is overtaking (near) the ego vehicle and switching lane.,100000.0,5.178705,2.08,False,None,0.0
7,7_scenario_1,A skyblue BoxTruck is driving ahead (near) of the ego vehicle and switching lane.,100000.0,12.232073,4.72,False,None,0.0
7,7_scenario_2,A black Sedan is driving ahead (near) of the ego vehicle and maintaining lane.,4.476148,15.266851,3.78,False,None,0.0
7,7_scenario_3,A white Jeep is crossing the road (far) and maintaining lane.,6.039773,33.970775,4.18,False,None,0.0
7,7_scenario_4,A white BoxTruck is overtaking (near) the ego vehicle and switching lane.,3.679543,6.914046,3.88,False,None,0.0
7,7_scenario_5,A white BoxTruck is overtaking (near) the ego vehicle and switching lane.,4.386661,4.676476,11.36,False,None,0.0
7,7_scenario_6,A pedestrian is crossing the road from right to left.,8.96876,4.172876,7.859999999999999,False,None,0.0
7,7_scenario_7_pedestrian,A white Hatchback is overtaking (far) the ego vehicle and maintaining lane.,0.0,2.749391,6.4,True,pedestrian,1.1974335953772537
8,8_scenario_0,A white Jeep is driving ahead (near) of the ego vehicle and maintaining lane.,10.556353,12.767513,2.62,False,None,0.0
8,8_scenario_1,A pedestrian is crossing the road from right to left.,100000.0,18.167887,1.54,False,None,0.0
8,8_scenario_2,A white SchoolBus is driving ahead (far) of the ego vehicle and maintaining lane.,3.026835,24.453303,1.0,False,None,0.0
8,8_scenario_3,A white SUV is driving ahead (far) of the ego vehicle and switching lane.,5.024035,19.157698,9.9,False,None,0.0
8,8_scenario_4,A white BoxTruck is overtaking (far) the ego vehicle and switching lane.,8.31636,27.403813,15.76,False,None,0.0
8,8_scenario_5,A white SchoolBus is crossing the road (far) and switching lane.,14.627868,36.172075,2.6,False,None,0.0
8,8_scenario_6,A pink SUV is crossing the road (far) and switching lane.,23.420275,24.595123,7.1000000000000005,False,None,0.0
8,8_scenario_7,A pink SchoolBus is crossing the road (near) and switching lane.,17.350386,9.538097,9.06,False,None,0.0
8,8_scenario_8,A pink Hatchback is crossing the road (far) and maintaining lane.,10.155778,7.762252,1.5,False,None,0.0
8,8_scenario_9,A yellow SUV is overtaking (far) the ego vehicle and switching lane.,7.614137,7.711779,1.0,False,None,0.0
8,8_scenario_10,A pink SchoolBus is driving from the opposite direction (far) and maintaining lane.,5.566898,7.88598,3.28,False,None,0.0
8,8_scenario_11,A red BoxTruck is driving ahead (far) of the ego vehicle and switching lane.,13.932701,10.41696,3.84,False,None,0.0
8,8_scenario_12,A white SchoolBus is driving ahead (far) of the ego vehicle and maintaining lane.,3.645248,11.659827,4.98,False,None,0.0
8,8_scenario_13,A red BoxTruck is overtaking (near) the ego vehicle and maintaining lane.,6.564806,4.032985,3.74,False,None,0.0
8,8_scenario_14,A skyblue Sedan is overtaking (far) the ego vehicle and switching lane.,1.964339,7.997291,4.2,False,None,0.0
8,8_scenario_15,A yellow Jeep is driving from the opposite direction (far) and switching lane.,0.917439,5.35768,2.04,False,None,0.0
8,8_scenario_16,A skyblue Sedan is overtaking (far) the ego vehicle and switching lane.,3.928399,8.054106,0.7999999999999999,False,None,0.0
8,8_scenario_17,A pink SUV is overtaking (far) the ego vehicle and maintaining lane.,1.067325,11.612672,4.5600000000000005,False,None,0.0
9,9_scenario_0,A red SUV is driving ahead (far) of the ego vehicle and maintaining lane.,100000.0,41.873774,3.3600000000000003,False,None,0.0
9,9_scenario_1,A yellow Hatchback is overtaking (near) the ego vehicle and maintaining lane.,0.989201,7.705452,3.16,False,None,0.0
9,9_scenario_2,A white SchoolBus is driving ahead (near) of the ego vehicle and switching lane.,0.967545,6.780664,6.08,False,None,0.0
9,9_scenario_3,A pink BoxTruck is crossing the road (near) and switching lane.,0.85823,10.901748,3.38,False,None,0.0
9,9_scenario_4,A black Jeep is driving ahead (far) of the ego vehicle and switching lane.,92.77428,10.781571,1.5599999999999998,False,None,0.0
9,9_scenario_5,A pink Jeep is driving ahead (far) of the ego vehicle and maintaining lane.,3.651099,10.140656,5.5,False,None,0.0
9,9_scenario_6,A yellow Sedan is overtaking (far) the ego vehicle and maintaining lane.,4.948603,9.543916,5.98,False,None,0.0
9,9_scenario_7,A pedestrian is crossing the road from right to left.,9.322009,2.429838,0.3799999999999999,False,None,0.0
9,9_scenario_8,A red SchoolBus is overtaking (near) the ego vehicle and switching lane.,4.546722,3.756109,0.52,False,None,0.0
9,9_scenario_9,A red Hatchback is crossing the road (near) and switching lane.,11.25789,8.109436,6.18,False,None,0.0
9,9_scenario_10,A red SUV is overtaking (near) the ego vehicle and maintaining lane.,0.683561,5.363586,0.52,False,None,0.0
9,9_scenario_11,A white SUV is driving ahead (far) of the ego vehicle and switching lane.,2.173298,7.874966,5.040000000000001,False,None,0.0
9,9_scenario_12,A yellow SUV is overtaking (far) the ego vehicle and switching lane.,2.785246,8.019843,4.54,False,None,0.0
9,9_scenario_13,A black Sedan is driving ahead (near) of the ego vehicle and maintaining lane.,4.418764,16.180557,0.6199999999999999,False,None,0.0
9,9_scenario_14,A red BoxTruck is overtaking (near) the ego vehicle and maintaining lane.,1.174303,5.858279,6.98,False,None,0.0
10,10_scenario_0,A yellow SUV is overtaking (near) the ego vehicle and switching lane.,100000.0,5.166245,2.34,False,None,0.0
10,10_scenario_1,A red SUV is driving ahead (near) of the ego vehicle and switching lane.,100000.0,11.787648,3.92,False,None,0.0
10,10_scenario_2,A yellow Hatchback is overtaking (far) the ego vehicle and switching lane.,1.620708,14.890494,5.52,False,None,0.0
10,10_scenario_3,A yellow Sedan is overtaking (near) the ego vehicle and switching lane.,2.843771,16.613608,8.42,False,None,0.0
10,10_scenario_4,A yellow SUV is overtaking (far) the ego vehicle and switching lane.,11.498103,31.301163,0.3,False,None,0.0
10,10_scenario_5,A white SUV is driving ahead (far) of the ego vehicle and switching lane.,9.656167,30.449287,12.18,False,None,0.0
10,10_scenario_6,A black Sedan is driving ahead (near) of the ego vehicle and maintaining lane.,9.923977,21.157599,15.68,False,None,0.0
10,10_scenario_7,A pink Jeep is crossing the road (near) and switching lane.,22.250093,15.447994,1.0000000000000002,False,None,0.0
10,10_scenario_8,A red BoxTruck is overtaking (near) the ego vehicle and maintaining lane.,49.942663,12.921053,0.66,False,None,0.0
10,10_scenario_9,A black SUV is crossing the road (near) and switching lane.,26.774558,11.140387,2.08,False,None,0.0
10,10_scenario_10,A pink Jeep is driving ahead (far) of the ego vehicle and maintaining lane.,11.969565,7.596524,8.12,False,None,0.0
10,10_scenario_11,A white SchoolBus is driving ahead (near) of the ego vehicle and switching lane.,3.038515,6.490472,5.98,False,None,0.0
10,10_scenario_12,A white Hatchback is driving ahead (far) of the ego vehicle and switching lane.,2.323136,3.954794,9.04,False,None,0.0
10,10_scenario_13,A pink Jeep is driving ahead (far) of the ego vehicle and maintaining lane.,2.64717,19.614967,3.42,False,None,0.0
10,10_scenario_14,A skyblue BoxTruck is driving ahead (near) of the ego vehicle and switching lane.,4.153699,14.412828,6.42,False,None,0.0
10,10_scenario_15,A yellow SUV is overtaking (far) the ego vehicle and switching lane.,3.654611,8.105248,1.34,False,None,0.0
10,10_scenario_16,A pink BoxTruck is driving ahead (near) of the ego vehicle and maintaining lane.,0.992492,16.281036,0.7999999999999999,False,None,0.0
10,10_scenario_17,A skyblue SUV is driving from the opposite direction (near) and maintaining lane.,2.79244,22.459001,7.26,False,None,0.0
11,11_scenario_0,A yellow Sedan is overtaking (far) the ego vehicle and maintaining lane.,100000.0,16.400113,2.58,False,None,0.0
11,11_scenario_1,A white SUV is driving ahead (far) of the ego vehicle and switching lane.,0.890665,4.265244,4.2,False,None,0.0
11,11_scenario_2,A pink Jeep is crossing the road (near) and switching lane.,1.101131,10.123159,7.18,False,None,0.0
11,11_scenario_3,A black Jeep is overtaking (far) the ego vehicle and maintaining lane.,1.736345,8.195293,4.56,False,None,0.0
11,11_scenario_4,A red SUV is driving ahead (near) of the ego vehicle and switching lane.,10.202109,11.157462,0.48,False,None,0.0
11,11_scenario_5,A white SUV is driving ahead (far) of the ego vehicle and switching lane.,1.452534,10.203738,13.4,False,None,0.0
11,11_scenario_6,A pink BoxTruck is driving ahead (near) of the ego vehicle and maintaining lane.,30.555349,8.428058,5.9,False,None,0.0
11,11_scenario_7,A pink SchoolBus is crossing the road (near) and switching lane.,75.850292,8.689126,1.7200000000000002,False,None,0.0
11,11_scenario_8,A black Jeep is overtaking (near) the ego vehicle and maintaining lane.,3.415658,7.188804,0.44,False,None,0.0
11,11_scenario_9_npc_vehicle,A skyblue Sedan is driving ahead (near) of the ego vehicle and switching lane.,0.0,2.273222,9.64,True,npc_vehicle,8.902281299098155
12,12_scenario_0,A pink Hatchback is driving from the opposite direction (far) and switching lane.,100000.0,43.93959,2.3600000000000003,False,None,0.0
12,12_scenario_1,A yellow BoxTruck is overtaking (far) the ego vehicle and maintaining lane.,100000.0,32.749646,3.88,False,None,0.0
12,12_scenario_2,A skyblue Jeep is overtaking (far) the ego vehicle and switching lane.,1.127345,10.052669,9.26,False,None,0.0
12,12_scenario_3,A yellow Sedan is crossing the road (far) and maintaining lane.,21.390886,11.803286,16.24,False,None,0.0
12,12_scenario_4,A red SUV is overtaking (near) the ego vehicle and maintaining lane.,7.74343,11.387703,4.86,False,None,0.0
12,12_scenario_5,A yellow Sedan is overtaking (far) the ego vehicle and maintaining lane.,22.434753,4.059282,7.46,False,None,0.0
12,12_scenario_6_npc_vehicle,A pink SUV is driving from the opposite direction (far) and maintaining lane.,0.0,4.146448,8.82,True,npc_vehicle,4.589186979945658
13,13_scenario_0,A red BoxTruck is overtaking (near) the ego vehicle and maintaining lane.,1.227638,5.165111,1.1800000000000006,False,None,0.0
13,13_scenario_1_npc_vehicle,A black Jeep is overtaking (far) the ego vehicle and maintaining lane.,0.0,3.008969,6.14,True,npc_vehicle,4.035063507146657
14,14_scenario_0,A yellow BoxTruck is overtaking (far) the ego vehicle and maintaining lane.,100000.0,29.982915,3.18,False,None,0.0
14,14_scenario_1,A red SchoolBus is overtaking (near) the ego vehicle and switching lane.,100000.0,3.918367,7.94,False,None,0.0
14,14_scenario_2_npc_vehicle,A red BoxTruck is driving ahead (far) of the ego vehicle and maintaining lane.,0.0,5.040372,5.2,True,npc_vehicle,0.4094889690363116
15,15_scenario_0,A yellow SUV is overtaking (near) the ego vehicle and switching lane.,100000.0,8.820364,2.4000000000000004,False,None,0.0
15,15_scenario_1,A red BoxTruck is driving ahead (far) of the ego vehicle and switching lane.,5.25289,9.977767,4.58,False,None,0.0
15,15_scenario_2,A yellow Sedan is crossing the road (far) and switching lane.,3.288799,8.445798,8.18,False,None,0.0
15,15_scenario_3,A yellow Hatchback is overtaking (near) the ego vehicle and maintaining lane.,1.738688,8.004817,13.88,False,None,0.0
15,15_scenario_4,A red SUV is overtaking (near) the ego vehicle and maintaining lane.,0.763662,5.492472,16.2,False,None,0.0
15,15_scenario_5,A black SUV is driving from the opposite direction (far) and switching lane.,2.000367,8.016009,5.759999999999999,False,None,0.0
15,15_scenario_6,A pink Hatchback is crossing the road (far) and maintaining lane.,3.329733,6.403226,4.58,False,None,0.0
15,15_scenario_7,A white SchoolBus is driving ahead (far) of the ego vehicle and maintaining lane.,1.46818,7.354398,4.36,False,None,0.0
15,15_scenario_8,A black SUV is crossing the road (near) and switching lane.,2.959148,4.026631,3.54,False,None,0.0
15,15_scenario_9,A pink SUV is crossing the road (far) and switching lane.,5.448972,9.84805,2.92,False,None,0.0
15,15_scenario_10,A pink SchoolBus is driving from the opposite direction (far) and maintaining lane.,11.858735,11.030127,0.3599999999999999,False,None,0.0
15,15_scenario_11,A black SchoolBus is overtaking (near) the ego vehicle and maintaining lane.,4.33198,9.674946,2.0,False,None,0.0
15,15_scenario_12,A pink BoxTruck is crossing the road (near) and switching lane.,4.896553,7.764714,4.6000000000000005,False,None,0.0
15,15_scenario_13,A red BoxTruck is driving ahead (far) of the ego vehicle and switching lane.,3.274334,9.30009,4.14,False,None,0.0
15,15_scenario_14,A yellow Sedan is overtaking (far) the ego vehicle and maintaining lane.,4.265679,7.916844,3.62,False,None,0.0
15,15_scenario_15,A yellow BoxTruck is overtaking (far) the ego vehicle and maintaining lane.,0.490524,3.725151,1.38,False,None,0.0
15,15_scenario_16,A pink Hatchback is driving ahead (near) of the ego vehicle and switching lane.,0.858438,4.125281,0.68,False,None,0.0
15,15_scenario_17,A yellow Hatchback is overtaking (near) the ego vehicle and maintaining lane.,1.284002,11.022683,5.9,False,None,0.0
16,16_scenario_0,A white SchoolBus is driving ahead (near) of the ego vehicle and switching lane.,3.0005,16.057551,5.4,False,None,0.0
16,16_scenario_1,A red BoxTruck is overtaking (near) the ego vehicle and maintaining lane.,100000.0,4.382078,3.72,False,None,0.0
16,16_scenario_2,A yellow SUV is overtaking (far) the ego vehicle and switching lane.,1.741817,5.156752,9.48,False,None,0.0
16,16_scenario_3,A yellow Hatchback is crossing the road (near) and maintaining lane.,3.065583,13.471898,8.6,False,None,0.0
16,16_scenario_4,A pink Sedan is driving from the opposite direction (far) and switching lane.,5.43942,21.048247,4.800000000000001,False,None,0.0
16,16_scenario_5,A white Sedan is driving ahead (far) of the ego vehicle and switching lane.,2.49516,12.29733,4.42,False,None,0.0
16,16_scenario_6,A white Jeep is driving ahead (near) of the ego vehicle and maintaining lane.,2.52685,4.097769,7.439999999999999,False,None,0.0
16,16_scenario_7,A red SchoolBus is overtaking (far) the ego vehicle and switching lane.,18.405051,6.459347,4.74,False,None,0.0
16,16_scenario_8,A black Sedan is driving ahead (near) of the ego vehicle and maintaining lane.,2.310447,12.37025,0.72,False,None,0.0
16,16_scenario_9,A black SchoolBus is crossing the road (far) and maintaining lane.,5.00136,14.999177,0.52,False,None,0.0
16,16_scenario_10,A skyblue BoxTruck is driving ahead (near) of the ego vehicle and switching lane.,7.886702,16.333477,5.84,False,None,0.0
16,16_scenario_11,A black SchoolBus is driving ahead (near) of the ego vehicle and maintaining lane.,10.7066,20.630056,0.3199999999999998,False,None,0.0
16,16_scenario_12,A black SchoolBus is overtaking (near) the ego vehicle and maintaining lane.,8.231832,4.261179,6.1000000000000005,False,None,0.0
16,16_scenario_13,A pink Sedan is driving from the opposite direction (far) and maintaining lane.,1.364588,7.448412,2.58,False,None,0.0
16,16_scenario_14,A black Hatchback is overtaking (near) the ego vehicle and switching lane.,0.878665,5.193675,7.16,False,None,0.0
17,17_scenario_0,A yellow SUV is driving from the opposite direction (near) and switching lane.,20.811459,20.257193,2.34,False,None,0.0
17,17_scenario_1,A red SUV is overtaking (near) the ego vehicle and maintaining lane.,1.113138,4.095478,2.7,False,None,0.0
17,17_scenario_2,A white BoxTruck is overtaking (far) the ego vehicle and switching lane.,1.311052,11.260213,6.44,False,None,0.0
17,17_scenario_3,A yellow SUV is overtaking (near) the ego vehicle and switching lane.,2.402445,15.863836,5.779999999999999,False,None,0.0
17,17_scenario_4,A white BoxTruck is overtaking (near) the ego vehicle and switching lane.,2.898512,8.148723,0.7200000000000001,False,None,0.0
17,17_scenario_5,A red BoxTruck is driving ahead (far) of the ego vehicle and maintaining lane.,2.188967,8.067739,11.62,False,None,0.0
17,17_scenario_6,A yellow Sedan is overtaking (near) the ego vehicle and switching lane.,3.116427,11.249216,11.34,False,None,0.0
17,17_scenario_7,A white SUV is driving ahead (far) of the ego vehicle and switching lane.,14.570666,7.488364,0.8399999999999999,False,None,0.0
17,17_scenario_8,A red SUV is driving ahead (far) of the ego vehicle and maintaining lane.,18.210911,4.86314,2.34,False,None,0.0
17,17_scenario_9_npc_vehicle,A white Jeep is driving ahead (near) of the ego vehicle and maintaining lane.,0.0,2.789648,6.54,True,npc_vehicle,9.22622275231766
18,18_scenario_0,A pedestrian is crossing the road from right to left.,100000.0,8.616691,5.720000000000001,False,None,0.0
18,18_scenario_1_pedestrian,A white BoxTruck is overtaking (near) the ego vehicle and switching lane.,0.0,2.753168,5.62,True,pedestrian,1.41814722972576
19,19_scenario_0,A red SUV is overtaking (near) the ego vehicle and maintaining lane.,100000.0,5.521307,2.28,False,None,0.0
19,19_scenario_1,A black Jeep is overtaking (near) the ego vehicle and maintaining lane.,4.668788,3.957951,4.74,False,None,0.0
19,19_scenario_2,A white BoxTruck is overtaking (far) the ego vehicle and switching lane.,1.169247,8.609834,4.78,False,None,0.0
19,19_scenario_3,A red BoxTruck is driving from the opposite direction (near) and maintaining lane.,2.263042,13.972849,8.06,False,None,0.0
19,19_scenario_4,A red SUV is overtaking (near) the ego vehicle and maintaining lane.,4.657154,21.177679,3.24,False,None,0.0
19,19_scenario_5,A yellow SUV is driving from the opposite direction (near) and switching lane.,1.943809,18.001164,3.26,False,None,0.0
19,19_scenario_6,A red BoxTruck is overtaking (near) the ego vehicle and maintaining lane.,2.605374,4.741523,5.1,False,None,0.0
19,19_scenario_7,A black Jeep is overtaking (far) the ego vehicle and maintaining lane.,1.050116,4.008647,3.9,False,None,0.0
19,19_scenario_8,A red BoxTruck is driving ahead (far) of the ego vehicle and switching lane.,1.24857,4.916388,6.08,False,None,0.0
19,19_scenario_9,A red BoxTruck is driving ahead (far) of the ego vehicle and maintaining lane.,2.36949,27.68906,2.52,False,None,0.0
19,19_scenario_10,A yellow BoxTruck is overtaking (far) the ego vehicle and maintaining lane.,4.625189,37.071251,0.76,False,None,0.0
19,19_scenario_11,A red BoxTruck is driving ahead (far) of the ego vehicle and switching lane.,7.444461,39.900399,2.66,False,None,0.0
19,19_scenario_12,A red BoxTruck is overtaking (near) the ego vehicle and maintaining lane.,12.516462,5.130599,5.4,False,None,0.0
19,19_scenario_13,A red Sedan is overtaking (near) the ego vehicle and maintaining lane.,0.779062,5.605453,5.46,False,None,0.0
19,19_scenario_14,A yellow SchoolBus is overtaking (far) the ego vehicle and maintaining lane.,1.537343,14.782731,4.7,False,None,0.0
19,19_scenario_15,A red BoxTruck is overtaking (near) the ego vehicle and maintaining lane.,0.69754,4.969599,2.74,False,None,0.0
19,19_scenario_16,A pink Jeep is driving ahead (far) of the ego vehicle and maintaining lane.,2.930596,42.430329,1.88,False,None,0.0
19,19_scenario_17,A pedestrian is crossing the road from right to left.,7.381951,25.582671,0.92,False,None,0.0
19,19_scenario_18,A skyblue Sedan is overtaking (far) the ego vehicle and switching lane.,1.585622,16.083193,4.46,False,None,0.0
