Execution,ScenarioID,Configuration_API_Description,Attribute[TTC],Attribute[DTO],Attribute[Jerk],Attribute[COL],Attribute[COLT],Attribute[SAC]
0,0_scenario_0,A red SUV is driving ahead (far) of the ego vehicle and maintaining lane.,100000.0,40.87227,1.84,False,None,0.0
0,0_scenario_1,A white Hatchback is driving ahead (far) of the ego vehicle and switching lane.,4.96845,15.743957,2.84,False,None,0.0
0,0_scenario_2,A skyblue SchoolBus is driving ahead (far) of the ego vehicle and switching lane.,4.041022,16.064916,11.68,False,None,0.0
0,0_scenario_3,A pink Hatchback is driving ahead (near) of the ego vehicle and switching lane.,2.01749,11.289658,8.379999999999999,False,None,0.0
0,0_scenario_4,A skyblue SchoolBus is driving ahead (far) of the ego vehicle and switching lane.,5.748346,22.793885,3.92,False,None,0.0
0,0_scenario_5,A white SchoolBus is driving from the opposite direction (far) and switching lane.,15.398994,22.923523,4.98,False,None,0.0
0,0_scenario_6,A white BoxTruck is driving from the opposite direction (far) and switching lane.,4.801593,26.12299,1.02,False,None,0.0
0,0_scenario_7,A red Jeep is overtaking (near) the ego vehicle and switching lane.,2.849517,13.24252,2.72,False,None,0.0
0,0_scenario_8,A pink BoxTruck is driving ahead (near) of the ego vehicle and maintaining lane.,2.485697,8.813794,11.68,False,None,0.0
0,0_scenario_9,A red SUV is overtaking (near) the ego vehicle and maintaining lane.,2.556748,4.167541,8.24,False,None,0.0
0,0_scenario_10,A red Sedan is overtaking (near) the ego vehicle and maintaining lane.,2.849183,5.67808,5.48,False,None,0.0
0,0_scenario_11,A pink Jeep is crossing the road (near) and switching lane.,3.536245,3.926201,0.48,False,None,0.0
0,0_scenario_12,A white Hatchback is driving ahead (far) of the ego vehicle and switching lane.,7.987492,4.327721,2.24,False,None,0.0
0,0_scenario_13,A pink Hatchback is driving from the opposite direction (far) and switching lane.,1.137767,4.218601,5.54,False,None,0.0
0,0_scenario_14,A black Jeep is overtaking (far) the ego vehicle and maintaining lane.,1.950497,15.988442,1.2999999999999998,False,None,0.0
0,0_scenario_15,A black Sedan is driving ahead (near) of the ego vehicle and maintaining lane.,0.508269,3.540739,5.76,False,None,0.0
0,0_scenario_16,A pink BoxTruck is driving ahead (near) of the ego vehicle and maintaining lane.,6.343593,21.77659,6.44,False,None,0.0
1,1_scenario_0,A red SchoolBus is overtaking (far) the ego vehicle and switching lane.,100000.0,32.213278,1.5,False,None,0.0
1,1_scenario_1,A red SUV is driving ahead (far) of the ego vehicle and maintaining lane.,6.2498,8.043658,3.2,False,None,0.0
1,1_scenario_2,A black Hatchback is overtaking (near) the ego vehicle and switching lane.,3.194348,7.397585,11.62,False,None,0.0
1,1_scenario_3,A white Jeep is driving ahead (near) of the ego vehicle and maintaining lane.,6.981738,8.110007,9.14,False,None,0.0
1,1_scenario_4,A yellow Hatchback is overtaking (near) the ego vehicle and maintaining lane.,6.159282,5.143525,1.04,False,None,0.0
1,1_scenario_5,A pedestrian is crossing the road from right to left.,3.782475,2.3174,12.68,False,None,0.0
1,1_scenario_6,A red SUV is overtaking (near) the ego vehicle and maintaining lane.,3.890477,5.199409,11.0,False,None,0.0
1,1_scenario_7,A red BoxTruck is driving ahead (far) of the ego vehicle and maintaining lane.,5.639106,9.113098,2.3599999999999994,False,None,0.0
1,1_scenario_8,A yellow Sedan is overtaking (far) the ego vehicle and maintaining lane.,39.037483,11.742887,0.7399999999999999,False,None,0.0
1,1_scenario_9,A yellow SchoolBus is overtaking (far) the ego vehicle and maintaining lane.,9.177339,13.413136,4.66,False,None,0.0
1,1_scenario_10,A black Sedan is driving ahead (far) of the ego vehicle and maintaining lane.,19.594918,16.345078,8.280000000000001,False,None,0.0
1,1_scenario_11,A black Hatchback is overtaking (near) the ego vehicle and switching lane.,0.898226,4.784041,4.36,False,None,0.0
1,1_scenario_12,A yellow Jeep is driving from the opposite direction (far) and switching lane.,2.468053,3.904752,4.34,False,None,0.0
1,1_scenario_13,A red SUV is driving ahead (near) of the ego vehicle and switching lane.,1.818536,5.09328,3.62,False,None,0.0
1,1_scenario_14,A red SUV is driving ahead (near) of the ego vehicle and switching lane.,2.831667,12.292311,2.16,False,None,0.0
1,1_scenario_15,A skyblue Sedan is overtaking (far) the ego vehicle and switching lane.,3.616803,15.460705,0.8799999999999999,False,None,0.0
1,1_scenario_16,A black SUV is crossing the road (near) and switching lane.,1.38226,8.921097,6.6,False,None,0.0
2,2_scenario_0,A skyblue Hatchback is driving from the opposite direction (far) and maintaining lane.,100000.0,43.714786,3.32,False,None,0.0
2,2_scenario_1,A white Sedan is driving ahead (far) of the ego vehicle and switching lane.,3.904822,32.424653,3.82,False,None,0.0
2,2_scenario_2,A red SUV is driving ahead (far) of the ego vehicle and maintaining lane.,3.765741,20.440429,10.8,False,None,0.0
2,2_scenario_3,A pink Jeep is driving ahead (far) of the ego vehicle and maintaining lane.,8.221921,29.368369,6.460000000000001,False,None,0.0
2,2_scenario_4,A yellow SUV is overtaking (far) the ego vehicle and switching lane.,47.170493,28.268217,0.5000000000000001,False,None,0.0
2,2_scenario_5,A white Jeep is driving ahead (near) of the ego vehicle and maintaining lane.,12.402477,5.194575,12.24,False,None,0.0
2,2_scenario_6,A red SUV is overtaking (near) the ego vehicle and maintaining lane.,1.236198,4.655351,14.920000000000002,False,None,0.0
2,2_scenario_7,A black Jeep is overtaking (near) the ego vehicle and maintaining lane.,1.839266,17.872168,0.7599999999999999,False,None,0.0
2,2_scenario_8,A red SUV is driving ahead (far) of the ego vehicle and maintaining lane.,4.664506,30.942364,0.4599999999999999,False,None,0.0
2,2_scenario_9,A white BoxTruck is overtaking (far) the ego vehicle and switching lane.,7.536547,26.987015,3.6,False,None,0.0
2,2_scenario_10,A skyblue Hatchback is driving ahead (far) of the ego vehicle and maintaining lane.,30.756908,21.396035,0.4599999999999999,False,None,0.0
2,2_scenario_11,A yellow SUV is driving from the opposite direction (near) and switching lane.,1.684527,12.234846,9.8,False,None,0.0
2,2_scenario_12,A white SUV is driving ahead (far) of the ego vehicle and switching lane.,2.943482,7.895466,4.98,False,None,0.0
2,2_scenario_13,A red BoxTruck is driving ahead (far) of the ego vehicle and maintaining lane.,3.13389,9.632216,2.48,False,None,0.0
2,2_scenario_14,A yellow SUV is overtaking (near) the ego vehicle and switching lane.,4.100411,7.870477,0.62,False,None,0.0
2,2_scenario_15,A yellow Sedan is overtaking (near) the ego vehicle and switching lane.,8.418159,3.614813,6.22,False,None,0.0
3,3_scenario_0,A white SchoolBus is driving ahead (far) of the ego vehicle and maintaining lane.,100000.0,25.199124,1.86,False,None,0.0
3,3_scenario_1,A red BoxTruck is driving ahead (far) of the ego vehicle and maintaining lane.,6.185568,22.409322,3.88,False,None,0.0
3,3_scenario_2,A yellow Sedan is overtaking (far) the ego vehicle and maintaining lane.,1.603674,19.508518,13.54,False,None,0.0
3,3_scenario_3,A red Sedan is overtaking (near) the ego vehicle and maintaining lane.,9.475947,18.82453,2.56,False,None,0.0
3,3_scenario_4,A black Jeep is driving ahead (near) of the ego vehicle and switching lane.,0.654303,4.863973,5.82,False,None,0.0
3,3_scenario_5,A white SchoolBus is driving ahead (far) of the ego vehicle and maintaining lane.,1.521263,4.212715,6.12,False,None,0.0
3,3_scenario_6,A white SchoolBus is driving ahead (near) of the ego vehicle and switching lane.,2.229632,10.734804,5.140000000000001,False,None,0.0
3,3_scenario_7,A yellow SUV is overtaking (near) the ego vehicle and switching lane.,4.20352,7.199835,2.8600000000000003,False,None,0.0
3,3_scenario_8,A red BoxTruck is overtaking (near) the ego vehicle and maintaining lane.,6.01189,13.71471,2.52,False,None,0.0
3,3_scenario_9,A yellow SUV is overtaking (near) the ego vehicle and switching lane.,35.491452,18.944577,0.5,False,None,0.0
3,3_scenario_10,A black SUV is crossing the road (near) and switching lane.,25.897209,7.614113,0.7,False,None,0.0
3,3_scenario_11,A skyblue BoxTruck is driving ahead (near) of the ego vehicle and switching lane.,7.284972,8.934016,6.62,False,None,0.0
3,3_scenario_12,A black SchoolBus is crossing the road (far) and maintaining lane.,11.541303,22.147962,1.24,False,None,0.0
3,3_scenario_13,A skyblue SchoolBus is driving ahead (far) of the ego vehicle and switching lane.,13.380867,5.503974,3.34,False,None,0.0
3,3_scenario_14,A black Sedan is driving ahead (near) of the ego vehicle and maintaining lane.,1.132357,4.753426,4.38,False,None,0.0
3,3_scenario_15,A red Jeep is overtaking (near) the ego vehicle and switching lane.,3.039436,6.107517,5.0,False,None,0.0
4,4_scenario_0,A yellow Hatchback is driving ahead (near) of the ego vehicle and maintaining lane.,1.536732,13.401088,2.54,False,None,0.0
4,4_scenario_1,A pink Jeep is driving ahead (far) of the ego vehicle and maintaining lane.,1.825212,15.268351,3.86,False,None,0.0
4,4_scenario_2,A red SUV is overtaking (near) the ego vehicle and maintaining lane.,1.265337,3.606536,9.02,False,None,0.0
4,4_scenario_3,A red BoxTruck is overtaking (near) the ego vehicle and maintaining lane.,7.548493,3.794776,6.56,False,None,0.0
4,4_scenario_4,A pink Sedan is driving from the opposite direction (far) and maintaining lane.,3.318802,6.914071,3.54,False,None,0.0
4,4_scenario_5,A pink Sedan is driving from the opposite direction (near) and maintaining lane.,3.104247,7.785817,10.5,False,None,0.0
4,4_scenario_6,A black Sedan is driving ahead (near) of the ego vehicle and maintaining lane.,2.923196,3.754796,4.68,False,None,0.0
4,4_scenario_7,A black Jeep is overtaking (far) the ego vehicle and maintaining lane.,2.048586,9.412729,4.96,False,None,0.0
4,4_scenario_8,A black Hatchback is overtaking (near) the ego vehicle and switching lane.,3.545838,9.772169,8.16,False,None,0.0
4,4_scenario_9,A pink Sedan is driving from the opposite direction (near) and maintaining lane.,2.505217,18.579146,2.78,False,None,0.0
4,4_scenario_10,A white SUV is driving ahead (far) of the ego vehicle and switching lane.,4.526814,32.35263,2.3600000000000003,False,None,0.0
4,4_scenario_11,A black Hatchback is overtaking (near) the ego vehicle and switching lane.,8.162074,4.073632,4.24,False,None,0.0
4,4_scenario_12,A red BoxTruck is driving ahead (far) of the ego vehicle and switching lane.,0.952494,3.437073,6.84,False,None,0.0
4,4_scenario_13,A black SchoolBus is crossing the road (far) and maintaining lane.,7.347078,26.693875,4.42,False,None,0.0
4,4_scenario_14,A white SUV is driving ahead (far) of the ego vehicle and switching lane.,5.992504,4.489773,3.58,False,None,0.0
4,4_scenario_15,A white BoxTruck is overtaking (far) the ego vehicle and switching lane.,1.075211,14.170194,3.9,False,None,0.0
4,4_scenario_16,A red BoxTruck is driving ahead (far) of the ego vehicle and maintaining lane.,1.79419,8.461705,2.32,False,None,0.0
4,4_scenario_17,A yellow Sedan is overtaking (near) the ego vehicle and switching lane.,8.384205,7.906572,1.08,False,None,0.0
4,4_scenario_18,A black Sedan is driving ahead (near) of the ego vehicle and maintaining lane.,2.534635,3.188666,7.0600000000000005,False,None,0.0
5,5_scenario_0,A black Jeep is driving ahead (near) of the ego vehicle and switching lane.,10.822114,12.727911,3.3400000000000003,False,None,0.0
5,5_scenario_1,A skyblue Jeep is overtaking (far) the ego vehicle and switching lane.,100000.0,16.085275,4.7,False,None,0.0
5,5_scenario_2,A pedestrian is crossing the road from left to right.,3.199296,3.861278,2.62,False,None,0.0
5,5_scenario_3,A black Jeep is overtaking (near) the ego vehicle and maintaining lane.,1.038818,4.842671,9.22,False,None,0.0
5,5_scenario_4,A yellow Hatchback is driving ahead (near) of the ego vehicle and maintaining lane.,4.239228,6.014049,2.9799999999999995,False,None,0.0
5,5_scenario_5,A skyblue Jeep is overtaking (far) the ego vehicle and switching lane.,4.962765,10.556468,9.86,False,None,0.0
5,5_scenario_6,A red SUV is crossing the road (near) and maintaining lane.,5.39055,4.657787,6.82,False,None,0.0
5,5_scenario_7,A yellow Hatchback is overtaking (far) the ego vehicle and switching lane.,1.547817,4.444211,11.82,False,None,0.0
5,5_scenario_8,A white BoxTruck is overtaking (near) the ego vehicle and switching lane.,2.252902,3.929439,0.58,False,None,0.0
5,5_scenario_9,A yellow Hatchback is crossing the road (near) and maintaining lane.,3.90082,4.437108,0.48,False,None,0.0
5,5_scenario_10,A skyblue SUV is driving from the opposite direction (near) and maintaining lane.,2.476199,3.709063,3.3800000000000003,False,None,0.0
5,5_scenario_11,A white Jeep is driving ahead (near) of the ego vehicle and maintaining lane.,3.694656,4.094311,3.18,False,None,0.0
5,5_scenario_12,A black Sedan is driving ahead (near) of the ego vehicle and maintaining lane.,3.182924,9.613911,4.9,False,None,0.0
5,5_scenario_13,A black Jeep is overtaking (far) the ego vehicle and maintaining lane.,3.549153,7.772154,4.92,False,None,0.0
5,5_scenario_14,A yellow Sedan is overtaking (near) the ego vehicle and switching lane.,3.525982,10.282064,3.88,False,None,0.0
5,5_scenario_15,A pedestrian is crossing the road from right to left.,5.597333,9.716753,2.22,False,None,0.0
5,5_scenario_16,A white SUV is driving ahead (far) of the ego vehicle and switching lane.,11.207828,9.053201,1.1,False,None,0.0
5,5_scenario_17,A pink Sedan is driving from the opposite direction (far) and maintaining lane.,6.687265,8.823764,6.02,False,None,0.0
6,6_scenario_0,A yellow SUV is driving from the opposite direction (near) and switching lane.,15.211653,20.509614,2.7,False,None,0.0
6,6_scenario_1,A skyblue BoxTruck is driving ahead (near) of the ego vehicle and switching lane.,3.410291,10.108237,5.64,False,None,0.0
6,6_scenario_2,A white Jeep is crossing the road (far) and maintaining lane.,4.917689,20.241162,4.14,False,None,0.0
6,6_scenario_3,A pink SUV is overtaking (far) the ego vehicle and maintaining lane.,1.260509,13.488175,4.02,False,None,0.0
6,6_scenario_4,A pink Jeep is driving ahead (far) of the ego vehicle and maintaining lane.,1.271432,13.690716,11.34,False,None,0.0
6,6_scenario_5,A yellow SchoolBus is overtaking (far) the ego vehicle and maintaining lane.,5.900741,16.684414,1.54,False,None,0.0
6,6_scenario_6,A white SchoolBus is driving from the opposite direction (far) and switching lane.,2.805295,8.9844,14.78,False,None,0.0
6,6_scenario_7,A black Jeep is overtaking (near) the ego vehicle and maintaining lane.,0.686507,4.747336,12.46,False,None,0.0
6,6_scenario_8,A black SchoolBus is overtaking (near) the ego vehicle and maintaining lane.,1.436823,7.459537,3.06,False,None,0.0
6,6_scenario_9,A white Sedan is driving ahead (far) of the ego vehicle and switching lane.,2.758433,8.66543,0.6799999999999999,False,None,0.0
6,6_scenario_10,A pink BoxTruck is driving ahead (near) of the ego vehicle and maintaining lane.,5.24764,8.290828,0.7999999999999999,False,None,0.0
6,6_scenario_11,A skyblue SchoolBus is driving ahead (far) of the ego vehicle and switching lane.,1.761537,7.78129,3.08,False,None,0.0
6,6_scenario_12,A white Sedan is driving ahead (far) of the ego vehicle and switching lane.,4.876066,8.53714,4.3,False,None,0.0
6,6_scenario_13,A white Hatchback is driving ahead (far) of the ego vehicle and switching lane.,3.810537,8.531381,2.34,False,None,0.0
6,6_scenario_14,A pink Jeep is driving ahead (far) of the ego vehicle and maintaining lane.,5.001134,8.516107,1.7000000000000002,False,None,0.0
6,6_scenario_15,A black SchoolBus is crossing the road (near) and maintaining lane.,8.624258,8.529716,1.46,False,None,0.0
6,6_scenario_16,A white SUV is driving ahead (far) of the ego vehicle and switching lane.,14.717476,8.528523,0.88,False,None,0.0
6,6_scenario_17,A white Jeep is driving ahead (near) of the ego vehicle and maintaining lane.,2.574901,8.480716,6.14,False,None,0.0
7,7_scenario_0,A yellow SUV is overtaking (near) the ego vehicle and switching lane.,100000.0,5.486368,5.7,False,None,0.0
7,7_scenario_1,A pink BoxTruck is driving ahead (near) of the ego vehicle and maintaining lane.,100000.0,11.844793,3.94,False,None,0.0
7,7_scenario_2,A yellow SchoolBus is driving from the opposite direction (near) and switching lane.,4.330876,15.298857,8.16,False,None,0.0
7,7_scenario_3,A yellow SUV is overtaking (far) the ego vehicle and switching lane.,8.028459,30.126823,3.72,False,None,0.0
7,7_scenario_4,A skyblue Jeep is overtaking (far) the ego vehicle and switching lane.,8.510924,33.084028,16.119999999999997,False,None,0.0
7,7_scenario_5,A white Sedan is driving ahead (far) of the ego vehicle and switching lane.,24.184717,27.8975,11.14,False,None,0.0
7,7_scenario_6,A yellow SUV is overtaking (near) the ego vehicle and switching lane.,7.458461,12.925017,16.1,False,None,0.0
7,7_scenario_7,A yellow SchoolBus is overtaking (far) the ego vehicle and maintaining lane.,7.589664,10.543885,0.4599999999999999,False,None,0.0
7,7_scenario_8,A red BoxTruck is driving from the opposite direction (far) and maintaining lane.,6.071174,8.823636,0.94,False,None,0.0
7,7_scenario_9_npc_vehicle,A black Jeep is driving ahead (near) of the ego vehicle and switching lane.,0.0,2.27591,9.06,True,npc_vehicle,9.0647216273878
8,8_scenario_0,A white Jeep is driving ahead (near) of the ego vehicle and maintaining lane.,13.195792,13.060367,2.84,False,None,0.0
8,8_scenario_1,A pedestrian is crossing the road from left to right.,100000.0,19.177333,2.4,False,None,0.0
8,8_scenario_2,A white Sedan is driving ahead (far) of the ego vehicle and switching lane.,3.065565,17.677593,4.3,False,None,0.0
8,8_scenario_3,A black Jeep is overtaking (near) the ego vehicle and maintaining lane.,1.288871,7.494163,7.979999999999999,False,None,0.0
8,8_scenario_4,A red SchoolBus is driving from the opposite direction (near) and maintaining lane.,0.886935,8.038942,5.620000000000001,False,None,0.0
8,8_scenario_5,A pedestrian is crossing the road from left to right.,4.224147,10.057437,6.180000000000001,False,None,0.0
8,8_scenario_6,A black Sedan is driving ahead (far) of the ego vehicle and maintaining lane.,2.707491,9.972941,5.539999999999999,False,None,0.0
8,8_scenario_7,A skyblue Sedan is driving ahead (near) of the ego vehicle and switching lane.,1.694864,7.557023,5.4,False,None,0.0
8,8_scenario_8,A yellow SUV is overtaking (far) the ego vehicle and switching lane.,2.259569,9.194526,4.1,False,None,0.0
8,8_scenario_9,A white SUV is driving ahead (far) of the ego vehicle and switching lane.,12.219126,12.736876,2.1,False,None,0.0
8,8_scenario_10,A pink SUV is overtaking (far) the ego vehicle and maintaining lane.,12.055635,12.12681,0.76,False,None,0.0
8,8_scenario_11,A skyblue Jeep is driving from the opposite direction (far) and maintaining lane.,5.999019,10.258937,3.42,False,None,0.0
8,8_scenario_12,A black Jeep is overtaking (far) the ego vehicle and maintaining lane.,6.518027,8.482827,0.4799999999999998,False,None,0.0
8,8_scenario_13,A black Jeep is overtaking (far) the ego vehicle and maintaining lane.,38.441921,7.776017,2.56,False,None,0.0
8,8_scenario_14,A pink Jeep is driving ahead (far) of the ego vehicle and maintaining lane.,19.204858,7.798461,4.58,False,None,0.0
8,8_scenario_15,A pink Hatchback is crossing the road (far) and maintaining lane.,2.752468,8.685158,5.98,False,None,0.0
8,8_scenario_16,A yellow Sedan is crossing the road (far) and switching lane.,1.292999,4.904829,5.94,False,None,0.0
9,9_scenario_0,A yellow BoxTruck is overtaking (far) the ego vehicle and maintaining lane.,100000.0,16.765465,2.18,False,None,0.0
9,9_scenario_1,A white SchoolBus is crossing the road (far) and switching lane.,1.399303,4.409915,6.08,False,None,0.0
9,9_scenario_2,A yellow SchoolBus is overtaking (far) the ego vehicle and maintaining lane.,0.966475,12.415012,4.74,False,None,0.0
9,9_scenario_3,A red BoxTruck is driving ahead (far) of the ego vehicle and switching lane.,4.717502,11.09551,7.180000000000001,False,None,0.0
9,9_scenario_4,A white Hatchback is overtaking (far) the ego vehicle and maintaining lane.,4.367878,14.494903,3.28,False,None,0.0
9,9_scenario_5,A skyblue Hatchback is driving from the opposite direction (far) and maintaining lane.,2.728804,11.360993,6.88,False,None,0.0
9,9_scenario_6,A black Hatchback is overtaking (near) the ego vehicle and switching lane.,2.287329,7.936665,10.26,False,None,0.0
9,9_scenario_7,A red BoxTruck is driving ahead (far) of the ego vehicle and switching lane.,1.694715,13.527331,13.1,False,None,0.0
9,9_scenario_8,A white SUV is driving ahead (far) of the ego vehicle and switching lane.,6.827516,32.304201,8.7,False,None,0.0
9,9_scenario_9,A red BoxTruck is driving ahead (far) of the ego vehicle and switching lane.,6.433123,40.797018,0.56,False,None,0.0
9,9_scenario_10,A yellow SchoolBus is driving from the opposite direction (near) and switching lane.,1.91553,15.16539,6.840000000000001,False,None,0.0
9,9_scenario_11,A pink Sedan is driving from the opposite direction (far) and switching lane.,2.744105,29.04756,6.260000000000001,False,None,0.0
9,9_scenario_12,A white SUV is driving ahead (far) of the ego vehicle and switching lane.,4.998879,52.771989,4.2,False,None,0.0
9,9_scenario_13,A black SchoolBus is overtaking (near) the ego vehicle and maintaining lane.,0.922873,4.40885,4.2,False,None,0.0
9,9_scenario_14,A red SUV is driving ahead (near) of the ego vehicle and switching lane.,1.517302,11.625672,4.1,False,None,0.0
9,9_scenario_15,A skyblue Hatchback is driving ahead (far) of the ego vehicle and maintaining lane.,4.393647,24.582824,1.04,False,None,0.0
9,9_scenario_16,A skyblue BoxTruck is driving ahead (near) of the ego vehicle and switching lane.,2.842692,14.913422,3.14,False,None,0.0
9,9_scenario_17,A skyblue SUV is driving from the opposite direction (near) and maintaining lane.,2.171847,22.828049,5.64,False,None,0.0
10,10_scenario_0,A red SchoolBus is overtaking (far) the ego vehicle and switching lane.,100000.0,31.385383,1.8800000000000003,False,None,0.0
10,10_scenario_1,A white SchoolBus is driving ahead (far) of the ego vehicle and maintaining lane.,100000.0,4.862572,3.16,False,None,0.0
10,10_scenario_2,A yellow SchoolBus is driving from the opposite direction (near) and switching lane.,2.178445,4.540387,5.699999999999999,False,None,0.0
10,10_scenario_3,A skyblue BoxTruck is driving ahead (near) of the ego vehicle and switching lane.,2.338984,5.85539,3.96,False,None,0.0
10,10_scenario_4_npc_vehicle,A black Sedan is driving ahead (near) of the ego vehicle and maintaining lane.,0.0,3.321761,2.8000000000000003,True,npc_vehicle,4.86382267625287
11,11_scenario_0,A skyblue Hatchback is driving ahead (far) of the ego vehicle and maintaining lane.,100000.0,41.702773,2.46,False,None,0.0
11,11_scenario_1,A skyblue Hatchback is driving ahead (far) of the ego vehicle and maintaining lane.,5.215495,29.454711,3.08,False,None,0.0
11,11_scenario_2,A yellow Sedan is driving from the opposite direction (near) and switching lane.,3.403058,20.986206,13.08,False,None,0.0
11,11_scenario_3,A skyblue Hatchback is driving ahead (far) of the ego vehicle and maintaining lane.,4.34113,51.02242,4.14,False,None,0.0
11,11_scenario_4,A pink SUV is driving from the opposite direction (far) and maintaining lane.,48.121635,35.532087,0.54,False,None,0.0
11,11_scenario_5,A skyblue Sedan is overtaking (far) the ego vehicle and switching lane.,2.163882,26.277757,14.98,False,None,0.0
11,11_scenario_6,A pink SUV is driving from the opposite direction (far) and maintaining lane.,4.014004,11.477266,10.42,False,None,0.0
11,11_scenario_7,A white Jeep is driving ahead (near) of the ego vehicle and maintaining lane.,1.554395,5.680961,7.68,False,None,0.0
11,11_scenario_8,A pink SchoolBus is driving from the opposite direction (far) and maintaining lane.,2.516284,19.359573,7.3,False,None,0.0
11,11_scenario_9,A white SchoolBus is driving ahead (near) of the ego vehicle and switching lane.,0.809009,7.854262,7.939999999999999,False,None,0.0
11,11_scenario_10,A white Jeep is driving ahead (near) of the ego vehicle and maintaining lane.,6.954097,7.085637,2.96,False,None,0.0
11,11_scenario_11,A skyblue SchoolBus is driving ahead (far) of the ego vehicle and switching lane.,100000.0,5.780278,0.3400000000000001,False,None,0.0
11,11_scenario_12,A white BoxTruck is driving from the opposite direction (far) and switching lane.,5.202259,4.723529,4.18,False,None,0.0
11,11_scenario_13,A skyblue Jeep is driving from the opposite direction (far) and maintaining lane.,2.072776,7.267186,4.48,False,None,0.0
11,11_scenario_14,A red BoxTruck is driving ahead (far) of the ego vehicle and switching lane.,3.258999,19.949782,0.6000000000000001,False,None,0.0
11,11_scenario_15,A yellow SchoolBus is overtaking (far) the ego vehicle and maintaining lane.,5.275506,23.281419,6.18,False,None,0.0
12,12_scenario_0,A pink Sedan is driving from the opposite direction (far) and maintaining lane.,100000.0,43.712693,3.72,False,None,0.0
12,12_scenario_1,A black Jeep is driving ahead (near) of the ego vehicle and switching lane.,1.13632,7.026854,4.08,False,None,0.0
12,12_scenario_2,A red BoxTruck is driving ahead (far) of the ego vehicle and maintaining lane.,2.442971,10.989331,2.3000000000000003,False,None,0.0
12,12_scenario_3,A pink Jeep is crossing the road (near) and switching lane.,2.154517,10.694868,6.94,False,None,0.0
12,12_scenario_4,A black Jeep is overtaking (far) the ego vehicle and maintaining lane.,8.337919,7.413434,3.0200000000000005,False,None,0.0
12,12_scenario_5,A skyblue SchoolBus is driving ahead (far) of the ego vehicle and switching lane.,38.641536,10.399948,1.2800000000000002,False,None,0.0
12,12_scenario_6,A yellow Hatchback is overtaking (far) the ego vehicle and switching lane.,2.375258,15.112347,15.24,False,None,0.0
12,12_scenario_7,A yellow SchoolBus is driving from the opposite direction (near) and switching lane.,2.1185,8.013502,14.52,False,None,0.0
12,12_scenario_8,A pink SchoolBus is crossing the road (near) and switching lane.,1.896966,8.390173,0.54,False,None,0.0
12,12_scenario_9,A black Jeep is driving ahead (far) of the ego vehicle and switching lane.,16.057744,10.843643,2.78,False,None,0.0
12,12_scenario_10,A pink SchoolBus is crossing the road (near) and switching lane.,13.519739,14.503701,3.28,False,None,0.0
12,12_scenario_11,A skyblue Hatchback is driving from the opposite direction (far) and maintaining lane.,6.106652,10.811747,2.58,False,None,0.0
12,12_scenario_12,A pedestrian is crossing the road from left to right.,6.650904,3.48491,7.120000000000001,False,None,0.0
12,12_scenario_13,A black Jeep is overtaking (far) the ego vehicle and maintaining lane.,3.9578,4.314849,5.08,False,None,0.0
12,12_scenario_14,A red BoxTruck is overtaking (near) the ego vehicle and maintaining lane.,2.624586,8.217211,0.94,False,None,0.0
12,12_scenario_15,A black Jeep is driving ahead (far) of the ego vehicle and switching lane.,10.795226,8.556907,0.8600000000000001,False,None,0.0
12,12_scenario_16,A red SUV is driving ahead (near) of the ego vehicle and switching lane.,2.487354,8.486498,6.96,False,None,0.0
13,13_scenario_0,A red Hatchback is crossing the road (far) and switching lane.,100000.0,25.48127,3.72,False,None,0.0
13,13_scenario_1,A pink Jeep is driving ahead (far) of the ego vehicle and maintaining lane.,100000.0,19.292082,1.48,False,None,0.0
13,13_scenario_2,A white SchoolBus is crossing the road (far) and switching lane.,2.924231,14.107939,0.66,False,None,0.0
13,13_scenario_3,A red BoxTruck is driving ahead (far) of the ego vehicle and switching lane.,4.526506,10.189031,10.2,False,None,0.0
13,13_scenario_4,A skyblue Sedan is overtaking (far) the ego vehicle and switching lane.,13.450838,17.369592,8.6,False,None,0.0
13,13_scenario_5,A red Hatchback is crossing the road (far) and switching lane.,15.260698,22.677257,2.0,False,None,0.0
13,13_scenario_6,A skyblue Hatchback is driving from the opposite direction (far) and maintaining lane.,5.739973,23.198481,11.62,False,None,0.0
13,13_scenario_7,A black SchoolBus is overtaking (near) the ego vehicle and maintaining lane.,5.353945,18.58493,10.92,False,None,0.0
13,13_scenario_8,A pink BoxTruck is driving ahead (near) of the ego vehicle and maintaining lane.,3.032735,9.769455,2.74,False,None,0.0
13,13_scenario_9,A white BoxTruck is overtaking (far) the ego vehicle and switching lane.,7.860543,8.258345,0.62,False,None,0.0
13,13_scenario_10,A black SUV is driving from the opposite direction (far) and switching lane.,5.454978,7.116392,3.44,False,None,0.0
13,13_scenario_11,A black Sedan is driving ahead (far) of the ego vehicle and maintaining lane.,3.361186,8.799824,6.46,False,None,0.0
13,13_scenario_12,A black SUV is crossing the road (near) and switching lane.,4.027692,8.314028,3.0,False,None,0.0
13,13_scenario_13,A red SUV is crossing the road (near) and maintaining lane.,5.272194,4.059949,4.56,False,None,0.0
13,13_scenario_14,A red SchoolBus is overtaking (far) the ego vehicle and switching lane.,0.895039,7.794703,3.18,False,None,0.0
13,13_scenario_15,A skyblue Hatchback is driving ahead (far) of the ego vehicle and maintaining lane.,2.850901,8.773261,0.92,False,None,0.0
13,13_scenario_16,A white SchoolBus is driving ahead (near) of the ego vehicle and switching lane.,2.667629,8.721322,1.34,False,None,0.0
14,14_scenario_0,A yellow SchoolBus is overtaking (far) the ego vehicle and maintaining lane.,100000.0,16.783711,2.78,False,None,0.0
14,14_scenario_1,A black Jeep is overtaking (near) the ego vehicle and maintaining lane.,1.150911,4.132938,5.4,False,None,0.0
14,14_scenario_2,A black SUV is driving from the opposite direction (far) and switching lane.,1.664994,7.183264,7.1,False,None,0.0
14,14_scenario_3,A white Sedan is driving ahead (far) of the ego vehicle and switching lane.,0.840755,10.39119,9.36,False,None,0.0
14,14_scenario_4,A yellow Sedan is crossing the road (far) and switching lane.,5.400133,13.423803,9.18,False,None,0.0
14,14_scenario_5,A white Sedan is driving ahead (far) of the ego vehicle and switching lane.,2.211148,13.578488,2.16,False,None,0.0
14,14_scenario_6,A red SUV is crossing the road (near) and maintaining lane.,1.690218,10.662542,10.68,False,None,0.0
14,14_scenario_7,A white BoxTruck is overtaking (near) the ego vehicle and switching lane.,18.827143,4.807771,12.64,False,None,0.0
14,14_scenario_8,A yellow Hatchback is driving ahead (near) of the ego vehicle and maintaining lane.,21.948842,3.917422,0.42,False,None,0.0
14,14_scenario_9,A black SchoolBus is crossing the road (far) and maintaining lane.,7.588022,4.743557,0.72,False,None,0.0
14,14_scenario_10,A black SchoolBus is crossing the road (far) and maintaining lane.,7.353692,6.268471,2.9800000000000004,False,None,0.0
14,14_scenario_11,A black Sedan is driving ahead (far) of the ego vehicle and maintaining lane.,3.392374,3.823896,5.7,False,None,0.0
14,14_scenario_12,A black Sedan is driving ahead (far) of the ego vehicle and maintaining lane.,2.596004,3.912077,4.58,False,None,0.0
14,14_scenario_13,A red SUV is driving ahead (near) of the ego vehicle and switching lane.,1.783152,10.354882,4.02,False,None,0.0
14,14_scenario_14,A pink SchoolBus is driving from the opposite direction (far) and maintaining lane.,9.753477,9.853125,2.42,False,None,0.0
14,14_scenario_15,A red Hatchback is crossing the road (near) and switching lane.,1.365408,8.299452,0.6999999999999998,False,None,0.0
14,14_scenario_16,A yellow Hatchback is crossing the road (near) and maintaining lane.,4.076918,5.2822,6.6,False,None,0.0
15,15_scenario_0,A yellow SchoolBus is overtaking (far) the ego vehicle and maintaining lane.,100000.0,31.042738,6.119999999999999,False,None,0.0
15,15_scenario_1,A pink SchoolBus is driving from the opposite direction (far) and maintaining lane.,100000.0,3.878578,5.279999999999999,False,None,0.0
15,15_scenario_2,A pink SUV is overtaking (far) the ego vehicle and maintaining lane.,1.060728,6.341063,4.3,False,None,0.0
15,15_scenario_3,A yellow BoxTruck is overtaking (far) the ego vehicle and maintaining lane.,0.775192,9.860275,12.66,False,None,0.0
15,15_scenario_4,A red SchoolBus is overtaking (far) the ego vehicle and switching lane.,10.904493,10.209901,14.96,False,None,0.0
15,15_scenario_5,A black SUV is driving from the opposite direction (far) and switching lane.,2.179396,10.076883,4.82,False,None,0.0
15,15_scenario_6,A skyblue Hatchback is driving ahead (far) of the ego vehicle and maintaining lane.,2.822246,10.290109,11.920000000000002,False,None,0.0
15,15_scenario_7,A black Sedan is driving ahead (near) of the ego vehicle and maintaining lane.,16.662255,12.947694,2.32,False,None,0.0
15,15_scenario_8,A yellow SchoolBus is driving from the opposite direction (near) and switching lane.,7.569952,10.497598,14.0,False,None,0.0
15,15_scenario_9,A black Jeep is overtaking (far) the ego vehicle and maintaining lane.,19.015588,10.514455,2.48,False,None,0.0
15,15_scenario_10,A pink Jeep is driving ahead (far) of the ego vehicle and maintaining lane.,33.733877,10.757656,0.58,False,None,0.0
15,15_scenario_11,A red SUV is driving ahead (near) of the ego vehicle and switching lane.,5.538115,6.287283,5.72,False,None,0.0
15,15_scenario_12,A white SchoolBus is driving ahead (near) of the ego vehicle and switching lane.,4.548555,3.831978,4.859999999999999,False,None,0.0
15,15_scenario_13,A black Jeep is overtaking (far) the ego vehicle and maintaining lane.,1.338254,4.021767,4.46,False,None,0.0
15,15_scenario_14,A white Jeep is driving ahead (near) of the ego vehicle and maintaining lane.,2.259232,9.108556,1.14,False,None,0.0
15,15_scenario_15,A yellow Sedan is crossing the road (far) and switching lane.,7.298503,7.997823,6.48,False,None,0.0
15,15_scenario_16,A pink Hatchback is crossing the road (far) and maintaining lane.,1.285218,8.843917,6.66,False,None,0.0
16,16_scenario_0,A white SchoolBus is driving ahead (far) of the ego vehicle and maintaining lane.,100000.0,26.588352,2.38,False,None,0.0
16,16_scenario_1,A white BoxTruck is overtaking (far) the ego vehicle and switching lane.,3.038411,23.600425,4.3,False,None,0.0
16,16_scenario_2,A white BoxTruck is overtaking (far) the ego vehicle and switching lane.,2.883799,12.00592,5.36,False,None,0.0
16,16_scenario_3,A white Jeep is crossing the road (far) and maintaining lane.,2.462297,12.616798,4.0,False,None,0.0
16,16_scenario_4,A skyblue Jeep is overtaking (far) the ego vehicle and switching lane.,5.58552,23.338052,0.7,False,None,0.0
16,16_scenario_5,A red SchoolBus is overtaking (far) the ego vehicle and switching lane.,8.198953,24.177045,8.940000000000001,False,None,0.0
16,16_scenario_6,A red BoxTruck is driving ahead (far) of the ego vehicle and switching lane.,10.87087,12.148368,12.76,False,None,0.0
16,16_scenario_7,A white SchoolBus is driving ahead (far) of the ego vehicle and maintaining lane.,19.041573,4.866044,4.02,False,None,0.0
16,16_scenario_8,A black SchoolBus is driving ahead (near) of the ego vehicle and maintaining lane.,1.45266,5.956167,7.04,False,None,0.0
16,16_scenario_9,A red SUV is overtaking (near) the ego vehicle and maintaining lane.,0.453904,3.744195,9.32,False,None,0.0
16,16_scenario_10,A red Jeep is overtaking (near) the ego vehicle and switching lane.,2.382283,7.630483,4.319999999999999,False,None,0.0
16,16_scenario_11,A black SchoolBus is overtaking (near) the ego vehicle and maintaining lane.,6.078972,3.779423,6.9,False,None,0.0
16,16_scenario_12,A pink Sedan is driving from the opposite direction (far) and maintaining lane.,2.821974,3.832327,4.4,False,None,0.0
16,16_scenario_13,A pink Jeep is crossing the road (near) and switching lane.,2.111319,7.732916,4.5200000000000005,False,None,0.0
16,16_scenario_14,A white SchoolBus is driving ahead (near) of the ego vehicle and switching lane.,1.908376,23.985545,4.34,False,None,0.0
16,16_scenario_15,A pink Hatchback is driving from the opposite direction (far) and switching lane.,13.399972,46.120403,2.36,False,None,0.0
16,16_scenario_16,A pink Sedan is driving from the opposite direction (far) and maintaining lane.,7.549102,45.032741,2.5,False,None,0.0
16,16_scenario_17,A pink Sedan is driving from the opposite direction (far) and switching lane.,9.310086,40.552264,0.64,False,None,0.0
16,16_scenario_18,A pink SUV is overtaking (far) the ego vehicle and maintaining lane.,0.858615,13.829519,6.94,False,None,0.0
17,17_scenario_0,A skyblue Sedan is overtaking (far) the ego vehicle and switching lane.,2.135127,19.225379,2.16,False,None,0.0
17,17_scenario_1,A yellow Sedan is crossing the road (far) and switching lane.,5.039445,4.064024,3.96,False,None,0.0
17,17_scenario_2,A black SchoolBus is driving ahead (near) of the ego vehicle and maintaining lane.,5.461191,5.237372,9.36,False,None,0.0
17,17_scenario_3,A white BoxTruck is overtaking (near) the ego vehicle and switching lane.,5.704844,4.234708,3.06,False,None,0.0
17,17_scenario_4,A yellow Hatchback is overtaking (near) the ego vehicle and maintaining lane.,16.886533,5.43889,0.7200000000000001,False,None,0.0
17,17_scenario_5,A skyblue SUV is driving from the opposite direction (near) and maintaining lane.,10.993086,7.061614,10.76,False,None,0.0
17,17_scenario_6,A black Hatchback is overtaking (near) the ego vehicle and switching lane.,1.6349,11.350816,10.0,False,None,0.0
17,17_scenario_7,A red BoxTruck is overtaking (near) the ego vehicle and maintaining lane.,2.698098,11.585181,0.8800000000000001,False,None,0.0
17,17_scenario_8,A black SUV is driving from the opposite direction (far) and switching lane.,5.616506,11.96693,3.8,False,None,0.0
17,17_scenario_9,A red BoxTruck is driving ahead (far) of the ego vehicle and switching lane.,5.422943,9.441743,3.66,False,None,0.0
17,17_scenario_10,A black SchoolBus is driving ahead (near) of the ego vehicle and maintaining lane.,2.130476,5.439292,6.1,False,None,0.0
17,17_scenario_11,A yellow BoxTruck is overtaking (far) the ego vehicle and maintaining lane.,2.432161,3.853277,6.5,False,None,0.0
17,17_scenario_12,A white SchoolBus is driving from the opposite direction (far) and switching lane.,0.85755,3.802207,4.42,False,None,0.0
17,17_scenario_13,A white BoxTruck is overtaking (far) the ego vehicle and switching lane.,1.418857,13.666688,1.6,False,None,0.0
17,17_scenario_14,A yellow Sedan is overtaking (far) the ego vehicle and maintaining lane.,1.930628,8.232899,4.0200000000000005,False,None,0.0
17,17_scenario_15,A red BoxTruck is overtaking (near) the ego vehicle and maintaining lane.,0.543208,3.519763,6.64,False,None,0.0
17,17_scenario_16,A white Sedan is driving ahead (far) of the ego vehicle and switching lane.,9.205412,43.287995,6.98,False,None,0.0
18,18_scenario_0,A black Jeep is overtaking (far) the ego vehicle and maintaining lane.,100000.0,16.019763,3.5,False,None,0.0
18,18_scenario_1,A pink Jeep is driving ahead (far) of the ego vehicle and maintaining lane.,1.165259,4.241019,3.4,False,None,0.0
18,18_scenario_2,A black Hatchback is overtaking (near) the ego vehicle and switching lane.,1.333618,11.054614,9.14,False,None,0.0
18,18_scenario_3,A pink Hatchback is driving from the opposite direction (far) and switching lane.,5.579302,14.443323,6.16,False,None,0.0
18,18_scenario_4,A white SchoolBus is driving ahead (near) of the ego vehicle and switching lane.,2.745915,9.38084,8.420000000000002,False,None,0.0
18,18_scenario_5,A red SchoolBus is overtaking (near) the ego vehicle and switching lane.,2.704612,7.548153,4.28,False,None,0.0
18,18_scenario_6,A skyblue BoxTruck is driving ahead (near) of the ego vehicle and switching lane.,3.880346,10.086533,2.66,False,None,0.0
18,18_scenario_7,A black SchoolBus is overtaking (near) the ego vehicle and maintaining lane.,3.738084,9.352918,3.04,False,None,0.0
18,18_scenario_8,A pedestrian is crossing the road from left to right.,1.731074,5.574434,0.5199999999999999,False,None,0.0
18,18_scenario_9,A black Jeep is driving ahead (far) of the ego vehicle and switching lane.,3.239218,2.660076,1.0799999999999998,False,None,0.0
18,18_scenario_10,A red SchoolBus is driving from the opposite direction (near) and maintaining lane.,2.552392,18.647212,0.54,False,None,0.0
18,18_scenario_11,A black SchoolBus is crossing the road (near) and maintaining lane.,4.570715,17.629127,2.22,False,None,0.0
18,18_scenario_12,A pedestrian is crossing the road from right to left.,8.652272,1.888377,5.760000000000001,False,None,0.0
18,18_scenario_13,A black Jeep is driving ahead (far) of the ego vehicle and switching lane.,10.007585,3.093698,4.879999999999999,False,None,0.0
18,18_scenario_14,A white SUV is driving ahead (far) of the ego vehicle and switching lane.,1.203344,16.591207,3.74,False,None,0.0
18,18_scenario_15,A red Hatchback is crossing the road (near) and switching lane.,1.373881,8.330581,2.82,False,None,0.0
18,18_scenario_16,A white SchoolBus is driving ahead (far) of the ego vehicle and maintaining lane.,1.82941,30.752723,0.74,False,None,0.0
18,18_scenario_17,A white SUV is driving ahead (far) of the ego vehicle and switching lane.,9.157521,34.250056,6.26,False,None,0.0
19,19_scenario_0,A black Jeep is driving ahead (far) of the ego vehicle and switching lane.,100000.0,43.463629,1.14,False,None,0.0
19,19_scenario_1,A red SUV is crossing the road (near) and maintaining lane.,3.114538,8.832926,5.88,False,None,0.0
19,19_scenario_2,A black Jeep is driving ahead (far) of the ego vehicle and switching lane.,1.81901,15.900117,5.78,False,None,0.0
19,19_scenario_3,A red SUV is driving ahead (near) of the ego vehicle and switching lane.,7.76245,13.948222,11.32,False,None,0.0
19,19_scenario_4,A black Sedan is driving ahead (far) of the ego vehicle and maintaining lane.,44.812444,18.402741,0.94,False,None,0.0
19,19_scenario_5,A red BoxTruck is driving ahead (far) of the ego vehicle and maintaining lane.,2.240405,16.766047,6.1,False,None,0.0
19,19_scenario_6,A black Jeep is overtaking (far) the ego vehicle and maintaining lane.,14.884134,16.848223,12.3,False,None,0.0
19,19_scenario_7,A red Hatchback is driving from the opposite direction (near) and switching lane.,2.155862,18.072843,6.18,False,None,0.0
19,19_scenario_8,A red BoxTruck is overtaking (near) the ego vehicle and maintaining lane.,4.594246,9.493375,4.5,False,None,0.0
19,19_scenario_9,A yellow Hatchback is overtaking (far) the ego vehicle and switching lane.,1.072736,3.962892,0.3399999999999998,False,None,0.0
19,19_scenario_10,A red SUV is overtaking (near) the ego vehicle and maintaining lane.,1.475795,9.370897,0.8799999999999999,False,None,0.0
19,19_scenario_11,A black SUV is driving from the opposite direction (far) and switching lane.,3.321975,9.989605,5.48,False,None,0.0
19,19_scenario_12,A white BoxTruck is overtaking (far) the ego vehicle and switching lane.,3.925857,9.585954,5.28,False,None,0.0
19,19_scenario_13,A pink SUV is crossing the road (far) and switching lane.,1.887347,8.397243,5.0600000000000005,False,None,0.0
19,19_scenario_14,A skyblue Jeep is overtaking (far) the ego vehicle and switching lane.,2.168355,9.102694,3.0,False,None,0.0
19,19_scenario_15,A skyblue Jeep is driving from the opposite direction (far) and maintaining lane.,10.425067,9.029036,0.98,False,None,0.0
19,19_scenario_16,A yellow BoxTruck is overtaking (far) the ego vehicle and maintaining lane.,0.985686,8.80866,7.12,False,None,0.0
