Execution,ScenarioID,Configuration_API_Description,Attribute[TTC],Attribute[DTO],Attribute[Jerk],Attribute[COL],Attribute[COLT],Attribute[SAC]
0,0_scenario_0,A black Jeep is overtaking (near) the ego vehicle and maintaining lane.,100000.0,4.467214,6.640000000000001,False,None,0.0
0,0_scenario_1_npc_vehicle,A skyblue BoxTruck is driving ahead (near) of the ego vehicle and switching lane.,0.0,3.392688,9.6,True,npc_vehicle,0.0160872307480107
1,1_scenario_0,A black Jeep is overtaking (near) the ego vehicle and maintaining lane.,5.815422,3.680758,5.8,False,None,0.0
1,1_scenario_1,A black SchoolBus is driving ahead (near) of the ego vehicle and maintaining lane.,1.007991,6.028485,0.3600000000000001,False,None,0.0
1,1_scenario_2,A black Jeep is driving ahead (near) of the ego vehicle and switching lane.,3.532269,3.648617,5.56,False,None,0.0
1,1_scenario_3,A black Jeep is overtaking (near) the ego vehicle and maintaining lane.,2.480799,4.130083,8.74,False,None,0.0
1,1_scenario_4_npc_vehicle,A black Jeep is driving ahead (near) of the ego vehicle and switching lane.,0.0,3.19231,7.800000000000001,True,npc_vehicle,5.627540014274671
2,2_scenario_0,A red Sedan is overtaking (near) the ego vehicle and maintaining lane.,5.447171,4.402706,4.44,False,None,0.0
2,2_scenario_1,A red BoxTruck is driving ahead (far) of the ego vehicle and maintaining lane.,1.227765,6.711115,4.08,False,None,0.0
2,2_scenario_2,A white Jeep is driving ahead (near) of the ego vehicle and maintaining lane.,3.446935,6.086135,6.98,False,None,0.0
2,2_scenario_3,A red SUV is overtaking (near) the ego vehicle and maintaining lane.,100000.0,5.313131,3.4600000000000004,False,None,0.0
2,2_scenario_4_npc_vehicle,A black Jeep is driving ahead (near) of the ego vehicle and switching lane.,0.0,4.628023,8.799999999999999,True,npc_vehicle,1.7195806091263417
3,3_scenario_0,A red BoxTruck is overtaking (near) the ego vehicle and maintaining lane.,100000.0,5.719934,4.0,False,None,0.0
3,3_scenario_1,A black Jeep is driving ahead (far) of the ego vehicle and switching lane.,100000.0,3.356403,9.08,False,None,0.0
3,3_scenario_2,A yellow SUV is driving from the opposite direction (near) and switching lane.,1.949251,11.158432,4.0600000000000005,False,None,0.0
3,3_scenario_3,A black Sedan is driving ahead (near) of the ego vehicle and maintaining lane.,0.828151,5.061608,10.22,False,None,0.0
3,3_scenario_4,A black SchoolBus is overtaking (near) the ego vehicle and maintaining lane.,7.578607,9.756967,7.779999999999999,False,None,0.0
3,3_scenario_5,A pink BoxTruck is driving ahead (near) of the ego vehicle and maintaining lane.,100000.0,6.263923,13.3,False,None,0.0
3,3_scenario_6,A red BoxTruck is overtaking (near) the ego vehicle and maintaining lane.,100000.0,6.003047,6.44,False,None,0.0
3,3_scenario_7,A yellow Hatchback is overtaking (near) the ego vehicle and maintaining lane.,100000.0,6.006255,5.800000000000001,False,None,0.0
3,3_scenario_8,A pink Sedan is driving from the opposite direction (near) and maintaining lane.,2.788041,2.928298,5.78,False,None,0.0
3,3_scenario_9,A red BoxTruck is overtaking (near) the ego vehicle and maintaining lane.,100000.0,3.379444,1.24,False,None,0.0
3,3_scenario_10,A white BoxTruck is overtaking (near) the ego vehicle and switching lane.,0.943546,5.059708,11.44,False,None,0.0
3,3_scenario_11,A black Hatchback is overtaking (near) the ego vehicle and switching lane.,100000.0,5.62874,0.0,False,None,0.0
4,4_scenario_0,A black Jeep is overtaking (near) the ego vehicle and maintaining lane.,3.721184,4.530619,3.5600000000000005,False,None,0.0
4,4_scenario_1_npc_vehicle,A skyblue BoxTruck is driving ahead (near) of the ego vehicle and switching lane.,0.0,3.349741,9.0,True,npc_vehicle,5.352532768522677
5,5_scenario_0,A red BoxTruck is overtaking (near) the ego vehicle and maintaining lane.,100000.0,7.342829,3.94,False,None,0.0
5,5_scenario_1,A pink Sedan is driving from the opposite direction (far) and switching lane.,5.546458,3.414531,2.66,False,None,0.0
5,5_scenario_2_npc_vehicle,A pedestrian is crossing the road from right to left.,0.0,2.929225,13.26,True,npc_vehicle,8.266454748784538
6,6_scenario_0,A yellow Hatchback is overtaking (near) the ego vehicle and maintaining lane.,2.22346,4.795715,3.58,False,None,0.0
6,6_scenario_1_npc_vehicle,A skyblue BoxTruck is driving ahead (near) of the ego vehicle and switching lane.,0.0,4.13801,5.619999999999999,True,npc_vehicle,5.470490627650697
7,7_scenario_0,A black Jeep is overtaking (near) the ego vehicle and maintaining lane.,2.478348,4.520007,2.1,False,None,0.0
7,7_scenario_1_npc_vehicle,A skyblue BoxTruck is driving ahead (near) of the ego vehicle and switching lane.,0.0,4.429124,9.12,True,npc_vehicle,0.7203824646978264
8,8_scenario_0,A black Jeep is overtaking (near) the ego vehicle and maintaining lane.,2.684014,4.254159,2.3,False,None,0.0
8,8_scenario_1,A black SchoolBus is driving ahead (near) of the ego vehicle and maintaining lane.,0.969401,4.711165,1.4,False,None,0.0
8,8_scenario_2,A black Sedan is driving ahead (near) of the ego vehicle and maintaining lane.,100000.0,5.991876,11.12,False,None,0.0
8,8_scenario_3,A red SUV is overtaking (near) the ego vehicle and maintaining lane.,4.876879,4.589611,4.680000000000001,False,None,0.0
8,8_scenario_4,A black Jeep is driving ahead (near) of the ego vehicle and switching lane.,1.803516,9.127844,4.52,False,None,0.0
8,8_scenario_5,A yellow SUV is overtaking (near) the ego vehicle and switching lane.,100000.0,4.01909,0.2,False,None,0.0
8,8_scenario_6,A yellow Sedan is overtaking (near) the ego vehicle and switching lane.,100000.0,4.528208,0.22,False,None,0.0
8,8_scenario_7,A black Hatchback is overtaking (near) the ego vehicle and switching lane.,100000.0,4.26748,0.24,False,None,0.0
8,8_scenario_8,A black Hatchback is overtaking (near) the ego vehicle and switching lane.,100000.0,4.557601,0.26,False,None,0.0
9,9_scenario_0,A yellow Hatchback is overtaking (near) the ego vehicle and maintaining lane.,2.522836,4.428207,5.44,False,None,0.0
9,9_scenario_1_npc_vehicle,A skyblue BoxTruck is driving ahead (near) of the ego vehicle and switching lane.,0.0,4.743369,6.92,True,npc_vehicle,0.326851181260368
10,10_scenario_0,A yellow Hatchback is overtaking (near) the ego vehicle and maintaining lane.,3.448192,4.061615,3.3000000000000003,False,None,0.0
10,10_scenario_1,A skyblue BoxTruck is driving ahead (near) of the ego vehicle and switching lane.,100000.0,4.583976,2.44,False,None,0.0
10,10_scenario_2,A white Jeep is driving ahead (near) of the ego vehicle and maintaining lane.,1.238479,6.060113,6.98,False,None,0.0
10,10_scenario_3,A red SchoolBus is overtaking (near) the ego vehicle and switching lane.,100000.0,7.532096,2.56,False,None,0.0
10,10_scenario_4,A red SchoolBus is overtaking (near) the ego vehicle and switching lane.,100000.0,7.67093,4.96,False,None,0.0
10,10_scenario_5,A red SchoolBus is overtaking (near) the ego vehicle and switching lane.,100000.0,7.05676,4.66,False,None,0.0
10,10_scenario_6_npc_vehicle,A red SchoolBus is driving from the opposite direction (near) and maintaining lane.,0.0,6.793982,7.479999999999999,True,npc_vehicle,5.116485772689183
11,11_scenario_0,A black Jeep is overtaking (near) the ego vehicle and maintaining lane.,100000.0,4.099541,3.06,False,None,0.0
11,11_scenario_1,A skyblue BoxTruck is driving ahead (near) of the ego vehicle and switching lane.,1.630378,4.725726,10.1,False,None,0.0
11,11_scenario_2,A pink Jeep is crossing the road (near) and switching lane.,0.712276,8.460154,9.1,False,None,0.0
11,11_scenario_3,A pink Hatchback is driving from the opposite direction (far) and switching lane.,0.480843,4.764939,1.4200000000000002,False,None,0.0
11,11_scenario_4,A white Jeep is driving ahead (near) of the ego vehicle and maintaining lane.,0.431013,5.605316,8.0,False,None,0.0
11,11_scenario_5,A black Jeep is overtaking (near) the ego vehicle and maintaining lane.,0.998071,4.550877,6.82,False,None,0.0
11,11_scenario_6,A black Jeep is overtaking (near) the ego vehicle and maintaining lane.,4.871237,3.318069,6.42,False,None,0.0
11,11_scenario_7,A black SUV is driving ahead (near) of the ego vehicle and maintaining lane.,0.390294,3.187733,5.94,False,None,0.0
11,11_scenario_8,A black SchoolBus is overtaking (near) the ego vehicle and maintaining lane.,24.385222,3.923846,1.72,False,None,0.0
11,11_scenario_9,A yellow Hatchback is overtaking (far) the ego vehicle and switching lane.,0.736788,7.138674,5.74,False,None,0.0
11,11_scenario_10,A pink Hatchback is driving ahead (near) of the ego vehicle and switching lane.,1.822566,9.14371,8.32,False,None,0.0
11,11_scenario_11,A red Sedan is overtaking (near) the ego vehicle and maintaining lane.,5.515074,4.497623,5.46,False,None,0.0
11,11_scenario_12,A red Sedan is overtaking (near) the ego vehicle and maintaining lane.,100000.0,4.67562,6.98,False,None,0.0
11,11_scenario_13,A black Jeep is overtaking (near) the ego vehicle and maintaining lane.,100000.0,4.203811,3.14,False,None,0.0
11,11_scenario_14,A pink Hatchback is driving ahead (near) of the ego vehicle and switching lane.,1.318619,4.381651,4.26,False,None,0.0
11,11_scenario_15,A red SUV is overtaking (near) the ego vehicle and maintaining lane.,1.604522,4.501584,5.32,False,None,0.0
11,11_scenario_16,A yellow SUV is overtaking (near) the ego vehicle and switching lane.,2.435016,6.457018,0.0,False,None,0.0
11,11_scenario_17,A white BoxTruck is overtaking (far) the ego vehicle and switching lane.,100000.0,6.457001,0.0,False,None,0.0
11,11_scenario_18,A white BoxTruck is overtaking (far) the ego vehicle and switching lane.,100000.0,6.457015,0.0,False,None,0.0
11,11_scenario_19,A pink Jeep is driving ahead (far) of the ego vehicle and maintaining lane.,100000.0,6.45702,0.0,False,None,0.0
12,12_scenario_0,A yellow Hatchback is overtaking (near) the ego vehicle and maintaining lane.,2.786153,4.325652,5.64,False,None,0.0
12,12_scenario_1_npc_vehicle,A skyblue BoxTruck is driving ahead (near) of the ego vehicle and switching lane.,0.0,4.664068,7.62,True,npc_vehicle,0.3172316705920699
13,13_scenario_0,A black Jeep is overtaking (near) the ego vehicle and maintaining lane.,100000.0,4.407763,4.040000000000001,False,None,0.0
14,14_scenario_0,A yellow Hatchback is overtaking (near) the ego vehicle and maintaining lane.,5.662268,6.565014,3.34,False,None,0.0
14,14_scenario_1_npc_vehicle,A skyblue BoxTruck is driving ahead (near) of the ego vehicle and switching lane.,0.0,4.420881,3.26,True,npc_vehicle,6.124391628467347
15,15_scenario_0,A black Jeep is overtaking (near) the ego vehicle and maintaining lane.,100000.0,6.601453,2.3200000000000003,False,None,0.0
15,15_scenario_1_npc_vehicle,A skyblue BoxTruck is driving ahead (near) of the ego vehicle and switching lane.,0.0,4.882163,7.44,True,npc_vehicle,0.0004053376386452
16,16_scenario_0,A yellow Hatchback is overtaking (near) the ego vehicle and maintaining lane.,2.924523,4.272786,3.5,False,None,0.0
16,16_scenario_1_npc_vehicle,A skyblue BoxTruck is driving ahead (near) of the ego vehicle and switching lane.,0.0,4.464621,5.94,True,npc_vehicle,0.2863184567917051
17,17_scenario_0,A black Jeep is overtaking (near) the ego vehicle and maintaining lane.,5.381308,3.765698,2.2,False,None,0.0
17,17_scenario_1_npc_vehicle,A skyblue BoxTruck is driving ahead (near) of the ego vehicle and switching lane.,0.0,4.584281,1.56,True,npc_vehicle,1.0761569416531287
18,18_scenario_0,A red Jeep is overtaking (near) the ego vehicle and switching lane.,3.182154,9.324567,5.039999999999999,False,None,0.0
18,18_scenario_1,A yellow SUV is driving from the opposite direction (near) and switching lane.,4.368998,15.546454,1.52,False,None,0.0
18,18_scenario_2,A skyblue SchoolBus is driving ahead (far) of the ego vehicle and switching lane.,3.605419,21.060282,1.86,False,None,0.0
18,18_scenario_3,A red SchoolBus is overtaking (far) the ego vehicle and switching lane.,5.764093,17.713642,0.8399999999999999,False,None,0.0
18,18_scenario_4_npc_vehicle,A black SchoolBus is crossing the road (near) and maintaining lane.,0.0,7.890452,5.66,True,npc_vehicle,0.4909450723862304
19,19_scenario_0,A pedestrian is crossing the road from left to right.,100000.0,17.013877,7.26,False,None,0.0
19,19_scenario_1,A white Sedan is driving ahead (far) of the ego vehicle and switching lane.,6.544973,8.145287,9.74,False,None,0.0
19,19_scenario_2,A black SUV is crossing the road (near) and switching lane.,1.574731,3.572954,6.54,False,None,0.0
19,19_scenario_3,A pink SUV is crossing the road (far) and switching lane.,0.957159,4.771277,2.3999999999999995,False,None,0.0
19,19_scenario_4,A pink Jeep is crossing the road (near) and switching lane.,1.346454,9.883316,10.82,False,None,0.0
19,19_scenario_5,A yellow Sedan is overtaking (far) the ego vehicle and maintaining lane.,3.487762,11.528017,3.4400000000000004,False,None,0.0
19,19_scenario_6,A pink Sedan is driving from the opposite direction (near) and maintaining lane.,2.705667,8.323164,0.5,False,None,0.0
19,19_scenario_7,A pink SUV is overtaking (far) the ego vehicle and maintaining lane.,2.661381,15.589728,7.119999999999999,False,None,0.0
19,19_scenario_8,A skyblue Sedan is overtaking (far) the ego vehicle and switching lane.,7.033147,12.752327,11.74,False,None,0.0
19,19_scenario_9,A white SchoolBus is driving ahead (near) of the ego vehicle and switching lane.,2.575259,4.572211,8.399999999999999,False,None,0.0
19,19_scenario_10,A black SchoolBus is overtaking (near) the ego vehicle and maintaining lane.,2.95239,4.467989,3.92,False,None,0.0
19,19_scenario_11,A white SchoolBus is driving ahead (far) of the ego vehicle and maintaining lane.,3.78299,7.440082,4.0200000000000005,False,None,0.0
19,19_scenario_12,A white BoxTruck is overtaking (far) the ego vehicle and switching lane.,4.698821,5.891438,2.2,False,None,0.0
19,19_scenario_13,A yellow BoxTruck is overtaking (far) the ego vehicle and maintaining lane.,20.224189,3.151017,5.44,False,None,0.0
19,19_scenario_14,A red BoxTruck is overtaking (near) the ego vehicle and maintaining lane.,12.36072,4.258884,6.859999999999999,False,None,0.0
19,19_scenario_15,A skyblue Hatchback is driving ahead (far) of the ego vehicle and maintaining lane.,6.011785,24.147027,2.4,False,None,0.0
19,19_scenario_16,A red BoxTruck is driving from the opposite direction (far) and maintaining lane.,8.451177,33.963307,2.36,False,None,0.0
19,19_scenario_17,A white Hatchback is driving ahead (far) of the ego vehicle and switching lane.,100000.0,42.43979,7.0600000000000005,False,None,0.0
19,19_scenario_18,A pink Sedan is driving from the opposite direction (far) and maintaining lane.,100000.0,48.784,6.9,False,None,0.0
