Execution,ScenarioID,Configuration_API_Description,Attribute[TTC],Attribute[DTO],Attribute[Jerk],Attribute[COL],Attribute[COLT],Attribute[SAC]
0,0_scenario_0,A yellow Sedan is driving from the opposite direction (near) and switching lane.,100000.0,11.47775,2.22,False,None,0.0
0,0_scenario_1,A red BoxTruck is driving ahead (far) of the ego vehicle and switching lane.,3.198827,29.60918,0.3399999999999998,False,None,0.0
0,0_scenario_2,A red SUV is crossing the road (near) and maintaining lane.,100000.0,32.477443,10.18,False,None,0.0
0,0_scenario_3,A red SUV is driving ahead (far) of the ego vehicle and maintaining lane.,2.945354,30.13788,2.04,False,None,0.0
0,0_scenario_4,A white SchoolBus is driving ahead (near) of the ego vehicle and switching lane.,13.995807,29.657526,6.120000000000001,False,None,0.0
0,0_scenario_5,A pink Hatchback is driving ahead (near) of the ego vehicle and switching lane.,38.575936,33.799794,3.66,False,None,0.0
0,0_scenario_6,A black SUV is driving ahead (near) of the ego vehicle and maintaining lane.,0.474929,6.039955,11.38,False,None,0.0
0,0_scenario_7,A red SUV is overtaking (near) the ego vehicle and maintaining lane.,4.954912,3.516259,8.6,False,None,0.0
0,0_scenario_8,A pink SUV is crossing the road (far) and switching lane.,2.666886,12.011624,4.94,False,None,0.0
0,0_scenario_9,A black Jeep is driving ahead (near) of the ego vehicle and switching lane.,4.699955,11.007402,5.859999999999999,False,None,0.0
0,0_scenario_10,A red BoxTruck is driving ahead (far) of the ego vehicle and maintaining lane.,3.37722,12.332814,3.9,False,None,0.0
0,0_scenario_11,A white SchoolBus is driving ahead (near) of the ego vehicle and switching lane.,6.384421,21.609995,4.18,False,None,0.0
0,0_scenario_12,A pink Jeep is crossing the road (near) and switching lane.,3.415036,13.851104,5.68,False,None,0.0
0,0_scenario_13,A skyblue SchoolBus is driving ahead (far) of the ego vehicle and switching lane.,5.000971,43.452515,3.72,False,None,0.0
0,0_scenario_14,A yellow Hatchback is overtaking (far) the ego vehicle and switching lane.,7.285625,13.980413,1.06,False,None,0.0
0,0_scenario_15,A black SchoolBus is crossing the road (far) and maintaining lane.,1.71076,4.775712,4.94,False,None,0.0
1,1_scenario_0,A black SchoolBus is overtaking (near) the ego vehicle and maintaining lane.,100000.0,24.889678,5.04,False,None,0.0
1,1_scenario_1,A skyblue Sedan is overtaking (far) the ego vehicle and switching lane.,100000.0,39.540314,1.94,False,None,0.0
1,1_scenario_2,A yellow SchoolBus is overtaking (far) the ego vehicle and maintaining lane.,2.674056,17.50987,6.180000000000001,False,None,0.0
1,1_scenario_3,A yellow BoxTruck is overtaking (far) the ego vehicle and maintaining lane.,3.51491,3.579552,5.46,False,None,0.0
1,1_scenario_4,A pink Jeep is crossing the road (near) and switching lane.,0.836022,10.855997,5.5600000000000005,False,None,0.0
1,1_scenario_5,A red BoxTruck is driving from the opposite direction (near) and maintaining lane.,1.268115,16.592779,6.200000000000001,False,None,0.0
1,1_scenario_6,A white BoxTruck is overtaking (near) the ego vehicle and switching lane.,4.485313,11.596006,15.52,False,None,0.0
1,1_scenario_7,A skyblue Sedan is driving ahead (near) of the ego vehicle and switching lane.,0.754065,2.736916,5.24,False,None,0.0
1,1_scenario_8_npc_vehicle,A black SUV is driving ahead (near) of the ego vehicle and maintaining lane.,0.0,2.832785,6.0600000000000005,True,npc_vehicle,6.015545232857102
2,2_scenario_0,A red BoxTruck is driving ahead (far) of the ego vehicle and switching lane.,100000.0,50.718268,3.64,False,None,0.0
2,2_scenario_1,A white Jeep is driving ahead (near) of the ego vehicle and maintaining lane.,0.608933,6.598763,9.42,False,None,0.0
2,2_scenario_2,A white BoxTruck is overtaking (far) the ego vehicle and switching lane.,100000.0,17.659714,5.02,False,None,0.0
2,2_scenario_3,A pink Sedan is driving from the opposite direction (far) and switching lane.,100000.0,11.716624,6.16,False,None,0.0
2,2_scenario_4,A pink Jeep is driving ahead (far) of the ego vehicle and maintaining lane.,100000.0,24.527151,6.0,False,None,0.0
2,2_scenario_5,A pink Hatchback is crossing the road (far) and maintaining lane.,3.506436,36.063134,5.84,False,None,0.0
2,2_scenario_6,A white SchoolBus is driving ahead (near) of the ego vehicle and switching lane.,8.620639,15.212586,1.1800000000000002,False,None,0.0
2,2_scenario_7,A red SchoolBus is overtaking (near) the ego vehicle and switching lane.,3.99907,16.053173,10.4,False,None,0.0
2,2_scenario_8,A skyblue SUV is crossing the road (far) and maintaining lane.,8.818146,25.759601,4.58,False,None,0.0
2,2_scenario_9,A red SUV is driving ahead (far) of the ego vehicle and maintaining lane.,10.684713,33.697274,5.68,False,None,0.0
2,2_scenario_10,A red SUV is driving ahead (far) of the ego vehicle and maintaining lane.,11.811375,30.619859,6.6000000000000005,False,None,0.0
2,2_scenario_11,A skyblue Jeep is driving from the opposite direction (far) and maintaining lane.,6.91134,32.078653,5.42,False,None,0.0
2,2_scenario_12,A black Jeep is overtaking (near) the ego vehicle and maintaining lane.,2.537394,3.594913,3.92,False,None,0.0
2,2_scenario_13,A white Jeep is driving ahead (near) of the ego vehicle and maintaining lane.,0.712057,6.75677,2.68,False,None,0.0
2,2_scenario_14,A red SchoolBus is overtaking (near) the ego vehicle and switching lane.,3.848863,8.130367,0.9200000000000002,False,None,0.0
2,2_scenario_15,A white Hatchback is overtaking (far) the ego vehicle and maintaining lane.,1.329573,14.311097,5.48,False,None,0.0
3,3_scenario_0,A white Sedan is driving ahead (far) of the ego vehicle and switching lane.,3.467321,51.174391,6.64,False,None,0.0
3,3_scenario_1,A white BoxTruck is overtaking (far) the ego vehicle and switching lane.,100000.0,59.578711,2.7,False,None,0.0
3,3_scenario_2,A white SUV is driving ahead (far) of the ego vehicle and switching lane.,2.712021,35.283164,3.94,False,None,0.0
3,3_scenario_3,A black Jeep is driving ahead (far) of the ego vehicle and switching lane.,11.495707,37.025898,3.8,False,None,0.0
3,3_scenario_4,A yellow BoxTruck is overtaking (far) the ego vehicle and maintaining lane.,1.30559,23.295252,8.219999999999999,False,None,0.0
3,3_scenario_5,A white SchoolBus is driving ahead (far) of the ego vehicle and maintaining lane.,4.899266,20.497451,5.96,False,None,0.0
3,3_scenario_6,A yellow Sedan is overtaking (near) the ego vehicle and switching lane.,88.187655,25.912745,2.98,False,None,0.0
3,3_scenario_7,A yellow Hatchback is driving ahead (near) of the ego vehicle and maintaining lane.,59.94005,7.738405,2.32,False,None,0.0
3,3_scenario_8,A red SUV is crossing the road (near) and maintaining lane.,2.21724,6.908042,6.98,False,None,0.0
3,3_scenario_9,A red BoxTruck is overtaking (near) the ego vehicle and maintaining lane.,1.800707,6.869859,4.76,False,None,0.0
3,3_scenario_10,A white SchoolBus is driving ahead (near) of the ego vehicle and switching lane.,5.097194,4.612547,4.1,False,None,0.0
3,3_scenario_11,A red BoxTruck is driving ahead (far) of the ego vehicle and maintaining lane.,1.940848,14.171317,4.96,False,None,0.0
3,3_scenario_12,A white Jeep is crossing the road (far) and maintaining lane.,4.110486,23.761402,2.3,False,None,0.0
3,3_scenario_13,A skyblue Sedan is overtaking (far) the ego vehicle and switching lane.,6.775974,7.740429,0.5599999999999999,False,None,0.0
4,4_scenario_0,A black Jeep is overtaking (near) the ego vehicle and maintaining lane.,100000.0,100000.0,2.64,False,None,0.0
4,4_scenario_1,A red SchoolBus is overtaking (near) the ego vehicle and switching lane.,100000.0,100000.0,2.78,False,None,0.0
4,4_scenario_2,A pedestrian is crossing the road from right to left.,100000.0,8.775206,7.82,False,None,0.0
4,4_scenario_3,A pink SchoolBus is crossing the road (near) and switching lane.,100000.0,3.679435,2.9000000000000004,False,None,0.0
4,4_scenario_4,A black Sedan is driving ahead (far) of the ego vehicle and maintaining lane.,100000.0,9.002761,5.459999999999999,False,None,0.0
4,4_scenario_5,A yellow Sedan is overtaking (near) the ego vehicle and switching lane.,1.137063,11.90112,6.5,False,None,0.0
4,4_scenario_6,A red Hatchback is crossing the road (far) and switching lane.,2.95603,21.249855,10.6,False,None,0.0
4,4_scenario_7,A red SUV is overtaking (near) the ego vehicle and maintaining lane.,1.86749,6.422831,0.5599999999999999,False,None,0.0
4,4_scenario_8,A red SUV is driving ahead (near) of the ego vehicle and switching lane.,0.709645,3.810277,2.48,False,None,0.0
4,4_scenario_9,A white SchoolBus is driving ahead (far) of the ego vehicle and maintaining lane.,2.188653,6.598734,8.879999999999999,False,None,0.0
4,4_scenario_10,A red BoxTruck is overtaking (near) the ego vehicle and maintaining lane.,6.364137,6.324589,4.140000000000001,False,None,0.0
4,4_scenario_11,A white Hatchback is overtaking (far) the ego vehicle and maintaining lane.,5.914896,2.685561,5.42,False,None,0.0
4,4_scenario_12,A pedestrian is crossing the road from left to right.,1.008722,2.833463,4.22,False,None,0.0
4,4_scenario_13,A yellow Sedan is crossing the road (far) and maintaining lane.,4.782563,5.789148,3.02,False,None,0.0
4,4_scenario_14,A skyblue Jeep is overtaking (far) the ego vehicle and switching lane.,7.356234,8.405751,5.4,False,None,0.0
5,5_scenario_0,A pink Jeep is crossing the road (near) and switching lane.,2.847834,24.924505,4.48,False,None,0.0
5,5_scenario_1,A red BoxTruck is driving from the opposite direction (near) and maintaining lane.,100000.0,8.368228,1.66,False,None,0.0
5,5_scenario_2,A black SUV is crossing the road (near) and switching lane.,2.512041,51.149185,5.78,False,None,0.0
5,5_scenario_3,A white SchoolBus is driving ahead (near) of the ego vehicle and switching lane.,100000.0,36.169757,6.08,False,None,0.0
5,5_scenario_4,A skyblue Jeep is overtaking (far) the ego vehicle and switching lane.,1.554724,27.943534,2.12,False,None,0.0
5,5_scenario_5,A pink Jeep is crossing the road (near) and switching lane.,1.3038,9.930707,10.16,False,None,0.0
5,5_scenario_6,A yellow SchoolBus is overtaking (far) the ego vehicle and maintaining lane.,3.449804,35.399829,2.88,False,None,0.0
5,5_scenario_7,A black Jeep is overtaking (near) the ego vehicle and maintaining lane.,0.465045,3.419536,4.82,False,None,0.0
5,5_scenario_8,A black SchoolBus is driving ahead (near) of the ego vehicle and maintaining lane.,0.904254,3.45062,6.1,False,None,0.0
5,5_scenario_9,A yellow SchoolBus is overtaking (far) the ego vehicle and maintaining lane.,2.420323,6.53758,8.32,False,None,0.0
5,5_scenario_10,A yellow Sedan is crossing the road (far) and maintaining lane.,5.475781,5.629433,3.660000000000001,False,None,0.0
5,5_scenario_11,A black Jeep is overtaking (far) the ego vehicle and maintaining lane.,0.597519,3.395042,3.92,False,None,0.0
5,5_scenario_12,A white SchoolBus is driving from the opposite direction (far) and switching lane.,1.143662,3.967402,2.6,False,None,0.0
5,5_scenario_13,A yellow Jeep is driving from the opposite direction (far) and switching lane.,4.283286,38.740561,3.32,False,None,0.0
5,5_scenario_14,A pedestrian is crossing the road from left to right.,6.719483,26.454218,0.7200000000000001,False,None,0.0
5,5_scenario_15,A black SchoolBus is crossing the road (near) and maintaining lane.,9.18966,14.279414,6.6,False,None,0.0
6,6_scenario_0,A black Jeep is overtaking (far) the ego vehicle and maintaining lane.,100000.0,47.1221,4.48,False,None,0.0
6,6_scenario_1,A red SUV is driving ahead (near) of the ego vehicle and switching lane.,0.593691,8.440798,8.44,False,None,0.0
6,6_scenario_2,A skyblue Jeep is overtaking (far) the ego vehicle and switching lane.,100000.0,25.093649,1.96,False,None,0.0
6,6_scenario_3,A red SchoolBus is overtaking (far) the ego vehicle and switching lane.,100000.0,28.253783,5.2,False,None,0.0
6,6_scenario_4,A skyblue Hatchback is driving ahead (far) of the ego vehicle and maintaining lane.,2.410166,15.76744,2.66,False,None,0.0
6,6_scenario_5,A yellow SUV is driving from the opposite direction (near) and switching lane.,1.170224,12.805033,6.74,False,None,0.0
6,6_scenario_6,A pink Jeep is crossing the road (near) and switching lane.,2.944752,11.367979,2.3400000000000003,False,None,0.0
6,6_scenario_7,A red SchoolBus is overtaking (far) the ego vehicle and switching lane.,3.643393,22.83034,2.34,False,None,0.0
6,6_scenario_8,A pink Hatchback is crossing the road (far) and maintaining lane.,7.221638,35.730925,2.0,False,None,0.0
6,6_scenario_9,A black Hatchback is overtaking (near) the ego vehicle and switching lane.,10.261464,6.872415,4.18,False,None,0.0
6,6_scenario_10,A black Sedan is driving ahead (near) of the ego vehicle and maintaining lane.,0.469131,6.012599,8.139999999999999,False,None,0.0
6,6_scenario_11,A pink Hatchback is driving ahead (near) of the ego vehicle and switching lane.,8.999416,7.272586,5.22,False,None,0.0
6,6_scenario_12,A pink Sedan is driving from the opposite direction (far) and switching lane.,3.560562,21.807928,4.62,False,None,0.0
6,6_scenario_13,A black Sedan is driving ahead (far) of the ego vehicle and maintaining lane.,6.053778,39.908591,3.58,False,None,0.0
6,6_scenario_14,A white SchoolBus is crossing the road (far) and switching lane.,6.724739,31.73504,0.6799999999999999,False,None,0.0
6,6_scenario_15,A skyblue SchoolBus is driving ahead (far) of the ego vehicle and switching lane.,7.121974,28.673874,6.06,False,None,0.0
7,7_scenario_0,A black Jeep is driving ahead (far) of the ego vehicle and switching lane.,3.482637,51.166074,3.06,False,None,0.0
7,7_scenario_1,A skyblue BoxTruck is driving ahead (near) of the ego vehicle and switching lane.,0.66111,10.987759,3.1,False,None,0.0
7,7_scenario_2,A pink Jeep is driving ahead (far) of the ego vehicle and maintaining lane.,100000.0,16.5132,5.7,False,None,0.0
7,7_scenario_3,A red SUV is driving ahead (far) of the ego vehicle and maintaining lane.,100000.0,20.414647,5.08,False,None,0.0
7,7_scenario_4,A yellow Hatchback is driving ahead (near) of the ego vehicle and maintaining lane.,100000.0,12.76826,2.88,False,None,0.0
7,7_scenario_5,A skyblue Sedan is overtaking (far) the ego vehicle and switching lane.,2.494717,7.647717,3.72,False,None,0.0
7,7_scenario_6,A skyblue BoxTruck is driving ahead (near) of the ego vehicle and switching lane.,0.55283,7.799426,9.16,False,None,0.0
7,7_scenario_7,A white Sedan is driving ahead (far) of the ego vehicle and switching lane.,1.088332,8.777335,5.76,False,None,0.0
7,7_scenario_8,A yellow Hatchback is overtaking (far) the ego vehicle and switching lane.,4.483052,22.985154,5.82,False,None,0.0
7,7_scenario_9,A red BoxTruck is driving from the opposite direction (far) and maintaining lane.,5.939535,23.770492,1.48,False,None,0.0
7,7_scenario_10,A white SchoolBus is driving ahead (near) of the ego vehicle and switching lane.,6.93003,24.002678,12.12,False,None,0.0
7,7_scenario_11,A skyblue Sedan is overtaking (far) the ego vehicle and switching lane.,10.039578,29.380806,3.46,False,None,0.0
7,7_scenario_12,A white Jeep is driving ahead (near) of the ego vehicle and maintaining lane.,4.578594,9.747976,5.0,False,None,0.0
7,7_scenario_13,A red SUV is driving ahead (far) of the ego vehicle and maintaining lane.,3.158901,7.320691,0.96,False,None,0.0
7,7_scenario_14,A yellow Sedan is crossing the road (far) and switching lane.,3.391387,11.585007,1.24,False,None,0.0
7,7_scenario_15,A yellow SchoolBus is driving from the opposite direction (near) and switching lane.,3.782072,25.429415,0.6,False,None,0.0
8,8_scenario_0,A white SchoolBus is crossing the road (far) and switching lane.,100000.0,33.126701,2.78,False,None,0.0
8,8_scenario_1,A pink Hatchback is crossing the road (far) and maintaining lane.,100000.0,33.954147,2.24,False,None,0.0
8,8_scenario_2,A yellow Hatchback is overtaking (near) the ego vehicle and maintaining lane.,100000.0,4.282181,8.5,False,None,0.0
8,8_scenario_3,A red BoxTruck is driving ahead (far) of the ego vehicle and maintaining lane.,100000.0,9.457494,2.48,False,None,0.0
8,8_scenario_4,A pink BoxTruck is crossing the road (near) and switching lane.,3.085807,24.577312,7.199999999999999,False,None,0.0
8,8_scenario_5,A white Sedan is driving ahead (far) of the ego vehicle and switching lane.,89.60779,42.254888,3.3200000000000003,False,None,0.0
8,8_scenario_6,A yellow SchoolBus is overtaking (far) the ego vehicle and maintaining lane.,8.318952,45.228275,12.28,False,None,0.0
8,8_scenario_7,A pink BoxTruck is driving ahead (near) of the ego vehicle and maintaining lane.,1.15236,10.310759,7.3,False,None,0.0
8,8_scenario_8,A yellow Hatchback is overtaking (near) the ego vehicle and maintaining lane.,3.712125,6.307234,7.14,False,None,0.0
8,8_scenario_9,A black Jeep is driving ahead (far) of the ego vehicle and switching lane.,2.22199,4.102814,5.16,False,None,0.0
8,8_scenario_10,A white BoxTruck is driving from the opposite direction (far) and switching lane.,2.341407,29.36437,3.62,False,None,0.0
8,8_scenario_11,A yellow SchoolBus is overtaking (far) the ego vehicle and maintaining lane.,9.384895,32.816632,4.0600000000000005,False,None,0.0
8,8_scenario_12,A yellow SchoolBus is overtaking (far) the ego vehicle and maintaining lane.,9.219773,8.504857,3.62,False,None,0.0
8,8_scenario_13,A pink Hatchback is crossing the road (far) and maintaining lane.,2.361933,2.822339,9.4,False,None,0.0
8,8_scenario_14,A black Sedan is driving ahead (near) of the ego vehicle and maintaining lane.,3.01771,11.573404,1.38,False,None,0.0
8,8_scenario_15,A yellow BoxTruck is overtaking (far) the ego vehicle and maintaining lane.,3.145631,8.627009,5.0600000000000005,False,None,0.0
9,9_scenario_0,A pink BoxTruck is driving ahead (near) of the ego vehicle and maintaining lane.,100000.0,15.033444,14.86,False,None,0.0
9,9_scenario_1,A white SUV is driving ahead (far) of the ego vehicle and switching lane.,14.981359,19.906554,8.08,False,None,0.0
9,9_scenario_2,A yellow Sedan is crossing the road (far) and switching lane.,100000.0,27.154351,4.24,False,None,0.0
9,9_scenario_3,A skyblue SUV is crossing the road (far) and maintaining lane.,3.06776,33.194074,4.1,False,None,0.0
9,9_scenario_4,A red SUV is crossing the road (near) and maintaining lane.,8.34516,32.434714,14.96,False,None,0.0
9,9_scenario_5,A white BoxTruck is overtaking (far) the ego vehicle and switching lane.,3.416775,36.000311,3.42,False,None,0.0
9,9_scenario_6,A yellow Hatchback is overtaking (far) the ego vehicle and switching lane.,4.556799,41.379605,0.7599999999999999,False,None,0.0
9,9_scenario_7,A yellow SchoolBus is driving from the opposite direction (near) and switching lane.,18.690748,16.814953,16.32,False,None,0.0
9,9_scenario_8,A pink BoxTruck is driving ahead (near) of the ego vehicle and maintaining lane.,2.487846,26.887242,5.3,False,None,0.0
9,9_scenario_9,A white Sedan is driving ahead (far) of the ego vehicle and switching lane.,12.373733,47.782809,7.680000000000001,False,None,0.0
9,9_scenario_10,A pink SchoolBus is driving from the opposite direction (far) and maintaining lane.,4.738561,42.797968,4.619999999999999,False,None,0.0
9,9_scenario_11,A yellow Sedan is overtaking (far) the ego vehicle and maintaining lane.,11.037929,18.139773,3.44,False,None,0.0
9,9_scenario_12,A skyblue BoxTruck is driving ahead (near) of the ego vehicle and switching lane.,3.544982,5.310978,3.28,False,None,0.0
9,9_scenario_13,A yellow Hatchback is crossing the road (near) and maintaining lane.,3.850426,3.584277,2.72,False,None,0.0
9,9_scenario_14,A yellow SUV is driving from the opposite direction (near) and switching lane.,2.327728,6.830588,6.78,False,None,0.0
10,10_scenario_0,A red Hatchback is crossing the road (near) and switching lane.,3.368357,24.981147,3.8,False,None,0.0
10,10_scenario_1,A black Jeep is overtaking (far) the ego vehicle and maintaining lane.,100000.0,34.71057,1.1,False,None,0.0
10,10_scenario_2,A yellow SUV is overtaking (near) the ego vehicle and switching lane.,2.333663,10.160386,12.76,False,None,0.0
10,10_scenario_3,A red SchoolBus is overtaking (near) the ego vehicle and switching lane.,12.013297,9.961175,8.34,False,None,0.0
10,10_scenario_4,A black Jeep is driving ahead (near) of the ego vehicle and switching lane.,1.038875,12.009227,3.54,False,None,0.0
10,10_scenario_5,A red SchoolBus is overtaking (near) the ego vehicle and switching lane.,2.41333,18.734811,0.3799999999999999,False,None,0.0
10,10_scenario_6,A white SchoolBus is driving ahead (near) of the ego vehicle and switching lane.,1.358092,7.300916,11.22,False,None,0.0
10,10_scenario_7,A skyblue Sedan is overtaking (far) the ego vehicle and switching lane.,1.895398,10.438566,4.72,False,None,0.0
10,10_scenario_8,A yellow Sedan is crossing the road (far) and maintaining lane.,6.527842,5.157286,9.24,False,None,0.0
10,10_scenario_9,A skyblue Hatchback is driving ahead (far) of the ego vehicle and maintaining lane.,7.284731,4.025376,9.66,False,None,0.0
10,10_scenario_10,A yellow Sedan is crossing the road (far) and maintaining lane.,7.871161,6.858869,2.84,False,None,0.0
10,10_scenario_11,A red SchoolBus is driving from the opposite direction (near) and maintaining lane.,3.926255,6.136673,5.4,False,None,0.0
10,10_scenario_12,A pink Hatchback is crossing the road (far) and maintaining lane.,3.804297,24.033476,3.16,False,None,0.0
10,10_scenario_13,A black SchoolBus is crossing the road (far) and maintaining lane.,5.106265,25.518121,0.8800000000000001,False,None,0.0
10,10_scenario_14,A skyblue Sedan is overtaking (far) the ego vehicle and switching lane.,7.659667,8.084003,4.86,False,None,0.0
11,11_scenario_0,A pink BoxTruck is driving ahead (near) of the ego vehicle and maintaining lane.,2.299105,15.164423,5.3,False,None,0.0
11,11_scenario_1,A red BoxTruck is overtaking (near) the ego vehicle and maintaining lane.,15.326212,24.509492,4.04,False,None,0.0
11,11_scenario_2,A red Sedan is overtaking (near) the ego vehicle and maintaining lane.,100000.0,4.629778,0.7599999999999999,False,None,0.0
11,11_scenario_3,A red BoxTruck is driving ahead (far) of the ego vehicle and switching lane.,6.639559,5.488072,12.02,False,None,0.0
11,11_scenario_4,A pink SUV is crossing the road (far) and switching lane.,2.663167,11.146855,7.86,False,None,0.0
11,11_scenario_5,A black Sedan is driving ahead (near) of the ego vehicle and maintaining lane.,4.135309,19.941025,7.76,False,None,0.0
11,11_scenario_6,A black SUV is driving from the opposite direction (far) and switching lane.,6.746804,27.421434,5.42,False,None,0.0
11,11_scenario_7,A white BoxTruck is overtaking (far) the ego vehicle and switching lane.,6.292265,36.01179,1.2400000000000002,False,None,0.0
11,11_scenario_8,A yellow Jeep is driving from the opposite direction (far) and switching lane.,16.487129,41.569795,2.68,False,None,0.0
11,11_scenario_9,A red SUV is overtaking (near) the ego vehicle and maintaining lane.,4.701984,5.387536,6.0600000000000005,False,None,0.0
11,11_scenario_10,A black SchoolBus is overtaking (near) the ego vehicle and maintaining lane.,1.224904,4.848968,6.38,False,None,0.0
11,11_scenario_11,A white Sedan is driving ahead (far) of the ego vehicle and switching lane.,1.625038,18.582922,3.3,False,None,0.0
11,11_scenario_12,A yellow Hatchback is driving ahead (near) of the ego vehicle and maintaining lane.,1.678071,11.178549,7.78,False,None,0.0
11,11_scenario_13,A skyblue BoxTruck is driving ahead (near) of the ego vehicle and switching lane.,4.018808,7.900806,2.18,False,None,0.0
11,11_scenario_14,A black SchoolBus is overtaking (near) the ego vehicle and maintaining lane.,2.957181,4.450384,0.5599999999999999,False,None,0.0
12,12_scenario_0,A yellow SchoolBus is overtaking (far) the ego vehicle and maintaining lane.,100000.0,49.620949,4.32,False,None,0.0
12,12_scenario_1,A white BoxTruck is overtaking (near) the ego vehicle and switching lane.,0.977867,15.311974,0.7399999999999999,False,None,0.0
12,12_scenario_2,A yellow Hatchback is overtaking (near) the ego vehicle and maintaining lane.,1.243231,3.651323,8.48,False,None,0.0
12,12_scenario_3,A black SchoolBus is driving ahead (near) of the ego vehicle and maintaining lane.,3.596899,3.430833,10.34,False,None,0.0
12,12_scenario_4,A yellow Sedan is overtaking (far) the ego vehicle and maintaining lane.,0.94849,7.768089,3.1000000000000005,False,None,0.0
12,12_scenario_5,A white BoxTruck is overtaking (far) the ego vehicle and switching lane.,3.108263,19.140874,0.7200000000000001,False,None,0.0
12,12_scenario_6,A red SUV is driving ahead (near) of the ego vehicle and switching lane.,1.785381,6.984957,10.84,False,None,0.0
12,12_scenario_7,A red BoxTruck is overtaking (near) the ego vehicle and maintaining lane.,3.699736,6.491577,11.42,False,None,0.0
12,12_scenario_8,A black Jeep is overtaking (near) the ego vehicle and maintaining lane.,2.287623,9.905801,3.86,False,None,0.0
12,12_scenario_9,A yellow Hatchback is overtaking (near) the ego vehicle and maintaining lane.,3.294733,9.213806,5.5600000000000005,False,None,0.0
12,12_scenario_10,A red SUV is overtaking (near) the ego vehicle and maintaining lane.,5.742405,9.604195,8.16,False,None,0.0
12,12_scenario_11,A black SUV is driving from the opposite direction (far) and switching lane.,11.296906,3.656539,4.16,False,None,0.0
12,12_scenario_12,A red BoxTruck is driving ahead (far) of the ego vehicle and switching lane.,1.431579,10.76947,3.44,False,None,0.0
12,12_scenario_13,A red SUV is driving ahead (far) of the ego vehicle and maintaining lane.,4.372656,42.055193,1.04,False,None,0.0
12,12_scenario_14,A yellow Sedan is overtaking (far) the ego vehicle and maintaining lane.,6.984675,14.070173,0.46,False,None,0.0
13,13_scenario_0,A red SchoolBus is overtaking (far) the ego vehicle and switching lane.,100000.0,40.440943,5.340000000000001,False,None,0.0
13,13_scenario_1,A white SchoolBus is driving ahead (far) of the ego vehicle and maintaining lane.,1.576378,28.738602,4.6000000000000005,False,None,0.0
13,13_scenario_2,A yellow SUV is driving from the opposite direction (near) and switching lane.,1.201083,10.513529,6.1,False,None,0.0
13,13_scenario_3,A yellow SUV is driving from the opposite direction (near) and switching lane.,100000.0,9.969288,3.92,False,None,0.0
13,13_scenario_4,A skyblue Jeep is driving from the opposite direction (far) and maintaining lane.,100000.0,15.858176,12.46,False,None,0.0
13,13_scenario_5,A red SUV is driving ahead (far) of the ego vehicle and maintaining lane.,1.475948,18.687931,2.9400000000000004,False,None,0.0
13,13_scenario_6,A red Hatchback is crossing the road (far) and switching lane.,3.266307,27.797385,8.02,False,None,0.0
13,13_scenario_7,A red SUV is crossing the road (near) and maintaining lane.,2.086907,8.002241,5.8,False,None,0.0
13,13_scenario_8,A pink Sedan is driving from the opposite direction (far) and switching lane.,3.232447,21.708873,4.1000000000000005,False,None,0.0
13,13_scenario_9,A pink Sedan is driving from the opposite direction (near) and maintaining lane.,2.495647,13.304141,12.44,False,None,0.0
13,13_scenario_10,A black Jeep is overtaking (far) the ego vehicle and maintaining lane.,13.119094,7.568762,5.300000000000001,False,None,0.0
13,13_scenario_11,A yellow Sedan is overtaking (far) the ego vehicle and maintaining lane.,1.383279,5.811315,4.58,False,None,0.0
13,13_scenario_12,A pink SUV is crossing the road (far) and switching lane.,0.67042,6.000151,3.62,False,None,0.0
13,13_scenario_13,A pink Jeep is crossing the road (near) and switching lane.,3.535514,15.710936,2.2,False,None,0.0
13,13_scenario_14,A white BoxTruck is overtaking (far) the ego vehicle and switching lane.,3.615951,22.99906,7.18,False,None,0.0
14,14_scenario_0,A red SUV is crossing the road (near) and maintaining lane.,100000.0,25.129345,4.24,False,None,0.0
14,14_scenario_1,A yellow Hatchback is crossing the road (near) and maintaining lane.,100000.0,34.951355,1.82,False,None,0.0
14,14_scenario_2,A pink BoxTruck is driving ahead (near) of the ego vehicle and maintaining lane.,28.521846,8.238507,5.44,False,None,0.0
14,14_scenario_3,A skyblue Hatchback is driving ahead (far) of the ego vehicle and maintaining lane.,3.410891,9.308157,5.68,False,None,0.0
14,14_scenario_4,A yellow Hatchback is overtaking (far) the ego vehicle and switching lane.,100000.0,20.360965,9.18,False,None,0.0
14,14_scenario_5,A yellow SUV is overtaking (far) the ego vehicle and switching lane.,2.549821,35.882559,0.4399999999999999,False,None,0.0
14,14_scenario_6,A pink Hatchback is driving from the opposite direction (far) and switching lane.,7.248421,44.335722,0.4000000000000001,False,None,0.0
14,14_scenario_7,A black Jeep is driving ahead (far) of the ego vehicle and switching lane.,5.013869,45.1082,2.46,False,None,0.0
14,14_scenario_8,A white SchoolBus is driving from the opposite direction (far) and switching lane.,13.300774,47.241393,10.64,False,None,0.0
14,14_scenario_9,A black Jeep is overtaking (far) the ego vehicle and maintaining lane.,8.189986,27.467558,5.84,False,None,0.0
14,14_scenario_10,A red Hatchback is crossing the road (near) and switching lane.,1.660036,4.540663,5.0,False,None,0.0
14,14_scenario_11,A red SchoolBus is overtaking (far) the ego vehicle and switching lane.,4.103971,9.988198,2.24,False,None,0.0
14,14_scenario_12,A white Sedan is driving ahead (far) of the ego vehicle and switching lane.,3.086548,5.676055,0.62,False,None,0.0
14,14_scenario_13,A red SUV is driving ahead (far) of the ego vehicle and maintaining lane.,4.039151,36.444761,6.04,False,None,0.0
15,15_scenario_0,A white SchoolBus is driving ahead (near) of the ego vehicle and switching lane.,1.233629,15.731227,6.78,False,None,0.0
15,15_scenario_1,A pink Hatchback is driving ahead (near) of the ego vehicle and switching lane.,1.397295,7.63382,8.66,False,None,0.0
15,15_scenario_2,A pink SUV is crossing the road (far) and switching lane.,5.781359,15.953533,2.56,False,None,0.0
15,15_scenario_3,A yellow Hatchback is overtaking (far) the ego vehicle and switching lane.,1.283608,13.703451,1.06,False,None,0.0
15,15_scenario_4,A white Sedan is driving ahead (far) of the ego vehicle and switching lane.,2.267375,12.912712,2.06,False,None,0.0
15,15_scenario_5,A red Hatchback is driving from the opposite direction (near) and switching lane.,1.521194,12.056679,5.26,False,None,0.0
15,15_scenario_6,A red SUV is overtaking (near) the ego vehicle and maintaining lane.,0.838438,8.867009,2.76,False,None,0.0
15,15_scenario_7,A black SchoolBus is crossing the road (far) and maintaining lane.,2.459621,11.34721,2.68,False,None,0.0
15,15_scenario_8,A black SUV is driving ahead (near) of the ego vehicle and maintaining lane.,0.454883,6.162296,7.579999999999999,False,None,0.0
15,15_scenario_9,A white BoxTruck is overtaking (near) the ego vehicle and switching lane.,3.071247,8.800234,2.9000000000000004,False,None,0.0
15,15_scenario_10,A red Hatchback is crossing the road (near) and switching lane.,1.431509,5.491929,4.26,False,None,0.0
15,15_scenario_11,A black SchoolBus is overtaking (near) the ego vehicle and maintaining lane.,2.683766,6.594442,2.84,False,None,0.0
15,15_scenario_12,A black Jeep is driving ahead (far) of the ego vehicle and switching lane.,3.735216,4.515207,5.78,False,None,0.0
15,15_scenario_13,A red SchoolBus is overtaking (far) the ego vehicle and switching lane.,1.247034,4.663321,4.58,False,None,0.0
15,15_scenario_14,A black SchoolBus is crossing the road (near) and maintaining lane.,3.774613,7.597976,3.94,False,None,0.0
15,15_scenario_15,A pink Hatchback is driving ahead (near) of the ego vehicle and switching lane.,3.29753,11.215028,2.94,False,None,0.0
15,15_scenario_16,A white BoxTruck is overtaking (near) the ego vehicle and switching lane.,3.108816,4.081791,4.5600000000000005,False,None,0.0
16,16_scenario_0,A pink BoxTruck is driving ahead (near) of the ego vehicle and maintaining lane.,100000.0,16.66803,4.98,False,None,0.0
16,16_scenario_1,A skyblue BoxTruck is driving ahead (near) of the ego vehicle and switching lane.,0.631401,10.656235,5.42,False,None,0.0
16,16_scenario_2,A white Jeep is driving ahead (near) of the ego vehicle and maintaining lane.,100000.0,16.81745,6.08,False,None,0.0
16,16_scenario_3,A yellow SUV is overtaking (far) the ego vehicle and switching lane.,100000.0,7.553109,4.859999999999999,False,None,0.0
16,16_scenario_4,A black SUV is driving from the opposite direction (far) and switching lane.,3.16556,9.1772,4.06,False,None,0.0
16,16_scenario_5,A pink Hatchback is driving ahead (near) of the ego vehicle and switching lane.,100000.0,9.991895,7.16,False,None,0.0
16,16_scenario_6,A skyblue SUV is driving from the opposite direction (near) and maintaining lane.,0.685768,11.264359,2.96,False,None,0.0
16,16_scenario_7,A yellow Sedan is overtaking (far) the ego vehicle and maintaining lane.,3.581294,18.380537,0.66,False,None,0.0
16,16_scenario_8,A red BoxTruck is driving ahead (far) of the ego vehicle and switching lane.,5.602316,24.500664,4.96,False,None,0.0
16,16_scenario_9,A white Sedan is driving ahead (far) of the ego vehicle and switching lane.,2.836791,12.956992,6.3,False,None,0.0
16,16_scenario_10,A black Hatchback is overtaking (near) the ego vehicle and switching lane.,1.813229,5.880294,7.56,False,None,0.0
16,16_scenario_11,A white SUV is driving ahead (far) of the ego vehicle and switching lane.,1.538725,2.975498,6.56,False,None,0.0
16,16_scenario_12,A black Jeep is driving ahead (far) of the ego vehicle and switching lane.,4.08613,26.418748,4.8,False,None,0.0
16,16_scenario_13,A pink SUV is overtaking (far) the ego vehicle and maintaining lane.,5.845317,11.623316,3.86,False,None,0.0
16,16_scenario_14,A white BoxTruck is overtaking (far) the ego vehicle and switching lane.,7.685123,4.286853,2.32,False,None,0.0
16,16_scenario_15,A yellow SchoolBus is overtaking (far) the ego vehicle and maintaining lane.,1.306153,6.157913,5.52,False,None,0.0
16,16_scenario_16,A yellow SchoolBus is overtaking (far) the ego vehicle and maintaining lane.,0.706483,8.808059,4.9,False,None,0.0
17,17_scenario_0,A black Hatchback is overtaking (near) the ego vehicle and switching lane.,100000.0,100000.0,6.18,False,None,0.0
17,17_scenario_1,A red SUV is driving ahead (far) of the ego vehicle and maintaining lane.,100000.0,43.507866,2.64,False,None,0.0
17,17_scenario_2,A skyblue Jeep is overtaking (far) the ego vehicle and switching lane.,0.956483,14.306368,6.82,False,None,0.0
17,17_scenario_3,A red BoxTruck is driving ahead (far) of the ego vehicle and maintaining lane.,100000.0,12.939923,3.96,False,None,0.0
17,17_scenario_4,A yellow Jeep is driving from the opposite direction (far) and switching lane.,0.987665,13.443447,14.64,False,None,0.0
17,17_scenario_5,A red SUV is driving ahead (far) of the ego vehicle and maintaining lane.,0.892635,14.538214,5.5200000000000005,False,None,0.0
17,17_scenario_6,A red BoxTruck is driving ahead (far) of the ego vehicle and switching lane.,5.226617,21.990694,0.9599999999999996,False,None,0.0
17,17_scenario_7,A red SchoolBus is overtaking (far) the ego vehicle and switching lane.,6.530138,39.372343,1.9,False,None,0.0
17,17_scenario_8,A white Hatchback is driving ahead (far) of the ego vehicle and switching lane.,15.551115,42.712385,14.06,False,None,0.0
17,17_scenario_9,A skyblue BoxTruck is driving ahead (near) of the ego vehicle and switching lane.,0.796226,11.3945,5.64,False,None,0.0
17,17_scenario_10,A red SUV is driving ahead (far) of the ego vehicle and maintaining lane.,11.681531,15.021948,5.76,False,None,0.0
17,17_scenario_11,A pink SUV is driving from the opposite direction (far) and maintaining lane.,4.413565,31.020222,3.94,False,None,0.0
17,17_scenario_12,A red SchoolBus is overtaking (near) the ego vehicle and switching lane.,6.375949,7.898773,1.7600000000000002,False,None,0.0
17,17_scenario_13,A black Sedan is driving ahead (far) of the ego vehicle and maintaining lane.,2.783415,7.779092,5.32,False,None,0.0
18,18_scenario_0,A yellow Sedan is overtaking (near) the ego vehicle and switching lane.,100000.0,100000.0,5.62,False,None,0.0
18,18_scenario_1,A white Jeep is driving ahead (near) of the ego vehicle and maintaining lane.,0.440276,6.265027,5.94,False,None,0.0
18,18_scenario_2,A pink Jeep is driving ahead (far) of the ego vehicle and maintaining lane.,100000.0,15.156351,4.16,False,None,0.0
18,18_scenario_3,A pink BoxTruck is driving ahead (near) of the ego vehicle and maintaining lane.,100000.0,20.884543,5.02,False,None,0.0
18,18_scenario_4,A white SchoolBus is driving ahead (near) of the ego vehicle and switching lane.,8.469277,28.36973,8.32,False,None,0.0
18,18_scenario_5,A pink Sedan is driving from the opposite direction (far) and maintaining lane.,100000.0,40.154127,9.36,False,None,0.0
18,18_scenario_6,A skyblue BoxTruck is driving ahead (near) of the ego vehicle and switching lane.,2.518603,8.811533,14.84,False,None,0.0
18,18_scenario_7,A yellow SUV is overtaking (far) the ego vehicle and switching lane.,5.076789,14.183669,10.3,False,None,0.0
18,18_scenario_8,A red BoxTruck is driving ahead (far) of the ego vehicle and maintaining lane.,22.036824,20.256708,2.9800000000000004,False,None,0.0
18,18_scenario_9,A yellow SchoolBus is overtaking (far) the ego vehicle and maintaining lane.,10.681321,21.660786,9.48,False,None,0.0
18,18_scenario_10,A yellow SUV is overtaking (near) the ego vehicle and switching lane.,2.202717,5.619099,6.02,False,None,0.0
18,18_scenario_11,A yellow Hatchback is overtaking (near) the ego vehicle and maintaining lane.,3.906468,2.942063,3.42,False,None,0.0
18,18_scenario_12,A pink SUV is crossing the road (far) and switching lane.,0.610261,4.026335,4.12,False,None,0.0
18,18_scenario_13,A black Jeep is driving ahead (near) of the ego vehicle and switching lane.,4.536068,12.29577,1.96,False,None,0.0
18,18_scenario_14,A skyblue BoxTruck is driving ahead (near) of the ego vehicle and switching lane.,3.421311,23.472077,0.36,False,None,0.0
19,19_scenario_0,A skyblue Sedan is overtaking (far) the ego vehicle and switching lane.,100000.0,47.381416,3.94,False,None,0.0
19,19_scenario_1,A yellow Sedan is overtaking (near) the ego vehicle and switching lane.,0.792974,12.588063,0.6199999999999999,False,None,0.0
19,19_scenario_2,A yellow Sedan is overtaking (far) the ego vehicle and maintaining lane.,0.791737,15.239434,5.720000000000001,False,None,0.0
19,19_scenario_3,A red SchoolBus is overtaking (far) the ego vehicle and switching lane.,5.432251,13.761927,3.82,False,None,0.0
19,19_scenario_4,A black Jeep is driving ahead (far) of the ego vehicle and switching lane.,1.290012,15.261018,3.94,False,None,0.0
19,19_scenario_5,A skyblue Jeep is overtaking (far) the ego vehicle and switching lane.,2.674934,24.327722,0.3800000000000001,False,None,0.0
19,19_scenario_6,A white Sedan is driving ahead (far) of the ego vehicle and switching lane.,7.952053,37.725331,1.8,False,None,0.0
19,19_scenario_7,A black Sedan is driving ahead (near) of the ego vehicle and maintaining lane.,0.395913,5.578833,10.06,False,None,0.0
19,19_scenario_8,A pedestrian is crossing the road from right to left.,5.114791,11.960992,7.42,False,None,0.0
19,19_scenario_9,A yellow SchoolBus is overtaking (far) the ego vehicle and maintaining lane.,2.317054,4.553825,5.98,False,None,0.0
19,19_scenario_10,A yellow SUV is overtaking (near) the ego vehicle and switching lane.,3.934693,4.554928,5.98,False,None,0.0
19,19_scenario_11,A black Sedan is driving ahead (near) of the ego vehicle and maintaining lane.,100000.0,4.561219,5.98,False,None,0.0
19,19_scenario_12,A red SchoolBus is overtaking (far) the ego vehicle and switching lane.,281.279703,4.567472,5.98,False,None,0.0
19,19_scenario_13,A red Hatchback is crossing the road (far) and switching lane.,8.434215,4.574016,5.98,False,None,0.0
19,19_scenario_14,A pink BoxTruck is driving ahead (near) of the ego vehicle and maintaining lane.,6.86639,4.580577,5.98,False,None,0.0
