Execution,ScenarioID,Configuration_API_Description,Attribute[TTC],Attribute[DTO],Attribute[Jerk],Attribute[COL],Attribute[COLT],Attribute[SAC]
0,0_scenario_0,A pedestrian is crossing the road from left to right.,100000.0,21.379924,2.38,False,None,0.0
0,0_scenario_1,A red SUV is crossing the road (near) and maintaining lane.,3.202455,9.536819,4.66,False,None,0.0
0,0_scenario_2,A black Hatchback is overtaking (near) the ego vehicle and switching lane.,0.919809,5.60435,6.08,False,None,0.0
0,0_scenario_3,A yellow SUV is overtaking (near) the ego vehicle and switching lane.,1.462769,5.712347,8.719999999999999,False,None,0.0
0,0_scenario_4,A black SchoolBus is crossing the road (far) and maintaining lane.,7.03434,3.794128,1.02,False,None,0.0
0,0_scenario_5,A pink Sedan is driving from the opposite direction (far) and maintaining lane.,2.105715,4.370577,12.64,False,None,0.0
0,0_scenario_6,A yellow Hatchback is overtaking (near) the ego vehicle and maintaining lane.,2.054481,9.35845,15.46,False,None,0.0
0,0_scenario_7,A white Sedan is driving ahead (far) of the ego vehicle and switching lane.,4.694121,11.979769,0.9200000000000002,False,None,0.0
0,0_scenario_8,A skyblue Jeep is overtaking (far) the ego vehicle and switching lane.,11.964245,11.815956,0.7,False,None,0.0
0,0_scenario_9,A red SchoolBus is overtaking (far) the ego vehicle and switching lane.,7.387419,10.231442,4.42,False,None,0.0
0,0_scenario_10,A red SUV is overtaking (near) the ego vehicle and maintaining lane.,12.547903,10.182831,0.58,False,None,0.0
0,0_scenario_11,A skyblue Jeep is overtaking (far) the ego vehicle and switching lane.,16.588505,10.342121,2.34,False,None,0.0
0,0_scenario_12,A pink SchoolBus is crossing the road (near) and switching lane.,5.583741,3.803037,5.260000000000001,False,None,0.0
0,0_scenario_13,A yellow SchoolBus is driving from the opposite direction (near) and switching lane.,1.662993,6.148393,1.1,False,None,0.0
0,0_scenario_14,A black SUV is crossing the road (near) and switching lane.,3.173185,8.529016,1.0,False,None,0.0
0,0_scenario_15,A skyblue SchoolBus is driving ahead (far) of the ego vehicle and switching lane.,9.502044,8.515373,6.44,False,None,0.0
1,1_scenario_0,A white SchoolBus is driving ahead (near) of the ego vehicle and switching lane.,10.32591,15.449349,3.42,False,None,0.0
1,1_scenario_1,A pink Hatchback is driving ahead (near) of the ego vehicle and switching lane.,5.706228,9.972602,5.279999999999999,False,None,0.0
1,1_scenario_2,A black Jeep is overtaking (near) the ego vehicle and maintaining lane.,100000.0,3.505726,2.88,False,None,0.0
1,1_scenario_3,A white Hatchback is driving ahead (far) of the ego vehicle and switching lane.,1.027659,6.493994,4.12,False,None,0.0
1,1_scenario_4,A skyblue BoxTruck is driving ahead (near) of the ego vehicle and switching lane.,4.986795,13.726697,14.6,False,None,0.0
1,1_scenario_5,A white BoxTruck is overtaking (far) the ego vehicle and switching lane.,14.050994,19.444217,1.96,False,None,0.0
1,1_scenario_6,A white Sedan is driving ahead (far) of the ego vehicle and switching lane.,2.214517,19.472719,5.76,False,None,0.0
1,1_scenario_7,A skyblue Hatchback is driving ahead (far) of the ego vehicle and maintaining lane.,2.02531,19.71274,9.5,False,None,0.0
1,1_scenario_8,A pink Jeep is driving ahead (far) of the ego vehicle and maintaining lane.,24.971998,26.350303,1.76,False,None,0.0
1,1_scenario_9,A black SchoolBus is driving ahead (near) of the ego vehicle and maintaining lane.,2.057042,7.882975,11.18,False,None,0.0
1,1_scenario_10,A pedestrian is crossing the road from right to left.,2.520379,4.352148,2.26,False,None,0.0
1,1_scenario_11,A white SUV is driving ahead (far) of the ego vehicle and switching lane.,4.204454,4.012146,7.1,False,None,0.0
1,1_scenario_12,A yellow Sedan is overtaking (far) the ego vehicle and maintaining lane.,5.13192,15.884523,1.2600000000000002,False,None,0.0
1,1_scenario_13,A red BoxTruck is driving from the opposite direction (far) and maintaining lane.,9.163476,10.171278,2.14,False,None,0.0
1,1_scenario_14,A black Hatchback is overtaking (near) the ego vehicle and switching lane.,5.37615,9.626918,5.78,False,None,0.0
1,1_scenario_15,A white Sedan is driving ahead (far) of the ego vehicle and switching lane.,6.13874,9.347324,5.96,False,None,0.0
1,1_scenario_16,A skyblue BoxTruck is driving ahead (near) of the ego vehicle and switching lane.,1.853907,9.094189,3.8,False,None,0.0
1,1_scenario_17,A yellow Sedan is driving from the opposite direction (near) and switching lane.,1.879851,8.990678,1.1,False,None,0.0
1,1_scenario_18,A yellow Sedan is overtaking (far) the ego vehicle and maintaining lane.,5.37901,8.789117,4.8,False,None,0.0
1,1_scenario_19,A black Jeep is driving ahead (near) of the ego vehicle and switching lane.,2.594967,8.751988,6.58,False,None,0.0
2,2_scenario_0,A red BoxTruck is driving ahead (far) of the ego vehicle and switching lane.,100000.0,31.943342,2.3,False,None,0.0
2,2_scenario_1,A black Jeep is overtaking (near) the ego vehicle and maintaining lane.,1.186167,6.950248,4.26,False,None,0.0
2,2_scenario_2,A yellow Hatchback is overtaking (far) the ego vehicle and switching lane.,1.15449,6.755623,16.04,False,None,0.0
2,2_scenario_3,A black SUV is driving from the opposite direction (far) and switching lane.,0.699433,6.743923,3.0,False,None,0.0
2,2_scenario_4,A yellow Hatchback is overtaking (far) the ego vehicle and switching lane.,4.320572,13.889467,0.6399999999999999,False,None,0.0
2,2_scenario_5,A yellow Hatchback is overtaking (near) the ego vehicle and maintaining lane.,19.041476,11.061456,13.18,False,None,0.0
2,2_scenario_6,A yellow BoxTruck is overtaking (far) the ego vehicle and maintaining lane.,3.611966,10.11672,14.420000000000002,False,None,0.0
2,2_scenario_7,A black Sedan is driving ahead (near) of the ego vehicle and maintaining lane.,2.881127,4.86606,2.8200000000000003,False,None,0.0
2,2_scenario_8_npc_vehicle,A pink SUV is overtaking (far) the ego vehicle and maintaining lane.,0.0,4.485313,6.74,True,npc_vehicle,4.996599996315535
3,3_scenario_0,A skyblue Hatchback is driving from the opposite direction (far) and maintaining lane.,4.758077,43.415916,2.4799999999999995,False,None,0.0
3,3_scenario_1,A yellow Hatchback is overtaking (far) the ego vehicle and switching lane.,4.007177,27.237241,3.24,False,None,0.0
3,3_scenario_2,A pink Jeep is driving ahead (far) of the ego vehicle and maintaining lane.,3.267612,13.956603,4.859999999999999,False,None,0.0
3,3_scenario_3,A white SchoolBus is driving ahead (near) of the ego vehicle and switching lane.,6.924482,14.054211,2.26,False,None,0.0
3,3_scenario_4,A pink Jeep is crossing the road (near) and switching lane.,6.919827,9.332236,0.7800000000000002,False,None,0.0
3,3_scenario_5,A pink SchoolBus is crossing the road (near) and switching lane.,10.24504,8.191443,6.0,False,None,0.0
3,3_scenario_6,A yellow Hatchback is overtaking (near) the ego vehicle and maintaining lane.,1.846849,8.144127,9.92,False,None,0.0
3,3_scenario_7,A red BoxTruck is driving ahead (far) of the ego vehicle and maintaining lane.,2.098186,7.794107,4.62,False,None,0.0
3,3_scenario_8,A pink Jeep is driving ahead (far) of the ego vehicle and maintaining lane.,34.918239,8.09303,1.52,False,None,0.0
3,3_scenario_9,A yellow Hatchback is overtaking (far) the ego vehicle and switching lane.,6.592931,7.616834,10.24,False,None,0.0
3,3_scenario_10,A white Jeep is driving ahead (near) of the ego vehicle and maintaining lane.,3.920788,7.591527,6.84,False,None,0.0
3,3_scenario_11,A red SchoolBus is overtaking (far) the ego vehicle and switching lane.,4.773245,8.51864,5.78,False,None,0.0
3,3_scenario_12,A black Jeep is overtaking (far) the ego vehicle and maintaining lane.,5.023697,5.445395,4.92,False,None,0.0
3,3_scenario_13,A red Hatchback is driving from the opposite direction (near) and switching lane.,1.224156,7.219534,5.68,False,None,0.0
3,3_scenario_14,A white BoxTruck is overtaking (far) the ego vehicle and switching lane.,2.625219,8.525206,3.18,False,None,0.0
3,3_scenario_15,A black SchoolBus is overtaking (near) the ego vehicle and maintaining lane.,9.326275,8.511826,1.1,False,None,0.0
3,3_scenario_16,A yellow SUV is overtaking (far) the ego vehicle and switching lane.,12.041763,8.51509,5.42,False,None,0.0
3,3_scenario_17,A red SchoolBus is driving from the opposite direction (near) and maintaining lane.,0.812018,4.363381,6.96,False,None,0.0
4,4_scenario_0,A red BoxTruck is overtaking (near) the ego vehicle and maintaining lane.,100000.0,7.061362,4.78,False,None,0.0
4,4_scenario_1_npc_vehicle,A black Jeep is overtaking (near) the ego vehicle and maintaining lane.,0.0,4.253442,3.5,True,npc_vehicle,4.501339420417809
5,5_scenario_0,A yellow SUV is overtaking (far) the ego vehicle and switching lane.,100000.0,19.000318,1.2199999999999998,False,None,0.0
5,5_scenario_1,A white Jeep is crossing the road (far) and maintaining lane.,2.752597,3.823984,3.74,False,None,0.0
5,5_scenario_2,A black Jeep is overtaking (near) the ego vehicle and maintaining lane.,1.660452,3.447135,8.14,False,None,0.0
5,5_scenario_3,A white Sedan is driving ahead (far) of the ego vehicle and switching lane.,1.720647,3.936449,5.5600000000000005,False,None,0.0
5,5_scenario_4,A yellow Hatchback is crossing the road (near) and maintaining lane.,2.407897,12.105079,2.98,False,None,0.0
5,5_scenario_5,A black Sedan is driving ahead (near) of the ego vehicle and maintaining lane.,6.505866,11.978826,4.2,False,None,0.0
5,5_scenario_6,A red SchoolBus is overtaking (far) the ego vehicle and switching lane.,2.078726,13.298195,13.88,False,None,0.0
5,5_scenario_7,A skyblue Hatchback is driving ahead (far) of the ego vehicle and maintaining lane.,5.094139,14.37555,15.96,False,None,0.0
5,5_scenario_8,A white Jeep is driving ahead (near) of the ego vehicle and maintaining lane.,2.422493,5.358381,0.3999999999999999,False,None,0.0
5,5_scenario_9,A white BoxTruck is overtaking (near) the ego vehicle and switching lane.,1.885165,3.792441,10.9,False,None,0.0
5,5_scenario_10,A yellow Hatchback is overtaking (near) the ego vehicle and maintaining lane.,2.218612,3.869454,5.5200000000000005,False,None,0.0
5,5_scenario_11,A yellow SUV is overtaking (far) the ego vehicle and switching lane.,1.160267,7.968973,8.08,False,None,0.0
5,5_scenario_12,A black SchoolBus is overtaking (near) the ego vehicle and maintaining lane.,1.734718,7.996337,5.52,False,None,0.0
5,5_scenario_13,A pink SchoolBus is crossing the road (near) and switching lane.,2.310219,7.697695,5.48,False,None,0.0
5,5_scenario_14,A yellow Sedan is crossing the road (far) and maintaining lane.,1.887383,15.448326,4.8,False,None,0.0
5,5_scenario_15,A skyblue SchoolBus is driving ahead (far) of the ego vehicle and switching lane.,4.106174,3.961815,3.92,False,None,0.0
5,5_scenario_16,A skyblue SchoolBus is driving ahead (far) of the ego vehicle and switching lane.,1.031958,18.379263,3.16,False,None,0.0
5,5_scenario_17,A black Jeep is overtaking (far) the ego vehicle and maintaining lane.,0.589035,4.581133,3.38,False,None,0.0
5,5_scenario_18,A red SchoolBus is overtaking (near) the ego vehicle and switching lane.,1.073526,11.801548,0.74,False,None,0.0
6,6_scenario_0,A pink BoxTruck is crossing the road (near) and switching lane.,100000.0,15.330267,3.84,False,None,0.0
6,6_scenario_1,A pink BoxTruck is driving ahead (near) of the ego vehicle and maintaining lane.,100000.0,14.124912,0.7199999999999998,False,None,0.0
6,6_scenario_2,A red SchoolBus is driving from the opposite direction (near) and maintaining lane.,100000.0,13.888099,3.08,False,None,0.0
6,6_scenario_3,A black SchoolBus is overtaking (near) the ego vehicle and maintaining lane.,2.151476,21.608263,3.24,False,None,0.0
6,6_scenario_4,A yellow SchoolBus is overtaking (far) the ego vehicle and maintaining lane.,9.874726,29.612614,0.6599999999999999,False,None,0.0
6,6_scenario_5,A black SUV is driving from the opposite direction (far) and switching lane.,2.430927,34.5988,8.98,False,None,0.0
6,6_scenario_6,A white Jeep is crossing the road (far) and maintaining lane.,15.375906,33.521938,1.6,False,None,0.0
6,6_scenario_7,A black SchoolBus is overtaking (near) the ego vehicle and maintaining lane.,9.892615,29.048109,0.6799999999999999,False,None,0.0
6,6_scenario_8,A red SchoolBus is overtaking (far) the ego vehicle and switching lane.,53.963266,26.76308,0.8800000000000001,False,None,0.0
6,6_scenario_9,A white Hatchback is driving ahead (far) of the ego vehicle and switching lane.,17.177284,21.814808,4.84,False,None,0.0
6,6_scenario_10,A yellow Hatchback is overtaking (near) the ego vehicle and maintaining lane.,1.143746,6.752692,0.58,False,None,0.0
6,6_scenario_11,A red SUV is driving ahead (far) of the ego vehicle and maintaining lane.,0.676534,3.597285,11.2,False,None,0.0
6,6_scenario_12,A yellow BoxTruck is overtaking (far) the ego vehicle and maintaining lane.,1.805958,4.210727,5.7,False,None,0.0
6,6_scenario_13,A black Jeep is overtaking (far) the ego vehicle and maintaining lane.,0.710613,4.573506,3.42,False,None,0.0
6,6_scenario_14,A black Jeep is overtaking (near) the ego vehicle and maintaining lane.,0.482076,3.529664,2.06,False,None,0.0
6,6_scenario_15,A yellow SchoolBus is overtaking (far) the ego vehicle and maintaining lane.,1.161589,22.291704,6.12,False,None,0.0
7,7_scenario_0,A red SUV is driving ahead (far) of the ego vehicle and maintaining lane.,100000.0,42.193699,3.08,False,None,0.0
7,7_scenario_1,A red SUV is overtaking (near) the ego vehicle and maintaining lane.,1.111367,7.409572,3.18,False,None,0.0
7,7_scenario_2,A white Sedan is driving ahead (far) of the ego vehicle and switching lane.,1.248589,6.952147,12.02,False,None,0.0
7,7_scenario_3,A pink Sedan is driving from the opposite direction (far) and switching lane.,0.702016,7.976326,3.22,False,None,0.0
7,7_scenario_4,A white BoxTruck is driving from the opposite direction (far) and switching lane.,7.03704,12.048558,1.6,False,None,0.0
7,7_scenario_5,A red SUV is overtaking (near) the ego vehicle and maintaining lane.,29.331855,10.736777,4.24,False,None,0.0
7,7_scenario_6,A black Jeep is driving ahead (far) of the ego vehicle and switching lane.,3.213368,10.502648,10.76,False,None,0.0
7,7_scenario_7,A yellow Hatchback is overtaking (near) the ego vehicle and maintaining lane.,28.137851,13.798607,0.5999999999999999,False,None,0.0
7,7_scenario_8,A white Hatchback is driving ahead (far) of the ego vehicle and switching lane.,59.445971,11.356793,0.7999999999999999,False,None,0.0
7,7_scenario_9_npc_vehicle,A pink Hatchback is driving ahead (near) of the ego vehicle and switching lane.,0.0,2.462661,15.46,True,npc_vehicle,7.146106765003983
8,8_scenario_0,A black SUV is crossing the road (near) and switching lane.,100000.0,15.480806,2.24,False,None,0.0
8,8_scenario_1,A red SchoolBus is overtaking (far) the ego vehicle and switching lane.,100000.0,15.709425,4.0,False,None,0.0
8,8_scenario_2,A pink BoxTruck is driving ahead (near) of the ego vehicle and maintaining lane.,0.902393,9.503613,8.1,False,None,0.0
8,8_scenario_3,A red SchoolBus is overtaking (far) the ego vehicle and switching lane.,0.948444,9.840068,11.24,False,None,0.0
8,8_scenario_4,A skyblue SUV is driving from the opposite direction (near) and maintaining lane.,2.59212,15.143768,5.34,False,None,0.0
8,8_scenario_5,A pink Hatchback is driving from the opposite direction (far) and switching lane.,2.293138,12.734834,5.859999999999999,False,None,0.0
8,8_scenario_6,A red Sedan is overtaking (near) the ego vehicle and maintaining lane.,4.11148,12.56578,10.12,False,None,0.0
8,8_scenario_7,A black Jeep is driving ahead (far) of the ego vehicle and switching lane.,9.233373,16.008582,3.18,False,None,0.0
8,8_scenario_8,A pink Sedan is driving from the opposite direction (far) and maintaining lane.,5.873248,12.884706,0.8599999999999994,False,None,0.0
8,8_scenario_9,A white SUV is driving ahead (far) of the ego vehicle and switching lane.,7.275022,12.749845,3.54,False,None,0.0
8,8_scenario_10,A yellow Hatchback is driving ahead (near) of the ego vehicle and maintaining lane.,2.880622,9.618286,3.4800000000000004,False,None,0.0
8,8_scenario_11,A yellow Hatchback is crossing the road (near) and maintaining lane.,1.897984,12.098749,5.58,False,None,0.0
8,8_scenario_12,A yellow Sedan is driving from the opposite direction (near) and switching lane.,1.190386,4.143897,4.359999999999999,False,None,0.0
8,8_scenario_13,A black Sedan is driving ahead (near) of the ego vehicle and maintaining lane.,1.607763,11.601289,3.4000000000000004,False,None,0.0
8,8_scenario_14,A red SUV is overtaking (near) the ego vehicle and maintaining lane.,16.898095,11.431497,3.64,False,None,0.0
8,8_scenario_15,A white Sedan is driving ahead (far) of the ego vehicle and switching lane.,15.441343,11.334711,1.26,False,None,0.0
8,8_scenario_16,A skyblue Sedan is overtaking (far) the ego vehicle and switching lane.,13.76195,11.18502,0.78,False,None,0.0
8,8_scenario_17,A pink SUV is overtaking (far) the ego vehicle and maintaining lane.,1.137313,11.075275,6.6,False,None,0.0
9,9_scenario_0,A yellow Sedan is crossing the road (far) and maintaining lane.,100000.0,22.611649,2.8,False,None,0.0
9,9_scenario_1,A pink SUV is overtaking (far) the ego vehicle and maintaining lane.,2.350016,19.846726,2.78,False,None,0.0
9,9_scenario_2,A yellow Sedan is driving from the opposite direction (near) and switching lane.,1.597185,9.310465,9.26,False,None,0.0
9,9_scenario_3,A white SUV is driving ahead (far) of the ego vehicle and switching lane.,0.664026,7.477687,8.96,False,None,0.0
9,9_scenario_4,A pink Hatchback is crossing the road (far) and maintaining lane.,4.434983,10.644793,1.12,False,None,0.0
9,9_scenario_5_npc_vehicle,A white Jeep is driving ahead (near) of the ego vehicle and maintaining lane.,0.0,2.982748,10.92,True,npc_vehicle,7.796714460535582
10,10_scenario_0,A skyblue SUV is driving from the opposite direction (near) and maintaining lane.,1.991652,19.746198,1.94,False,None,0.0
10,10_scenario_1,A pink Hatchback is driving ahead (near) of the ego vehicle and switching lane.,1.794707,4.84711,6.54,False,None,0.0
10,10_scenario_2,A pink SUV is overtaking (far) the ego vehicle and maintaining lane.,2.483841,9.644669,2.1,False,None,0.0
10,10_scenario_3,A pink SUV is overtaking (far) the ego vehicle and maintaining lane.,0.785685,6.734965,2.78,False,None,0.0
10,10_scenario_4,A white SchoolBus is driving ahead (far) of the ego vehicle and maintaining lane.,0.719035,6.864705,6.9,False,None,0.0
10,10_scenario_5,A white SchoolBus is crossing the road (far) and switching lane.,4.447029,16.749496,0.7200000000000001,False,None,0.0
10,10_scenario_6,A yellow Hatchback is overtaking (near) the ego vehicle and maintaining lane.,2.078833,14.139416,12.36,False,None,0.0
10,10_scenario_7,A white Hatchback is driving ahead (far) of the ego vehicle and switching lane.,12.154866,9.990198,3.68,False,None,0.0
10,10_scenario_8,A red Hatchback is driving from the opposite direction (near) and switching lane.,2.384723,3.979983,10.42,False,None,0.0
10,10_scenario_9,A yellow Sedan is overtaking (far) the ego vehicle and maintaining lane.,2.750493,5.590972,5.5,False,None,0.0
10,10_scenario_10,A red BoxTruck is overtaking (near) the ego vehicle and maintaining lane.,6.470801,4.966912,0.4599999999999999,False,None,0.0
10,10_scenario_11,A white SchoolBus is driving from the opposite direction (far) and switching lane.,1.376756,5.34628,4.62,False,None,0.0
10,10_scenario_12,A pink Jeep is driving ahead (far) of the ego vehicle and maintaining lane.,2.986392,8.844153,2.54,False,None,0.0
10,10_scenario_13,A skyblue BoxTruck is driving ahead (near) of the ego vehicle and switching lane.,4.487524,8.838291,5.5,False,None,0.0
10,10_scenario_14,A pink BoxTruck is driving ahead (near) of the ego vehicle and maintaining lane.,3.548154,8.845104,5.52,False,None,0.0
10,10_scenario_15,A pink BoxTruck is driving ahead (near) of the ego vehicle and maintaining lane.,3.753763,8.83741,4.24,False,None,0.0
10,10_scenario_16,A pink Sedan is driving from the opposite direction (far) and switching lane.,12.125005,8.846305,0.82,False,None,0.0
10,10_scenario_17,A black Jeep is overtaking (near) the ego vehicle and maintaining lane.,20.395237,8.781039,6.5600000000000005,False,None,0.0
11,11_scenario_0,A yellow SUV is overtaking (near) the ego vehicle and switching lane.,100000.0,8.507301,2.3200000000000003,False,None,0.0
11,11_scenario_1,A black SchoolBus is crossing the road (near) and maintaining lane.,0.764558,5.559589,4.3,False,None,0.0
11,11_scenario_2_npc_vehicle,A pink SchoolBus is crossing the road (near) and switching lane.,0.0,3.936403,0.0,True,npc_vehicle,0.0036145272499299
12,12_scenario_0,A pink Jeep is driving ahead (far) of the ego vehicle and maintaining lane.,100000.0,25.219466,2.66,False,None,0.0
12,12_scenario_1,A skyblue Sedan is overtaking (far) the ego vehicle and switching lane.,2.850891,22.404138,3.92,False,None,0.0
12,12_scenario_2,A yellow Jeep is driving from the opposite direction (far) and switching lane.,2.730697,9.682256,5.4,False,None,0.0
12,12_scenario_3,A red BoxTruck is overtaking (near) the ego vehicle and maintaining lane.,2.047526,10.870421,3.66,False,None,0.0
12,12_scenario_4,A yellow SUV is overtaking (near) the ego vehicle and switching lane.,2.699702,7.639616,0.58,False,None,0.0
12,12_scenario_5,A red BoxTruck is driving ahead (far) of the ego vehicle and switching lane.,18.506714,14.740786,11.64,False,None,0.0
12,12_scenario_6,A white SUV is driving ahead (far) of the ego vehicle and switching lane.,6.253542,14.578656,14.32,False,None,0.0
12,12_scenario_7,A white SchoolBus is driving ahead (near) of the ego vehicle and switching lane.,2.074184,6.744951,15.86,False,None,0.0
12,12_scenario_8,A pink Sedan is driving from the opposite direction (far) and maintaining lane.,1.961856,3.9763,4.540000000000001,False,None,0.0
12,12_scenario_9,A red SchoolBus is overtaking (near) the ego vehicle and switching lane.,3.221982,3.822091,5.539999999999999,False,None,0.0
12,12_scenario_10,A yellow SUV is overtaking (near) the ego vehicle and switching lane.,2.195504,4.159795,4.4,False,None,0.0
12,12_scenario_11,A skyblue SchoolBus is driving ahead (far) of the ego vehicle and switching lane.,3.529168,17.961751,2.62,False,None,0.0
12,12_scenario_12,A red BoxTruck is driving ahead (far) of the ego vehicle and maintaining lane.,8.366194,22.689167,0.32,False,None,0.0
12,12_scenario_13,A skyblue Jeep is overtaking (far) the ego vehicle and switching lane.,5.550728,22.29759,3.4599999999999995,False,None,0.0
12,12_scenario_14,A yellow SUV is overtaking (near) the ego vehicle and switching lane.,0.612422,3.281505,3.82,False,None,0.0
12,12_scenario_15,A white SchoolBus is driving from the opposite direction (far) and switching lane.,1.472018,7.019304,6.02,False,None,0.0
13,13_scenario_0,A black Jeep is driving ahead (far) of the ego vehicle and switching lane.,100000.0,43.779687,3.5400000000000005,False,None,0.0
13,13_scenario_1,A red BoxTruck is overtaking (near) the ego vehicle and maintaining lane.,5.080969,12.420568,3.9,False,None,0.0
13,13_scenario_2,A white Hatchback is overtaking (far) the ego vehicle and maintaining lane.,1.051692,9.778795,5.76,False,None,0.0
13,13_scenario_3,A skyblue SchoolBus is driving ahead (far) of the ego vehicle and switching lane.,0.91273,10.034013,6.34,False,None,0.0
13,13_scenario_4,A red SchoolBus is overtaking (far) the ego vehicle and switching lane.,7.644693,16.253326,0.82,False,None,0.0
13,13_scenario_5,A black Jeep is overtaking (far) the ego vehicle and maintaining lane.,24.747474,13.318395,11.8,False,None,0.0
13,13_scenario_6,A skyblue Sedan is overtaking (far) the ego vehicle and switching lane.,4.580582,14.221562,9.5,False,None,0.0
13,13_scenario_7,A red BoxTruck is overtaking (near) the ego vehicle and maintaining lane.,8.986547,24.563618,0.9,False,None,0.0
13,13_scenario_8_npc_vehicle,A black SUV is driving ahead (near) of the ego vehicle and maintaining lane.,0.0,2.974214,3.3200000000000003,True,npc_vehicle,7.3319007536648835
14,14_scenario_0,A red Hatchback is crossing the road (near) and switching lane.,100000.0,15.628156,2.3,False,None,0.0
14,14_scenario_1,A skyblue Jeep is driving from the opposite direction (far) and maintaining lane.,4.258228,17.639884,3.94,False,None,0.0
14,14_scenario_2,A pink Hatchback is driving from the opposite direction (far) and switching lane.,3.584721,17.048523,9.2,False,None,0.0
14,14_scenario_3,A skyblue Sedan is overtaking (far) the ego vehicle and switching lane.,4.548181,25.67661,3.06,False,None,0.0
14,14_scenario_4,A black SchoolBus is crossing the road (far) and maintaining lane.,7.73229,27.616096,0.6,False,None,0.0
14,14_scenario_5,A black SchoolBus is crossing the road (near) and maintaining lane.,3.889168,18.748366,11.3,False,None,0.0
14,14_scenario_6,A yellow SchoolBus is driving from the opposite direction (near) and switching lane.,1.117267,5.148595,12.28,False,None,0.0
14,14_scenario_7,A black SUV is driving ahead (near) of the ego vehicle and maintaining lane.,1.496449,6.049541,3.3599999999999994,False,None,0.0
14,14_scenario_8,A red BoxTruck is driving ahead (far) of the ego vehicle and switching lane.,2.032547,3.873807,9.48,False,None,0.0
14,14_scenario_9,A pink Hatchback is driving ahead (near) of the ego vehicle and switching lane.,2.254916,3.805642,3.66,False,None,0.0
14,14_scenario_10,A black Jeep is driving ahead (far) of the ego vehicle and switching lane.,5.091799,6.845994,2.08,False,None,0.0
14,14_scenario_11,A black SchoolBus is crossing the road (near) and maintaining lane.,4.989438,10.189061,0.7199999999999999,False,None,0.0
14,14_scenario_12,A white SchoolBus is driving ahead (near) of the ego vehicle and switching lane.,2.114011,3.792942,9.58,False,None,0.0
14,14_scenario_13,A yellow Sedan is overtaking (far) the ego vehicle and maintaining lane.,2.148065,9.747332,4.359999999999999,False,None,0.0
14,14_scenario_14,A white SchoolBus is driving ahead (near) of the ego vehicle and switching lane.,0.73583,4.228294,5.42,False,None,0.0
14,14_scenario_15,A black SUV is driving ahead (near) of the ego vehicle and maintaining lane.,1.709893,11.977707,1.94,False,None,0.0
14,14_scenario_16,A black SchoolBus is overtaking (near) the ego vehicle and maintaining lane.,3.366522,5.424049,2.08,False,None,0.0
14,14_scenario_17,A skyblue SUV is crossing the road (far) and maintaining lane.,0.983125,10.242241,7.0600000000000005,False,None,0.0
15,15_scenario_0,A pink Sedan is driving from the opposite direction (far) and switching lane.,100000.0,44.175344,2.9400000000000004,False,None,0.0
15,15_scenario_1,A white Hatchback is driving ahead (far) of the ego vehicle and switching lane.,100000.0,18.72948,4.22,False,None,0.0
15,15_scenario_2,A yellow Hatchback is overtaking (near) the ego vehicle and maintaining lane.,1.33886,3.270139,5.32,False,None,0.0
15,15_scenario_3,A skyblue SUV is crossing the road (far) and maintaining lane.,2.887087,3.422533,6.84,False,None,0.0
15,15_scenario_4,A black SchoolBus is crossing the road (far) and maintaining lane.,5.466485,10.922485,2.68,False,None,0.0
15,15_scenario_5,A pink Hatchback is driving from the opposite direction (far) and switching lane.,1.76112,15.498674,5.5,False,None,0.0
15,15_scenario_6,A pink BoxTruck is driving ahead (near) of the ego vehicle and maintaining lane.,1.693817,9.852387,2.06,False,None,0.0
15,15_scenario_7,A yellow SchoolBus is overtaking (far) the ego vehicle and maintaining lane.,11.593227,4.120425,14.86,False,None,0.0
15,15_scenario_8,A white BoxTruck is overtaking (far) the ego vehicle and switching lane.,11.094337,3.930697,0.4600000000000001,False,None,0.0
15,15_scenario_9,A black Jeep is overtaking (far) the ego vehicle and maintaining lane.,13.288116,5.708791,0.52,False,None,0.0
15,15_scenario_10,A pink Jeep is driving ahead (far) of the ego vehicle and maintaining lane.,1.599478,7.433315,6.84,False,None,0.0
15,15_scenario_11,A white Sedan is driving ahead (far) of the ego vehicle and switching lane.,2.759435,8.517224,3.88,False,None,0.0
15,15_scenario_12,A yellow Hatchback is driving ahead (near) of the ego vehicle and maintaining lane.,3.909601,8.405344,8.0,False,None,0.0
15,15_scenario_13,A black Jeep is driving ahead (far) of the ego vehicle and switching lane.,2.712681,3.921497,4.88,False,None,0.0
15,15_scenario_14,A white Jeep is driving ahead (near) of the ego vehicle and maintaining lane.,1.98193,4.514194,1.5,False,None,0.0
15,15_scenario_15,A white Sedan is driving ahead (far) of the ego vehicle and switching lane.,2.176026,8.521074,5.0,False,None,0.0
15,15_scenario_16,A white SchoolBus is driving ahead (near) of the ego vehicle and switching lane.,2.784657,8.491082,5.94,False,None,0.0
16,16_scenario_0,A red BoxTruck is driving ahead (far) of the ego vehicle and maintaining lane.,100000.0,27.635672,2.7,False,None,0.0
16,16_scenario_1,A pink SUV is overtaking (far) the ego vehicle and maintaining lane.,3.207867,23.583676,3.68,False,None,0.0
16,16_scenario_2,A black SchoolBus is driving ahead (near) of the ego vehicle and maintaining lane.,0.937379,8.161929,4.96,False,None,0.0
16,16_scenario_3,A yellow SUV is driving from the opposite direction (near) and switching lane.,1.453688,8.368615,7.06,False,None,0.0
16,16_scenario_4,A black Sedan is driving ahead (near) of the ego vehicle and maintaining lane.,1.486175,6.668221,11.94,False,None,0.0
16,16_scenario_5,A yellow SUV is driving from the opposite direction (near) and switching lane.,9.741574,11.134639,5.26,False,None,0.0
16,16_scenario_6,A black SUV is driving from the opposite direction (far) and switching lane.,1.21099,11.133267,5.84,False,None,0.0
16,16_scenario_7,A white BoxTruck is overtaking (far) the ego vehicle and switching lane.,1.336965,11.109985,13.28,False,None,0.0
16,16_scenario_8,A yellow SUV is overtaking (near) the ego vehicle and switching lane.,5.722301,18.61053,3.0,False,None,0.0
16,16_scenario_9,A yellow Sedan is crossing the road (far) and switching lane.,12.669662,23.562399,6.54,False,None,0.0
16,16_scenario_10,A skyblue SUV is driving from the opposite direction (near) and maintaining lane.,2.586325,15.720703,15.06,False,None,0.0
16,16_scenario_11,A white BoxTruck is overtaking (far) the ego vehicle and switching lane.,3.733254,8.367055,2.14,False,None,0.0
16,16_scenario_12,A red SchoolBus is overtaking (far) the ego vehicle and switching lane.,7.533445,4.445215,5.62,False,None,0.0
16,16_scenario_13,A white BoxTruck is overtaking (far) the ego vehicle and switching lane.,1.965047,3.749679,6.460000000000001,False,None,0.0
16,16_scenario_14,A black Sedan is driving ahead (near) of the ego vehicle and maintaining lane.,1.674194,3.913476,4.7,False,None,0.0
16,16_scenario_15,A black Jeep is driving ahead (far) of the ego vehicle and switching lane.,1.973262,7.779198,2.8,False,None,0.0
16,16_scenario_16,A red BoxTruck is driving ahead (far) of the ego vehicle and switching lane.,6.867188,8.929784,6.98,False,None,0.0
16,16_scenario_17,A yellow BoxTruck is overtaking (far) the ego vehicle and maintaining lane.,0.82759,7.175288,7.2,False,None,0.0
17,17_scenario_0,A skyblue Hatchback is driving ahead (far) of the ego vehicle and maintaining lane.,100000.0,43.460975,2.64,False,None,0.0
17,17_scenario_1,A black Hatchback is overtaking (near) the ego vehicle and switching lane.,5.248101,7.146679,4.12,False,None,0.0
17,17_scenario_2,A yellow SchoolBus is overtaking (far) the ego vehicle and maintaining lane.,1.718715,8.330276,6.300000000000001,False,None,0.0
17,17_scenario_3,A white Sedan is driving ahead (far) of the ego vehicle and switching lane.,1.3941,8.034981,4.18,False,None,0.0
17,17_scenario_4,A black SUV is driving from the opposite direction (far) and switching lane.,1.824722,10.464408,5.18,False,None,0.0
17,17_scenario_5,A pink Sedan is driving from the opposite direction (near) and maintaining lane.,1.742383,19.452076,3.76,False,None,0.0
17,17_scenario_6,A black Jeep is overtaking (far) the ego vehicle and maintaining lane.,1.805557,8.306346,12.78,False,None,0.0
17,17_scenario_7,A pink SUV is driving from the opposite direction (far) and maintaining lane.,1.392276,8.671795,1.66,False,None,0.0
17,17_scenario_8,A red SchoolBus is overtaking (far) the ego vehicle and switching lane.,2.904521,32.251039,1.3199999999999998,False,None,0.0
17,17_scenario_9,A white SchoolBus is driving from the opposite direction (far) and switching lane.,5.760839,44.495049,5.239999999999999,False,None,0.0
17,17_scenario_10,A white SUV is driving ahead (far) of the ego vehicle and switching lane.,14.609465,46.766298,5.28,False,None,0.0
17,17_scenario_11,A skyblue Hatchback is driving ahead (far) of the ego vehicle and maintaining lane.,29.174925,42.053125,0.8200000000000001,False,None,0.0
17,17_scenario_12,A black Jeep is driving ahead (far) of the ego vehicle and switching lane.,28.644957,31.691586,5.5600000000000005,False,None,0.0
17,17_scenario_13,A black Jeep is driving ahead (far) of the ego vehicle and switching lane.,10.727962,13.19335,5.78,False,None,0.0
17,17_scenario_14,A skyblue Sedan is driving ahead (near) of the ego vehicle and switching lane.,2.524411,11.760527,4.94,False,None,0.0
18,18_scenario_0,A skyblue Jeep is overtaking (far) the ego vehicle and switching lane.,2.03043,18.021604,1.94,False,None,0.0
18,18_scenario_1,A yellow Hatchback is overtaking (near) the ego vehicle and maintaining lane.,3.303324,3.568741,3.26,False,None,0.0
18,18_scenario_2,A red BoxTruck is driving ahead (far) of the ego vehicle and switching lane.,1.12707,5.52369,2.9000000000000004,False,None,0.0
18,18_scenario_3,A white BoxTruck is overtaking (far) the ego vehicle and switching lane.,3.377879,8.014923,10.18,False,None,0.0
18,18_scenario_4,A yellow Hatchback is overtaking (near) the ego vehicle and maintaining lane.,1.68761,2.907452,4.779999999999999,False,None,0.0
18,18_scenario_5,A white Sedan is driving ahead (far) of the ego vehicle and switching lane.,1.366081,6.816647,15.54,False,None,0.0
18,18_scenario_6,A skyblue SchoolBus is driving ahead (far) of the ego vehicle and switching lane.,1.607668,11.133819,3.5,False,None,0.0
18,18_scenario_7,A black Jeep is overtaking (near) the ego vehicle and maintaining lane.,4.031625,14.976311,3.9,False,None,0.0
18,18_scenario_8,A black SchoolBus is overtaking (near) the ego vehicle and maintaining lane.,2.757866,14.273322,1.2999999999999998,False,None,0.0
18,18_scenario_9,A white SchoolBus is driving ahead (far) of the ego vehicle and maintaining lane.,5.567058,13.506577,0.3800000000000001,False,None,0.0
18,18_scenario_10,A yellow Hatchback is overtaking (near) the ego vehicle and maintaining lane.,16.203005,13.208391,2.7,False,None,0.0
18,18_scenario_11,A red BoxTruck is driving ahead (far) of the ego vehicle and switching lane.,8.583608,12.588841,5.920000000000001,False,None,0.0
18,18_scenario_12,A red SUV is overtaking (near) the ego vehicle and maintaining lane.,10.001667,12.381413,2.88,False,None,0.0
18,18_scenario_13,A skyblue Jeep is overtaking (far) the ego vehicle and switching lane.,23.886229,12.077894,5.24,False,None,0.0
18,18_scenario_14,A black Sedan is driving ahead (near) of the ego vehicle and maintaining lane.,0.631608,4.991991,5.28,False,None,0.0
18,18_scenario_15,A yellow Hatchback is crossing the road (near) and maintaining lane.,3.25055,11.797975,1.12,False,None,0.0
18,18_scenario_16,A red SUV is driving ahead (far) of the ego vehicle and maintaining lane.,1.355675,4.156114,2.0,False,None,0.0
19,19_scenario_0,A white BoxTruck is overtaking (near) the ego vehicle and switching lane.,100000.0,3.753707,4.5,False,None,0.0
19,19_scenario_1,A yellow Hatchback is overtaking (near) the ego vehicle and maintaining lane.,3.457896,3.606662,4.12,False,None,0.0
19,19_scenario_2,A skyblue Hatchback is driving ahead (far) of the ego vehicle and maintaining lane.,0.986933,6.55783,3.66,False,None,0.0
19,19_scenario_3,A white Sedan is driving ahead (far) of the ego vehicle and switching lane.,100000.0,15.930993,0.1200000000000001,False,None,0.0
19,19_scenario_4,A white Jeep is driving ahead (near) of the ego vehicle and maintaining lane.,100000.0,15.038146,0.0,False,None,0.0
19,19_scenario_5,A skyblue SUV is driving from the opposite direction (near) and maintaining lane.,100000.0,19.305332,0.0,False,None,0.0
19,19_scenario_6,A yellow SchoolBus is overtaking (far) the ego vehicle and maintaining lane.,100000.0,19.709341,0.0,False,None,0.0
19,19_scenario_7,A skyblue Hatchback is driving from the opposite direction (far) and maintaining lane.,100000.0,4.940505,0.0,False,None,0.0
19,19_scenario_8,A black Jeep is driving ahead (far) of the ego vehicle and switching lane.,100000.0,4.928042,0.0,False,None,0.0
