Execution,ScenarioID,Configuration_API_Description,Attribute[TTC],Attribute[DTO],Attribute[Jerk],Attribute[COL],Attribute[COLT],Attribute[SAC]
0,0_scenario_0,A red BoxTruck is driving ahead (far) of the ego vehicle and switching lane.,100000.0,50.906978,1.96,False,None,0.0
0,0_scenario_1,A red SchoolBus is driving from the opposite direction (near) and maintaining lane.,6.67572,9.246432,2.3000000000000003,False,None,0.0
0,0_scenario_2,A red Hatchback is driving from the opposite direction (near) and switching lane.,100000.0,9.04104,0.3800000000000001,False,None,0.0
0,0_scenario_3,A pink BoxTruck is driving ahead (near) of the ego vehicle and maintaining lane.,9.055101,8.899925,8.98,False,None,0.0
0,0_scenario_4,A red SchoolBus is overtaking (far) the ego vehicle and switching lane.,100000.0,19.394167,2.52,False,None,0.0
0,0_scenario_5,A pink Hatchback is crossing the road (far) and maintaining lane.,3.19704,3.450924,3.08,False,None,0.0
0,0_scenario_6,A yellow Hatchback is overtaking (far) the ego vehicle and switching lane.,2.457047,6.587304,11.3,False,None,0.0
0,0_scenario_7,A white Sedan is driving ahead (far) of the ego vehicle and switching lane.,2.717316,28.316366,3.48,False,None,0.0
0,0_scenario_8,A yellow Sedan is driving from the opposite direction (near) and switching lane.,2.030407,16.301317,4.72,False,None,0.0
0,0_scenario_9,A red SUV is driving ahead (far) of the ego vehicle and maintaining lane.,2.935864,45.4182,5.44,False,None,0.0
0,0_scenario_10,A red SUV is overtaking (near) the ego vehicle and maintaining lane.,0.538563,3.869714,3.84,False,None,0.0
0,0_scenario_11,A yellow Hatchback is overtaking (near) the ego vehicle and maintaining lane.,0.645883,5.631561,2.8600000000000003,False,None,0.0
0,0_scenario_12,A black SchoolBus is overtaking (near) the ego vehicle and maintaining lane.,0.707133,5.511039,1.08,False,None,0.0
0,0_scenario_13,A red SchoolBus is overtaking (far) the ego vehicle and switching lane.,1.716226,17.927036,5.3,False,None,0.0
1,1_scenario_0,A red SUV is driving ahead (far) of the ego vehicle and maintaining lane.,100000.0,49.931676,4.06,False,None,0.0
1,1_scenario_1,A pink Jeep is driving ahead (far) of the ego vehicle and maintaining lane.,100000.0,49.986826,1.6,False,None,0.0
1,1_scenario_2,A yellow SUV is overtaking (near) the ego vehicle and switching lane.,0.895599,4.472891,5.24,False,None,0.0
1,1_scenario_3,A yellow Sedan is crossing the road (far) and maintaining lane.,100000.0,9.857634,6.56,False,None,0.0
1,1_scenario_4,A yellow SUV is overtaking (far) the ego vehicle and switching lane.,10.510588,32.850085,4.3,False,None,0.0
1,1_scenario_5,A black Jeep is driving ahead (near) of the ego vehicle and switching lane.,4.316083,15.660944,14.04,False,None,0.0
1,1_scenario_6,A white Hatchback is driving ahead (far) of the ego vehicle and switching lane.,21.342029,47.495851,5.28,False,None,0.0
1,1_scenario_7,A pink Hatchback is driving ahead (near) of the ego vehicle and switching lane.,1.254105,6.70444,7.240000000000001,False,None,0.0
1,1_scenario_8,A red SchoolBus is overtaking (far) the ego vehicle and switching lane.,2.313078,11.687269,5.4,False,None,0.0
1,1_scenario_9,A black Jeep is driving ahead (far) of the ego vehicle and switching lane.,4.65302,28.199912,2.1,False,None,0.0
1,1_scenario_10,A black Jeep is driving ahead (near) of the ego vehicle and switching lane.,2.334609,11.651526,4.14,False,None,0.0
1,1_scenario_11,A pedestrian is crossing the road from left to right.,3.404697,28.679831,1.0,False,None,0.0
1,1_scenario_12,A pedestrian is crossing the road from left to right.,7.080367,28.136127,5.7,False,None,0.0
2,2_scenario_0,A pink SUV is overtaking (far) the ego vehicle and maintaining lane.,100000.0,48.109566,4.96,False,None,0.0
2,2_scenario_1,A black SUV is driving from the opposite direction (far) and switching lane.,21.639661,12.383516,6.300000000000001,False,None,0.0
2,2_scenario_2,A red SUV is driving ahead (near) of the ego vehicle and switching lane.,100000.0,9.943537,7.0200000000000005,False,None,0.0
2,2_scenario_3,A yellow SchoolBus is overtaking (far) the ego vehicle and maintaining lane.,100000.0,5.113,6.140000000000001,False,None,0.0
2,2_scenario_4,A yellow Hatchback is driving ahead (near) of the ego vehicle and maintaining lane.,118.603779,5.204321,6.719999999999999,False,None,0.0
2,2_scenario_5,A red SchoolBus is overtaking (far) the ego vehicle and switching lane.,13.472975,5.224307,7.48,False,None,0.0
2,2_scenario_6,A pedestrian is crossing the road from left to right.,5.043712,5.520431,7.0600000000000005,False,None,0.0
2,2_scenario_7,A red BoxTruck is driving from the opposite direction (far) and maintaining lane.,16.537433,6.228927,2.5,False,None,0.0
2,2_scenario_8,A red SUV is driving ahead (far) of the ego vehicle and maintaining lane.,16.086097,6.860026,2.9000000000000004,False,None,0.0
2,2_scenario_9,A white BoxTruck is overtaking (far) the ego vehicle and switching lane.,4.603077,2.438133,4.26,False,None,0.0
2,2_scenario_10,A white SchoolBus is driving ahead (far) of the ego vehicle and maintaining lane.,16.697576,7.412483,3.72,False,None,0.0
2,2_scenario_11,A red SUV is driving ahead (far) of the ego vehicle and maintaining lane.,0.721943,6.833386,9.06,False,None,0.0
2,2_scenario_12,A white Sedan is driving ahead (far) of the ego vehicle and switching lane.,1.243818,10.797548,4.44,False,None,0.0
2,2_scenario_13,A red SUV is overtaking (near) the ego vehicle and maintaining lane.,11.579374,36.828464,4.640000000000001,False,None,0.0
2,2_scenario_14,A pink BoxTruck is driving ahead (near) of the ego vehicle and maintaining lane.,2.870659,12.997343,4.9,False,None,0.0
2,2_scenario_15,A pink SUV is driving from the opposite direction (far) and maintaining lane.,3.421412,27.953086,7.56,False,None,0.0
2,2_scenario_16,A skyblue Sedan is overtaking (far) the ego vehicle and switching lane.,6.218104,6.152453,1.92,False,None,0.0
2,2_scenario_17,A white SchoolBus is driving from the opposite direction (far) and switching lane.,5.888387,3.480128,2.58,False,None,0.0
2,2_scenario_18,A pink Hatchback is driving from the opposite direction (far) and switching lane.,1.582513,11.071717,5.08,False,None,0.0
3,3_scenario_0,A black SchoolBus is driving ahead (near) of the ego vehicle and maintaining lane.,100000.0,15.471725,5.94,False,None,0.0
3,3_scenario_1,A black Jeep is driving ahead (far) of the ego vehicle and switching lane.,17.644179,22.442284,4.66,False,None,0.0
3,3_scenario_2,A skyblue Hatchback is driving from the opposite direction (far) and maintaining lane.,1.360832,5.408511,2.8200000000000003,False,None,0.0
3,3_scenario_3,A white SUV is driving ahead (far) of the ego vehicle and switching lane.,2.94632,15.043965,2.36,False,None,0.0
3,3_scenario_4,A red BoxTruck is driving ahead (far) of the ego vehicle and switching lane.,2.326646,30.464931,4.24,False,None,0.0
3,3_scenario_5,A black Jeep is overtaking (near) the ego vehicle and maintaining lane.,0.920794,7.136419,4.48,False,None,0.0
3,3_scenario_6,A black Jeep is driving ahead (far) of the ego vehicle and switching lane.,0.754833,9.009895,5.0,False,None,0.0
3,3_scenario_7,A red BoxTruck is driving ahead (far) of the ego vehicle and switching lane.,2.117998,7.871626,4.5,False,None,0.0
3,3_scenario_8,A pink BoxTruck is crossing the road (near) and switching lane.,2.321526,13.747002,11.72,False,None,0.0
3,3_scenario_9,A yellow Hatchback is crossing the road (near) and maintaining lane.,1.905586,15.945508,5.18,False,None,0.0
3,3_scenario_10,A pink Jeep is driving ahead (far) of the ego vehicle and maintaining lane.,3.365903,48.051457,5.26,False,None,0.0
3,3_scenario_11,A black Hatchback is overtaking (near) the ego vehicle and switching lane.,2.184819,6.521892,3.84,False,None,0.0
3,3_scenario_12,A yellow SUV is driving from the opposite direction (near) and switching lane.,1.850399,20.811109,0.86,False,None,0.0
3,3_scenario_13,A pink SUV is overtaking (far) the ego vehicle and maintaining lane.,2.316815,9.085109,4.82,False,None,0.0
3,3_scenario_14,A yellow Sedan is crossing the road (far) and maintaining lane.,0.650737,6.863038,7.0600000000000005,False,None,0.0
4,4_scenario_0,A black Jeep is driving ahead (far) of the ego vehicle and switching lane.,100000.0,50.640495,3.2,False,None,0.0
4,4_scenario_1,A red BoxTruck is driving ahead (far) of the ego vehicle and maintaining lane.,100000.0,50.597956,2.06,False,None,0.0
4,4_scenario_2,A red SchoolBus is overtaking (near) the ego vehicle and switching lane.,1.937958,26.730866,0.72,False,None,0.0
4,4_scenario_3,A pink Jeep is driving ahead (far) of the ego vehicle and maintaining lane.,2.286623,6.564897,3.3800000000000003,False,None,0.0
4,4_scenario_4,A skyblue Hatchback is driving ahead (far) of the ego vehicle and maintaining lane.,10.986703,19.856453,3.68,False,None,0.0
4,4_scenario_5,A red SUV is driving ahead (far) of the ego vehicle and maintaining lane.,100000.0,22.766104,7.24,False,None,0.0
4,4_scenario_6,A red SchoolBus is overtaking (near) the ego vehicle and switching lane.,1.632054,15.439511,5.16,False,None,0.0
4,4_scenario_7,A yellow Sedan is overtaking (near) the ego vehicle and switching lane.,100000.0,38.632267,4.18,False,None,0.0
4,4_scenario_8,A red BoxTruck is driving ahead (far) of the ego vehicle and switching lane.,8.708742,48.069628,4.68,False,None,0.0
4,4_scenario_9,A red SUV is driving ahead (far) of the ego vehicle and maintaining lane.,8.603349,49.143983,4.4,False,None,0.0
4,4_scenario_10,A yellow Sedan is overtaking (far) the ego vehicle and maintaining lane.,0.557299,4.171716,1.0,False,None,0.0
4,4_scenario_11,A white SchoolBus is driving ahead (near) of the ego vehicle and switching lane.,1.016516,30.200316,6.02,False,None,0.0
5,5_scenario_0,A skyblue Jeep is overtaking (far) the ego vehicle and switching lane.,100000.0,48.335482,6.74,False,None,0.0
5,5_scenario_1,A black SchoolBus is overtaking (near) the ego vehicle and maintaining lane.,2.362727,14.659138,2.28,False,None,0.0
5,5_scenario_2,A black Hatchback is overtaking (near) the ego vehicle and switching lane.,100000.0,12.453022,0.5,False,None,0.0
5,5_scenario_3,A white BoxTruck is overtaking (far) the ego vehicle and switching lane.,27.264449,18.121801,0.62,False,None,0.0
5,5_scenario_4,A skyblue SchoolBus is driving ahead (far) of the ego vehicle and switching lane.,177.511774,18.413418,8.5,False,None,0.0
5,5_scenario_5,A white SUV is driving ahead (far) of the ego vehicle and switching lane.,1.030118,10.936358,15.5,False,None,0.0
5,5_scenario_6,A black SchoolBus is overtaking (near) the ego vehicle and maintaining lane.,0.913107,8.785607,3.06,False,None,0.0
5,5_scenario_7,A black Jeep is driving ahead (far) of the ego vehicle and switching lane.,8.76176,31.21998,5.44,False,None,0.0
5,5_scenario_8,A white BoxTruck is overtaking (far) the ego vehicle and switching lane.,8.432482,11.638454,3.94,False,None,0.0
5,5_scenario_9,A red SchoolBus is overtaking (far) the ego vehicle and switching lane.,1.822571,4.488979,2.22,False,None,0.0
5,5_scenario_10,A black Jeep is driving ahead (near) of the ego vehicle and switching lane.,2.241297,11.262904,1.02,False,None,0.0
5,5_scenario_11,A white Jeep is driving ahead (near) of the ego vehicle and maintaining lane.,2.306251,11.081442,6.52,False,None,0.0
6,6_scenario_0,A white SUV is driving ahead (far) of the ego vehicle and switching lane.,100000.0,51.22926,4.680000000000001,False,None,0.0
6,6_scenario_1,A pink Sedan is driving from the opposite direction (far) and switching lane.,100000.0,11.167444,2.88,False,None,0.0
6,6_scenario_2,A black SchoolBus is driving ahead (near) of the ego vehicle and maintaining lane.,2.668029,10.7212,7.120000000000001,False,None,0.0
6,6_scenario_3,A white Sedan is driving ahead (far) of the ego vehicle and switching lane.,100000.0,22.07869,2.4599999999999995,False,None,0.0
6,6_scenario_4,A pink BoxTruck is driving ahead (near) of the ego vehicle and maintaining lane.,3.079064,8.913232,13.66,False,None,0.0
6,6_scenario_5,A red SchoolBus is driving from the opposite direction (near) and maintaining lane.,2.519907,22.492084,4.78,False,None,0.0
6,6_scenario_6,A skyblue Hatchback is driving ahead (far) of the ego vehicle and maintaining lane.,100000.0,13.867531,4.84,False,None,0.0
6,6_scenario_7,A red BoxTruck is driving ahead (far) of the ego vehicle and maintaining lane.,100000.0,8.23547,3.64,False,None,0.0
6,6_scenario_8,A yellow SUV is overtaking (near) the ego vehicle and switching lane.,100000.0,7.890239,5.76,False,None,0.0
6,6_scenario_9,A skyblue Jeep is driving from the opposite direction (far) and maintaining lane.,8.078329,3.676586,5.82,False,None,0.0
6,6_scenario_10,A yellow Sedan is crossing the road (far) and switching lane.,3.029697,10.280444,4.88,False,None,0.0
6,6_scenario_11,A black Jeep is driving ahead (far) of the ego vehicle and switching lane.,1.892325,4.899226,6.359999999999999,False,None,0.0
6,6_scenario_12,A white Jeep is driving ahead (near) of the ego vehicle and maintaining lane.,5.897869,8.366592,11.06,False,None,0.0
6,6_scenario_13,A black SchoolBus is overtaking (near) the ego vehicle and maintaining lane.,3.145495,8.51225,3.3,False,None,0.0
6,6_scenario_14,A white SchoolBus is driving ahead (far) of the ego vehicle and maintaining lane.,5.602415,9.039105,4.54,False,None,0.0
6,6_scenario_15,A red BoxTruck is driving ahead (far) of the ego vehicle and maintaining lane.,4.438369,12.878946,5.18,False,None,0.0
6,6_scenario_16,A black SchoolBus is crossing the road (far) and maintaining lane.,1.828466,4.3678,2.14,False,None,0.0
6,6_scenario_17,A red SchoolBus is overtaking (far) the ego vehicle and switching lane.,2.167516,15.136616,1.78,False,None,0.0
6,6_scenario_18,A white BoxTruck is overtaking (far) the ego vehicle and switching lane.,2.117525,4.151021,6.0,False,None,0.0
7,7_scenario_0,A black Jeep is overtaking (near) the ego vehicle and maintaining lane.,100000.0,4.150101,11.08,False,None,0.0
7,7_scenario_1,A pedestrian is crossing the road from left to right.,100000.0,8.94677,8.8,False,None,0.0
7,7_scenario_2,A white BoxTruck is driving from the opposite direction (far) and switching lane.,100000.0,7.150065,8.32,False,None,0.0
7,7_scenario_3_pedestrian,A yellow Sedan is crossing the road (far) and maintaining lane.,0.0,2.747558,8.0,True,pedestrian,0.5119552882467692
8,8_scenario_0,A skyblue Jeep is overtaking (far) the ego vehicle and switching lane.,2.129892,42.684419,3.2,False,None,0.0
8,8_scenario_1,A skyblue Hatchback is driving from the opposite direction (far) and maintaining lane.,2.078459,6.131454,5.64,False,None,0.0
8,8_scenario_2,A pink Sedan is driving from the opposite direction (near) and maintaining lane.,0.962588,4.922029,0.48,False,None,0.0
8,8_scenario_3,A white SchoolBus is driving ahead (near) of the ego vehicle and switching lane.,43.437869,8.510659,6.12,False,None,0.0
8,8_scenario_4,A skyblue Sedan is overtaking (far) the ego vehicle and switching lane.,3.512385,8.860572,9.88,False,None,0.0
8,8_scenario_5,A skyblue BoxTruck is driving ahead (near) of the ego vehicle and switching lane.,1.784461,9.385475,8.86,False,None,0.0
8,8_scenario_6,A yellow Sedan is overtaking (near) the ego vehicle and switching lane.,1.607797,22.046052,4.38,False,None,0.0
8,8_scenario_7,A skyblue BoxTruck is driving ahead (near) of the ego vehicle and switching lane.,5.559242,12.283107,6.52,False,None,0.0
8,8_scenario_8,A white SchoolBus is driving from the opposite direction (far) and switching lane.,3.46936,22.379884,5.64,False,None,0.0
8,8_scenario_9,A red Hatchback is driving from the opposite direction (near) and switching lane.,1.866025,20.62458,2.5,False,None,0.0
8,8_scenario_10,A white SchoolBus is driving ahead (far) of the ego vehicle and maintaining lane.,6.965228,58.472843,0.8200000000000001,False,None,0.0
8,8_scenario_11,A yellow Sedan is driving from the opposite direction (near) and switching lane.,2.144063,21.141938,4.72,False,None,0.0
9,9_scenario_0,A pink SchoolBus is driving from the opposite direction (far) and maintaining lane.,100000.0,8.265968,3.92,False,None,0.0
9,9_scenario_1,A yellow Sedan is overtaking (near) the ego vehicle and switching lane.,2.024117,9.94849,4.16,False,None,0.0
9,9_scenario_2,A white SchoolBus is driving ahead (near) of the ego vehicle and switching lane.,6.343569,3.366528,8.92,False,None,0.0
9,9_scenario_3,A black SchoolBus is crossing the road (far) and maintaining lane.,19.194706,3.04401,4.26,False,None,0.0
9,9_scenario_4,A pink Sedan is driving from the opposite direction (far) and switching lane.,55.357966,3.387285,5.4,False,None,0.0
9,9_scenario_5,A white BoxTruck is overtaking (near) the ego vehicle and switching lane.,2.701819,7.234204,4.580000000000001,False,None,0.0
9,9_scenario_6,A pink SUV is overtaking (far) the ego vehicle and maintaining lane.,2.908044,12.639402,10.66,False,None,0.0
9,9_scenario_7,A red SUV is crossing the road (near) and maintaining lane.,2.37758,15.02672,2.5,False,None,0.0
9,9_scenario_8,A black Jeep is overtaking (near) the ego vehicle and maintaining lane.,1.04776,4.759322,4.739999999999999,False,None,0.0
9,9_scenario_9,A pink Jeep is driving ahead (far) of the ego vehicle and maintaining lane.,7.776282,8.677478,4.88,False,None,0.0
9,9_scenario_10,A red SUV is crossing the road (near) and maintaining lane.,1.241492,3.961663,1.58,False,None,0.0
9,9_scenario_11,A white Sedan is driving ahead (far) of the ego vehicle and switching lane.,2.578737,15.015449,5.96,False,None,0.0
10,10_scenario_0,A white Hatchback is overtaking (far) the ego vehicle and maintaining lane.,100000.0,48.442327,4.34,False,None,0.0
10,10_scenario_1,A yellow BoxTruck is overtaking (far) the ego vehicle and maintaining lane.,72.375598,42.804007,7.54,False,None,0.0
10,10_scenario_2,A yellow Hatchback is driving ahead (near) of the ego vehicle and maintaining lane.,100000.0,5.704061,0.3799999999999999,False,None,0.0
10,10_scenario_3,A yellow SchoolBus is overtaking (far) the ego vehicle and maintaining lane.,100000.0,36.254626,0.4400000000000001,False,None,0.0
10,10_scenario_4,A red Sedan is overtaking (near) the ego vehicle and maintaining lane.,100000.0,12.105414,10.06,False,None,0.0
10,10_scenario_5,A red SchoolBus is overtaking (far) the ego vehicle and switching lane.,1.448898,12.6812,7.2,False,None,0.0
10,10_scenario_6,A skyblue Hatchback is driving ahead (far) of the ego vehicle and maintaining lane.,2.832234,14.783417,3.48,False,None,0.0
10,10_scenario_7_npc_vehicle,A white Jeep is driving ahead (near) of the ego vehicle and maintaining lane.,0.0,4.647857,9.48,True,npc_vehicle,1.878198303859323
11,11_scenario_0,A red SchoolBus is overtaking (far) the ego vehicle and switching lane.,2.104345,42.214824,2.08,False,None,0.0
11,11_scenario_1,A pedestrian is crossing the road from right to left.,2.073517,2.736639,6.18,False,None,0.0
11,11_scenario_2_pedestrian,A yellow Hatchback is driving ahead (near) of the ego vehicle and maintaining lane.,0.0,1.599335,14.3,True,pedestrian,9.84623233541879
12,12_scenario_0,A yellow SUV is overtaking (far) the ego vehicle and switching lane.,2.008848,38.077184,3.16,False,None,0.0
12,12_scenario_1,A black Sedan is driving ahead (near) of the ego vehicle and maintaining lane.,0.667626,6.471986,8.76,False,None,0.0
12,12_scenario_2,A white Jeep is driving ahead (near) of the ego vehicle and maintaining lane.,100000.0,6.800149,1.82,False,None,0.0
12,12_scenario_3,A pink Jeep is driving ahead (far) of the ego vehicle and maintaining lane.,100000.0,6.950051,5.699999999999999,False,None,0.0
12,12_scenario_4,A black Sedan is driving ahead (far) of the ego vehicle and maintaining lane.,100000.0,6.963357,2.92,False,None,0.0
12,12_scenario_5,A pink Jeep is driving ahead (far) of the ego vehicle and maintaining lane.,17.752926,6.935348,6.059999999999999,False,None,0.0
12,12_scenario_6,A skyblue SchoolBus is driving ahead (far) of the ego vehicle and switching lane.,11.774846,6.845488,6.32,False,None,0.0
12,12_scenario_7,A yellow SUV is overtaking (near) the ego vehicle and switching lane.,7.470992,6.625451,6.0600000000000005,False,None,0.0
12,12_scenario_8,A yellow Sedan is crossing the road (far) and maintaining lane.,4.112397,3.140231,2.84,False,None,0.0
12,12_scenario_9,A white SUV is driving ahead (far) of the ego vehicle and switching lane.,2.163415,7.878941,10.1,False,None,0.0
12,12_scenario_10,A white SchoolBus is driving ahead (near) of the ego vehicle and switching lane.,1.383305,10.670252,10.94,False,None,0.0
12,12_scenario_11,A skyblue Sedan is overtaking (far) the ego vehicle and switching lane.,5.593684,19.446406,2.78,False,None,0.0
12,12_scenario_12,A yellow SchoolBus is overtaking (far) the ego vehicle and maintaining lane.,5.99613,29.795613,3.34,False,None,0.0
12,12_scenario_13,A red Hatchback is crossing the road (near) and switching lane.,1.797419,16.229276,5.119999999999999,False,None,0.0
12,12_scenario_14,A skyblue Sedan is driving ahead (near) of the ego vehicle and switching lane.,2.422023,4.402567,2.3600000000000003,False,None,0.0
12,12_scenario_15,A black SchoolBus is overtaking (near) the ego vehicle and maintaining lane.,1.333601,3.016249,0.8799999999999999,False,None,0.0
12,12_scenario_16,A white Sedan is driving ahead (far) of the ego vehicle and switching lane.,1.809852,3.145755,1.3,False,None,0.0
12,12_scenario_17,A yellow Hatchback is overtaking (near) the ego vehicle and maintaining lane.,2.542372,5.019458,6.46,False,None,0.0
12,12_scenario_18,A pedestrian is crossing the road from right to left.,100000.0,5.732967,7.02,False,None,0.0
12,12_scenario_19,A pink Sedan is driving from the opposite direction (far) and maintaining lane.,6.469719,5.740961,6.94,False,None,0.0
13,13_scenario_0,A skyblue Jeep is overtaking (far) the ego vehicle and switching lane.,100000.0,26.75592,0.0,False,None,0.0
13,13_scenario_1,A yellow Hatchback is overtaking (near) the ego vehicle and maintaining lane.,100000.0,8.453657,0.0,False,None,0.0
13,13_scenario_2,A skyblue Hatchback is driving ahead (far) of the ego vehicle and maintaining lane.,100000.0,8.449829,0.0,False,None,0.0
13,13_scenario_3,A pink Hatchback is driving from the opposite direction (far) and switching lane.,100000.0,8.449829,0.0,False,None,0.0
13,13_scenario_4,A skyblue Jeep is overtaking (far) the ego vehicle and switching lane.,100000.0,8.449829,0.0,False,None,0.0
14,14_scenario_0,A pink Jeep is driving ahead (far) of the ego vehicle and maintaining lane.,100000.0,50.624724,0.0,False,None,0.0
14,14_scenario_1,A pink SchoolBus is crossing the road (near) and switching lane.,100000.0,11.663383,0.0,False,None,0.0
14,14_scenario_2,A black Jeep is overtaking (far) the ego vehicle and maintaining lane.,100000.0,26.828886,0.0,False,None,0.0
14,14_scenario_3,A yellow Sedan is overtaking (near) the ego vehicle and switching lane.,100000.0,3.683234,0.0,False,None,0.0
14,14_scenario_4,A pink SchoolBus is driving from the opposite direction (far) and maintaining lane.,100000.0,8.169471,0.0,False,None,0.0
15,15_scenario_0,A yellow SchoolBus is overtaking (far) the ego vehicle and maintaining lane.,100000.0,35.045174,0.02,False,None,0.0
15,15_scenario_1,A red SUV is driving ahead (near) of the ego vehicle and switching lane.,100000.0,3.896881,0.0,False,None,0.0
15,15_scenario_2,A black Jeep is overtaking (far) the ego vehicle and maintaining lane.,100000.0,5.068681,0.0,False,None,0.0
15,15_scenario_3,A black SchoolBus is overtaking (near) the ego vehicle and maintaining lane.,100000.0,5.062394,0.0,False,None,0.0
15,15_scenario_4,A yellow Sedan is driving from the opposite direction (near) and switching lane.,100000.0,3.90235,0.0,False,None,0.0
16,16_scenario_0,A red BoxTruck is driving ahead (far) of the ego vehicle and maintaining lane.,3.550939,50.644153,3.38,False,None,0.0
16,16_scenario_1,A skyblue BoxTruck is driving ahead (near) of the ego vehicle and switching lane.,2.401947,12.794705,11.28,False,None,0.0
16,16_scenario_2,A black Sedan is driving ahead (near) of the ego vehicle and maintaining lane.,3.652032,19.678717,5.8,False,None,0.0
16,16_scenario_3,A black Jeep is overtaking (far) the ego vehicle and maintaining lane.,3.698747,24.512713,2.98,False,None,0.0
16,16_scenario_4,A yellow Hatchback is driving ahead (near) of the ego vehicle and maintaining lane.,4.046206,5.583263,10.56,False,None,0.0
16,16_scenario_5,A skyblue SchoolBus is driving ahead (far) of the ego vehicle and switching lane.,0.938987,10.689043,2.44,False,None,0.0
16,16_scenario_6,A red BoxTruck is overtaking (near) the ego vehicle and maintaining lane.,0.94571,11.375184,8.58,False,None,0.0
16,16_scenario_7,A skyblue Hatchback is driving from the opposite direction (far) and maintaining lane.,4.67436,18.870251,4.26,False,None,0.0
16,16_scenario_8,A skyblue SUV is crossing the road (far) and maintaining lane.,3.504003,9.674867,5.06,False,None,0.0
16,16_scenario_9,A red SchoolBus is overtaking (near) the ego vehicle and switching lane.,1.2279,4.08225,3.2,False,None,0.0
16,16_scenario_10,A black Jeep is driving ahead (near) of the ego vehicle and switching lane.,2.097996,8.530036,2.02,False,None,0.0
16,16_scenario_11,A pink BoxTruck is driving ahead (near) of the ego vehicle and maintaining lane.,2.683403,8.466789,0.8800000000000001,False,None,0.0
16,16_scenario_12,A white BoxTruck is overtaking (near) the ego vehicle and switching lane.,4.508951,8.463577,6.82,False,None,0.0
17,17_scenario_0,A yellow Hatchback is driving ahead (near) of the ego vehicle and maintaining lane.,100000.0,13.641937,4.26,False,None,0.0
17,17_scenario_1,A skyblue Sedan is driving ahead (near) of the ego vehicle and switching lane.,1.299906,7.288272,9.72,False,None,0.0
17,17_scenario_2,A black Jeep is driving ahead (far) of the ego vehicle and switching lane.,100000.0,17.065125,5.959999999999999,False,None,0.0
17,17_scenario_3,A yellow Sedan is crossing the road (far) and maintaining lane.,9.079073,30.684876,0.8400000000000001,False,None,0.0
17,17_scenario_4,A yellow Hatchback is overtaking (far) the ego vehicle and switching lane.,2.331924,33.697191,1.52,False,None,0.0
17,17_scenario_5,A yellow Sedan is driving from the opposite direction (near) and switching lane.,2.176762,3.316879,12.12,False,None,0.0
17,17_scenario_6,A red BoxTruck is driving from the opposite direction (near) and maintaining lane.,2.263257,6.434283,8.3,False,None,0.0
17,17_scenario_7,A yellow Jeep is driving from the opposite direction (far) and switching lane.,2.821233,26.729474,9.18,False,None,0.0
17,17_scenario_8,A yellow Sedan is crossing the road (far) and maintaining lane.,4.037046,33.664718,5.6,False,None,0.0
17,17_scenario_9,A yellow BoxTruck is overtaking (far) the ego vehicle and maintaining lane.,4.661479,44.668063,4.48,False,None,0.0
17,17_scenario_10,A skyblue SchoolBus is driving ahead (far) of the ego vehicle and switching lane.,7.49679,49.366343,4.48,False,None,0.0
17,17_scenario_11,A pink Jeep is driving ahead (far) of the ego vehicle and maintaining lane.,7.553829,50.413593,2.42,False,None,0.0
17,17_scenario_12,A black Sedan is driving ahead (near) of the ego vehicle and maintaining lane.,2.540399,12.636592,1.28,False,None,0.0
17,17_scenario_13,A black SUV is driving from the opposite direction (far) and switching lane.,2.687568,24.202096,6.98,False,None,0.0
18,18_scenario_0,A skyblue BoxTruck is driving ahead (near) of the ego vehicle and switching lane.,100000.0,15.797426,2.88,False,None,0.0
18,18_scenario_1,A red Hatchback is crossing the road (near) and switching lane.,24.972156,12.173951,1.34,False,None,0.0
18,18_scenario_2,A skyblue SUV is crossing the road (far) and maintaining lane.,8.874116,28.477931,0.68,False,None,0.0
18,18_scenario_3,A yellow Hatchback is crossing the road (near) and maintaining lane.,34.674232,10.540374,6.2,False,None,0.0
18,18_scenario_4,A black Sedan is driving ahead (near) of the ego vehicle and maintaining lane.,5.689649,27.444199,11.08,False,None,0.0
18,18_scenario_5,A red BoxTruck is driving ahead (far) of the ego vehicle and switching lane.,1.07064,13.247986,12.74,False,None,0.0
18,18_scenario_6,A pink BoxTruck is driving ahead (near) of the ego vehicle and maintaining lane.,1.035141,10.083792,7.140000000000001,False,None,0.0
18,18_scenario_7,A white SchoolBus is driving ahead (far) of the ego vehicle and maintaining lane.,2.176665,10.648529,5.54,False,None,0.0
18,18_scenario_8,A skyblue Jeep is overtaking (far) the ego vehicle and switching lane.,4.955317,25.277719,3.3200000000000003,False,None,0.0
18,18_scenario_9,A pink Jeep is driving ahead (far) of the ego vehicle and maintaining lane.,6.498054,40.7831,3.98,False,None,0.0
18,18_scenario_10,A red BoxTruck is overtaking (near) the ego vehicle and maintaining lane.,7.325557,10.462094,1.3,False,None,0.0
18,18_scenario_11,A black Jeep is overtaking (far) the ego vehicle and maintaining lane.,0.439956,4.296325,2.5,False,None,0.0
18,18_scenario_12,A red SchoolBus is driving from the opposite direction (near) and maintaining lane.,1.407743,9.560421,5.98,False,None,0.0
19,19_scenario_0,A skyblue Sedan is driving ahead (near) of the ego vehicle and switching lane.,1.252876,12.384365,5.04,False,None,0.0
19,19_scenario_1,A yellow Sedan is crossing the road (far) and switching lane.,1.277518,18.747409,10.079999999999998,False,None,0.0
19,19_scenario_2,A pink Jeep is driving ahead (far) of the ego vehicle and maintaining lane.,100000.0,5.761359,6.039999999999999,False,None,0.0
19,19_scenario_3,A pink SUV is overtaking (far) the ego vehicle and maintaining lane.,1.76366,9.814928,2.52,False,None,0.0
19,19_scenario_4,A pink Jeep is driving ahead (far) of the ego vehicle and maintaining lane.,9.772916,9.667279,6.02,False,None,0.0
19,19_scenario_5,A white Sedan is driving ahead (far) of the ego vehicle and switching lane.,1.831779,14.774615,5.94,False,None,0.0
19,19_scenario_6,A skyblue Hatchback is driving ahead (far) of the ego vehicle and maintaining lane.,0.775546,6.110247,7.52,False,None,0.0
19,19_scenario_7,A red Hatchback is driving from the opposite direction (near) and switching lane.,1.948786,15.876315,3.86,False,None,0.0
19,19_scenario_8,A skyblue BoxTruck is driving ahead (near) of the ego vehicle and switching lane.,2.983392,13.564772,3.56,False,None,0.0
19,19_scenario_9,A black Hatchback is overtaking (near) the ego vehicle and switching lane.,4.395804,4.232791,3.9,False,None,0.0
19,19_scenario_10,A white Sedan is driving ahead (far) of the ego vehicle and switching lane.,1.282941,10.483394,2.72,False,None,0.0
19,19_scenario_11,A red SchoolBus is overtaking (far) the ego vehicle and switching lane.,0.943134,4.01761,2.3,False,None,0.0
19,19_scenario_12,A red BoxTruck is overtaking (near) the ego vehicle and maintaining lane.,1.641628,6.739383,6.76,False,None,0.0
19,19_scenario_13,A black SchoolBus is crossing the road (far) and maintaining lane.,4.360286,11.091271,7.0600000000000005,False,None,0.0
