Execution,ScenarioID,Configuration_API_Description,Attribute[TTC],Attribute[DTO],Attribute[Jerk],Attribute[COL],Attribute[COLT],Attribute[SAC]
0,0_scenario_0,A black Jeep is driving ahead (far) of the ego vehicle and switching lane.,100000.0,51.172798,0.0,False,None,0.0
0,0_scenario_1,A black SchoolBus is crossing the road (far) and maintaining lane.,100000.0,32.497824,0.0,False,None,0.0
0,0_scenario_2,A yellow Hatchback is driving ahead (near) of the ego vehicle and maintaining lane.,100000.0,13.715019,0.0,False,None,0.0
0,0_scenario_3,A pink SchoolBus is driving from the opposite direction (far) and maintaining lane.,100000.0,8.834548,0.0,False,None,0.0
0,0_scenario_4,A black Sedan is driving ahead (near) of the ego vehicle and maintaining lane.,100000.0,3.640267,0.0,False,None,0.0
0,0_scenario_5,A black SUV is crossing the road (near) and switching lane.,100000.0,11.705857,0.0,False,None,0.0
0,0_scenario_6,A red BoxTruck is driving ahead (far) of the ego vehicle and maintaining lane.,100000.0,39.899103,0.0,False,None,0.0
1,1_scenario_0,A pink Jeep is driving ahead (far) of the ego vehicle and maintaining lane.,100000.0,50.521728,0.0,False,None,0.0
1,1_scenario_1,A red SUV is overtaking (near) the ego vehicle and maintaining lane.,100000.0,8.805437,0.0,False,None,0.0
1,1_scenario_2,A black Sedan is driving ahead (far) of the ego vehicle and maintaining lane.,100000.0,8.804064,0.0,False,None,0.0
1,1_scenario_3,A white Jeep is crossing the road (far) and maintaining lane.,5.875596,8.804064,0.0,False,None,0.0
1,1_scenario_4,A red SUV is overtaking (near) the ego vehicle and maintaining lane.,100000.0,8.804064,0.0,False,None,0.0
2,2_scenario_0,A skyblue Hatchback is driving ahead (far) of the ego vehicle and maintaining lane.,4.499058,50.572748,4.2,False,None,0.0
2,2_scenario_1,A red BoxTruck is driving ahead (far) of the ego vehicle and switching lane.,2.890563,52.779118,3.14,False,None,0.0
2,2_scenario_2,A pink Hatchback is driving ahead (near) of the ego vehicle and switching lane.,2.876375,7.1354,0.74,False,None,0.0
2,2_scenario_3,A white Sedan is driving ahead (far) of the ego vehicle and switching lane.,100000.0,28.965495,8.04,False,None,0.0
2,2_scenario_4,A red SUV is overtaking (near) the ego vehicle and maintaining lane.,1.085687,6.825837,4.88,False,None,0.0
2,2_scenario_5,A red Hatchback is crossing the road (far) and switching lane.,1.26369,11.088247,4.54,False,None,0.0
2,2_scenario_6,A black Jeep is driving ahead (far) of the ego vehicle and switching lane.,1.163319,12.506167,9.68,False,None,0.0
2,2_scenario_7,A black Jeep is overtaking (far) the ego vehicle and maintaining lane.,1.170477,11.588188,3.52,False,None,0.0
2,2_scenario_8,A black Sedan is driving ahead (far) of the ego vehicle and maintaining lane.,9.392267,39.836909,4.199999999999999,False,None,0.0
2,2_scenario_9,A black Jeep is overtaking (near) the ego vehicle and maintaining lane.,9.222094,8.930706,3.92,False,None,0.0
2,2_scenario_10,A white Jeep is crossing the road (far) and maintaining lane.,3.34204,3.752637,3.04,False,None,0.0
2,2_scenario_11,A red SUV is driving ahead (far) of the ego vehicle and maintaining lane.,1.012509,6.588196,0.7,False,None,0.0
2,2_scenario_12,A white SUV is driving ahead (far) of the ego vehicle and switching lane.,3.099178,6.586913,6.04,False,None,0.0
2,2_scenario_13,A yellow Sedan is crossing the road (far) and switching lane.,1.640528,4.314821,6.96,False,None,0.0
3,3_scenario_0,A white SchoolBus is driving from the opposite direction (far) and switching lane.,100000.0,11.795756,2.2999999999999994,False,None,0.0
3,3_scenario_1,A white Sedan is driving ahead (far) of the ego vehicle and switching lane.,100000.0,14.651766,2.36,False,None,0.0
3,3_scenario_2,A pink SUV is overtaking (far) the ego vehicle and maintaining lane.,1.169153,30.488003,14.7,False,None,0.0
3,3_scenario_3,A black SUV is driving from the opposite direction (far) and switching lane.,17.448299,7.662349,6.76,False,None,0.0
3,3_scenario_4,A yellow Hatchback is driving ahead (near) of the ego vehicle and maintaining lane.,13.508702,5.196002,5.779999999999999,False,None,0.0
3,3_scenario_5,A yellow Hatchback is driving ahead (near) of the ego vehicle and maintaining lane.,0.938984,10.543745,10.44,False,None,0.0
3,3_scenario_6,A red Hatchback is crossing the road (near) and switching lane.,0.940529,9.861457,7.119999999999999,False,None,0.0
3,3_scenario_7,A skyblue Hatchback is driving ahead (far) of the ego vehicle and maintaining lane.,5.014866,11.580869,4.46,False,None,0.0
3,3_scenario_8,A skyblue Jeep is overtaking (far) the ego vehicle and switching lane.,5.480211,9.147619,5.18,False,None,0.0
3,3_scenario_9,A pink Jeep is driving ahead (far) of the ego vehicle and maintaining lane.,1.933244,4.391026,4.24,False,None,0.0
3,3_scenario_10,A black Jeep is overtaking (near) the ego vehicle and maintaining lane.,2.258781,8.801836,2.24,False,None,0.0
3,3_scenario_11,A yellow SUV is overtaking (near) the ego vehicle and switching lane.,5.064194,4.11492,2.94,False,None,0.0
3,3_scenario_12,A white BoxTruck is driving from the opposite direction (far) and switching lane.,1.578252,6.456198,1.2000000000000002,False,None,0.0
3,3_scenario_13,A black SUV is crossing the road (near) and switching lane.,4.752162,6.53165,6.88,False,None,0.0
4,4_scenario_0,A black Sedan is driving ahead (near) of the ego vehicle and maintaining lane.,100000.0,12.088281,4.54,False,None,0.0
4,4_scenario_1,A skyblue Hatchback is driving ahead (far) of the ego vehicle and maintaining lane.,100000.0,19.730602,2.36,False,None,0.0
4,4_scenario_2,A skyblue BoxTruck is driving ahead (near) of the ego vehicle and switching lane.,3.63715,13.029662,6.5,False,None,0.0
4,4_scenario_3,A black SchoolBus is driving ahead (near) of the ego vehicle and maintaining lane.,7.56429,23.113749,1.32,False,None,0.0
4,4_scenario_4,A red SUV is overtaking (near) the ego vehicle and maintaining lane.,0.95569,9.609913,10.02,False,None,0.0
4,4_scenario_5,A skyblue SUV is crossing the road (far) and maintaining lane.,1.029251,12.945129,4.96,False,None,0.0
4,4_scenario_6,A white BoxTruck is overtaking (near) the ego vehicle and switching lane.,1.587707,14.272694,0.82,False,None,0.0
4,4_scenario_7,A yellow SUV is overtaking (near) the ego vehicle and switching lane.,0.917865,9.449779,7.3,False,None,0.0
4,4_scenario_8,A white SchoolBus is driving ahead (near) of the ego vehicle and switching lane.,1.014213,13.429507,5.5600000000000005,False,None,0.0
4,4_scenario_9,A black Jeep is overtaking (far) the ego vehicle and maintaining lane.,5.388532,19.181762,2.9800000000000004,False,None,0.0
4,4_scenario_10,A white BoxTruck is driving from the opposite direction (far) and switching lane.,5.130432,29.706192,5.739999999999999,False,None,0.0
4,4_scenario_11,A white SchoolBus is driving from the opposite direction (far) and switching lane.,5.171436,20.440405,14.66,False,None,0.0
4,4_scenario_12,A black SchoolBus is crossing the road (far) and maintaining lane.,3.245529,3.949455,1.96,False,None,0.0
4,4_scenario_13,A white SchoolBus is driving ahead (near) of the ego vehicle and switching lane.,0.967161,9.517141,1.7799999999999998,False,None,0.0
4,4_scenario_14,A red BoxTruck is overtaking (near) the ego vehicle and maintaining lane.,0.565133,2.960642,5.74,False,None,0.0
5,5_scenario_0,A skyblue Hatchback is driving ahead (far) of the ego vehicle and maintaining lane.,100000.0,51.335279,3.08,False,None,0.0
5,5_scenario_1,A yellow Hatchback is crossing the road (near) and maintaining lane.,3.425478,12.251503,3.3600000000000003,False,None,0.0
5,5_scenario_2,A black Jeep is driving ahead (near) of the ego vehicle and switching lane.,1.34573,7.588983,5.86,False,None,0.0
5,5_scenario_3,A skyblue SUV is driving from the opposite direction (near) and maintaining lane.,1.518902,6.851529,0.58,False,None,0.0
5,5_scenario_4,A black SchoolBus is crossing the road (near) and maintaining lane.,3.92765,49.024715,6.239999999999999,False,None,0.0
5,5_scenario_5,A yellow SUV is overtaking (far) the ego vehicle and switching lane.,2.457419,20.56402,8.940000000000001,False,None,0.0
5,5_scenario_6,A red SUV is driving ahead (near) of the ego vehicle and switching lane.,100000.0,18.974103,2.28,False,None,0.0
5,5_scenario_7,A skyblue Hatchback is driving from the opposite direction (far) and maintaining lane.,4.462373,19.49054,5.04,False,None,0.0
5,5_scenario_8,A black Hatchback is overtaking (near) the ego vehicle and switching lane.,5.285674,5.632127,5.06,False,None,0.0
5,5_scenario_9,A white Hatchback is driving ahead (far) of the ego vehicle and switching lane.,1.940685,24.863133,3.02,False,None,0.0
5,5_scenario_10,A white Jeep is driving ahead (near) of the ego vehicle and maintaining lane.,2.436108,11.799579,2.08,False,None,0.0
5,5_scenario_11,A pedestrian is crossing the road from left to right.,3.521594,32.367223,4.62,False,None,0.0
5,5_scenario_12,A pink SUV is crossing the road (far) and switching lane.,6.682464,58.983827,6.68,False,None,0.0
6,6_scenario_0,A yellow Jeep is driving from the opposite direction (far) and switching lane.,100000.0,14.963903,5.28,False,None,0.0
6,6_scenario_1,A white SUV is driving ahead (far) of the ego vehicle and switching lane.,24.974717,10.816541,2.92,False,None,0.0
6,6_scenario_2,A black Jeep is driving ahead (far) of the ego vehicle and switching lane.,100000.0,46.682173,0.66,False,None,0.0
6,6_scenario_3,A black Jeep is driving ahead (far) of the ego vehicle and switching lane.,100000.0,8.766202,5.08,False,None,0.0
6,6_scenario_4,A white SchoolBus is driving ahead (near) of the ego vehicle and switching lane.,12.668539,30.280263,8.7,False,None,0.0
6,6_scenario_5,A white BoxTruck is overtaking (near) the ego vehicle and switching lane.,2.080913,18.328882,11.0,False,None,0.0
6,6_scenario_6,A black Jeep is driving ahead (near) of the ego vehicle and switching lane.,3.456852,10.13446,5.76,False,None,0.0
6,6_scenario_7,A black Sedan is driving ahead (far) of the ego vehicle and maintaining lane.,3.492941,12.391343,5.74,False,None,0.0
6,6_scenario_8,A black Jeep is overtaking (near) the ego vehicle and maintaining lane.,4.774701,7.89485,1.62,False,None,0.0
6,6_scenario_9,A skyblue Sedan is overtaking (far) the ego vehicle and switching lane.,6.229089,8.389612,3.82,False,None,0.0
6,6_scenario_10,A red SchoolBus is overtaking (far) the ego vehicle and switching lane.,8.010336,8.41924,1.1800000000000002,False,None,0.0
6,6_scenario_11,A black Sedan is driving ahead (near) of the ego vehicle and maintaining lane.,1.214536,5.590405,2.44,False,None,0.0
6,6_scenario_12,A yellow SUV is driving from the opposite direction (near) and switching lane.,2.335779,8.417081,4.86,False,None,0.0
7,7_scenario_0,A yellow Sedan is crossing the road (far) and switching lane.,6.012887,43.515196,4.0600000000000005,False,None,0.0
7,7_scenario_1,A yellow Jeep is driving from the opposite direction (far) and switching lane.,100000.0,10.978993,3.62,False,None,0.0
7,7_scenario_2,A red BoxTruck is driving ahead (far) of the ego vehicle and maintaining lane.,100000.0,4.892776,0.7599999999999998,False,None,0.0
7,7_scenario_3,A yellow SchoolBus is overtaking (far) the ego vehicle and maintaining lane.,144.361054,11.699517,0.56,False,None,0.0
7,7_scenario_4,A yellow SUV is overtaking (far) the ego vehicle and switching lane.,4.074648,14.33107,10.34,False,None,0.0
7,7_scenario_5,A pink BoxTruck is crossing the road (near) and switching lane.,2.794801,9.605018,6.9,False,None,0.0
7,7_scenario_6,A red Hatchback is crossing the road (near) and switching lane.,2.738224,15.013878,7.84,False,None,0.0
7,7_scenario_7,A red Hatchback is driving from the opposite direction (near) and switching lane.,3.162315,28.592333,2.58,False,None,0.0
7,7_scenario_8,A black SUV is driving from the opposite direction (far) and switching lane.,3.992282,49.093969,4.359999999999999,False,None,0.0
7,7_scenario_9,A yellow Hatchback is overtaking (near) the ego vehicle and maintaining lane.,0.656422,5.419001,3.58,False,None,0.0
7,7_scenario_10,A red Hatchback is crossing the road (near) and switching lane.,1.661177,16.864227,0.8599999999999999,False,None,0.0
7,7_scenario_11,A pink Jeep is driving ahead (far) of the ego vehicle and maintaining lane.,6.097482,55.625572,4.74,False,None,0.0
7,7_scenario_12,A pink Jeep is crossing the road (near) and switching lane.,1.684829,17.500815,6.04,False,None,0.0
7,7_scenario_13,A black SUV is driving from the opposite direction (far) and switching lane.,6.187701,56.3641,6.96,False,None,0.0
8,8_scenario_0,A red BoxTruck is overtaking (near) the ego vehicle and maintaining lane.,100000.0,3.233309,4.42,False,None,0.0
8,8_scenario_1,A pink SUV is overtaking (far) the ego vehicle and maintaining lane.,100000.0,4.936036,11.42,False,None,0.0
8,8_scenario_2,A skyblue Jeep is overtaking (far) the ego vehicle and switching lane.,3.694032,25.354776,3.92,False,None,0.0
8,8_scenario_3,A white SUV is driving ahead (far) of the ego vehicle and switching lane.,10.282088,5.322511,5.32,False,None,0.0
8,8_scenario_4,A pink SUV is crossing the road (far) and switching lane.,3.582782,10.615058,2.46,False,None,0.0
8,8_scenario_5,A white Jeep is driving ahead (near) of the ego vehicle and maintaining lane.,8.435062,25.040129,4.5,False,None,0.0
8,8_scenario_6,A skyblue Hatchback is driving ahead (far) of the ego vehicle and maintaining lane.,8.077984,22.725712,9.46,False,None,0.0
8,8_scenario_7,A yellow Sedan is crossing the road (far) and maintaining lane.,1.424999,14.24152,4.640000000000001,False,None,0.0
8,8_scenario_8,A white SchoolBus is driving ahead (near) of the ego vehicle and switching lane.,8.774085,11.425671,5.04,False,None,0.0
8,8_scenario_9,A white SchoolBus is driving from the opposite direction (far) and switching lane.,3.986319,13.706984,4.72,False,None,0.0
8,8_scenario_10,A red BoxTruck is driving ahead (far) of the ego vehicle and maintaining lane.,4.016254,31.465459,3.5,False,None,0.0
8,8_scenario_11,A yellow Sedan is overtaking (far) the ego vehicle and maintaining lane.,6.369345,7.465758,2.4400000000000004,False,None,0.0
8,8_scenario_12,A pedestrian is crossing the road from right to left.,0.954545,4.001854,4.6,False,None,0.0
9,9_scenario_0,A red SchoolBus is overtaking (far) the ego vehicle and switching lane.,2.103314,43.206287,2.16,False,None,0.0
9,9_scenario_1,A pink Jeep is driving ahead (far) of the ego vehicle and maintaining lane.,2.06371,5.645036,6.48,False,None,0.0
9,9_scenario_2,A red BoxTruck is driving ahead (far) of the ego vehicle and switching lane.,15.320692,12.239298,0.42,False,None,0.0
9,9_scenario_3,A white SchoolBus is driving ahead (near) of the ego vehicle and switching lane.,0.498506,7.794266,10.38,False,None,0.0
9,9_scenario_4,A black Sedan is driving ahead (near) of the ego vehicle and maintaining lane.,100000.0,6.668833,1.8,False,None,0.0
9,9_scenario_5,A white SchoolBus is driving ahead (far) of the ego vehicle and maintaining lane.,2.061822,4.050072,11.04,False,None,0.0
9,9_scenario_6,A yellow SUV is overtaking (near) the ego vehicle and switching lane.,1.737257,12.069126,6.02,False,None,0.0
9,9_scenario_7,A white SchoolBus is crossing the road (far) and switching lane.,2.758479,37.042375,4.56,False,None,0.0
9,9_scenario_8,A white SchoolBus is driving ahead (far) of the ego vehicle and maintaining lane.,4.54497,47.586896,3.86,False,None,0.0
9,9_scenario_9,A pink Sedan is driving from the opposite direction (near) and maintaining lane.,2.041614,21.202704,4.5,False,None,0.0
9,9_scenario_10,A white SchoolBus is crossing the road (far) and switching lane.,3.165568,39.996146,2.02,False,None,0.0
9,9_scenario_11,A skyblue Jeep is driving from the opposite direction (far) and maintaining lane.,6.22596,52.008305,0.72,False,None,0.0
9,9_scenario_12,A pink Jeep is crossing the road (near) and switching lane.,1.713961,16.937935,4.92,False,None,0.0
10,10_scenario_0,A white Hatchback is overtaking (far) the ego vehicle and maintaining lane.,100000.0,50.764952,3.3600000000000003,False,None,0.0
10,10_scenario_1,A skyblue Jeep is driving from the opposite direction (far) and maintaining lane.,3.754179,6.541304,3.4400000000000004,False,None,0.0
10,10_scenario_2,A red SchoolBus is overtaking (near) the ego vehicle and switching lane.,100000.0,9.935429,5.5600000000000005,False,None,0.0
10,10_scenario_3,A yellow Hatchback is crossing the road (near) and maintaining lane.,100000.0,2.795768,1.86,False,None,0.0
10,10_scenario_4,A white BoxTruck is overtaking (far) the ego vehicle and switching lane.,100000.0,13.856366,5.02,False,None,0.0
10,10_scenario_5,A pink SchoolBus is driving from the opposite direction (far) and maintaining lane.,3.024009,7.489326,5.139999999999999,False,None,0.0
10,10_scenario_6,A black SchoolBus is crossing the road (far) and maintaining lane.,9.20198,9.719502,5.92,False,None,0.0
10,10_scenario_7,A red SUV is driving ahead (far) of the ego vehicle and maintaining lane.,3.869329,8.41671,4.46,False,None,0.0
10,10_scenario_8,A black Jeep is overtaking (far) the ego vehicle and maintaining lane.,1.21023,3.49216,6.7,False,None,0.0
10,10_scenario_9,A yellow Hatchback is driving ahead (near) of the ego vehicle and maintaining lane.,1.037509,12.914627,7.28,False,None,0.0
10,10_scenario_10,A white SUV is driving ahead (far) of the ego vehicle and switching lane.,3.787481,9.028596,4.2,False,None,0.0
10,10_scenario_11,A skyblue Jeep is overtaking (far) the ego vehicle and switching lane.,8.288979,4.664544,3.88,False,None,0.0
10,10_scenario_12,A white SchoolBus is driving ahead (near) of the ego vehicle and switching lane.,1.936588,12.320304,6.539999999999999,False,None,0.0
10,10_scenario_13,A skyblue BoxTruck is driving ahead (near) of the ego vehicle and switching lane.,2.565995,14.624305,4.64,False,None,0.0
10,10_scenario_14,A skyblue SchoolBus is driving ahead (far) of the ego vehicle and switching lane.,3.197349,26.897193,1.0,False,None,0.0
10,10_scenario_15,A yellow SchoolBus is driving from the opposite direction (near) and switching lane.,1.903297,20.890223,4.66,False,None,0.0
11,11_scenario_0,A black Jeep is overtaking (near) the ego vehicle and maintaining lane.,3.123931,4.091781,7.84,False,None,0.0
11,11_scenario_1,A yellow SUV is driving from the opposite direction (near) and switching lane.,2.591631,8.180359,4.5600000000000005,False,None,0.0
11,11_scenario_2,A red BoxTruck is driving from the opposite direction (far) and maintaining lane.,2.050792,8.402408,10.3,False,None,0.0
11,11_scenario_3,A pink Sedan is driving from the opposite direction (near) and maintaining lane.,3.36998,5.618328,0.7200000000000001,False,None,0.0
11,11_scenario_4,A white Hatchback is driving ahead (far) of the ego vehicle and switching lane.,3.356116,39.029043,11.84,False,None,0.0
11,11_scenario_5,A skyblue SchoolBus is driving ahead (far) of the ego vehicle and switching lane.,7.114673,13.272684,7.66,False,None,0.0
11,11_scenario_6_npc_vehicle,A black Sedan is driving ahead (near) of the ego vehicle and maintaining lane.,0.0,6.804941,10.6,True,npc_vehicle,1.2427986035204317
12,12_scenario_0,A yellow SUV is overtaking (near) the ego vehicle and switching lane.,5.542081,9.403199,5.64,False,None,0.0
12,12_scenario_1,A pink SchoolBus is crossing the road (near) and switching lane.,19.556288,9.098081,2.68,False,None,0.0
12,12_scenario_2,A red SUV is driving ahead (far) of the ego vehicle and maintaining lane.,100000.0,2.894679,13.76,False,None,0.0
12,12_scenario_3,A red BoxTruck is driving ahead (far) of the ego vehicle and maintaining lane.,100000.0,5.667732,3.24,False,None,0.0
12,12_scenario_4,A white SchoolBus is driving from the opposite direction (far) and switching lane.,100000.0,7.924834,4.859999999999999,False,None,0.0
12,12_scenario_5,A skyblue Hatchback is driving ahead (far) of the ego vehicle and maintaining lane.,3.516309,54.447186,1.64,False,None,0.0
12,12_scenario_6,A black Jeep is driving ahead (far) of the ego vehicle and switching lane.,1.366558,14.91978,5.699999999999999,False,None,0.0
12,12_scenario_7,A white SchoolBus is driving from the opposite direction (far) and switching lane.,1.377313,13.166583,8.0,False,None,0.0
12,12_scenario_8,A black Sedan is driving ahead (far) of the ego vehicle and maintaining lane.,5.133188,45.716539,4.64,False,None,0.0
12,12_scenario_9,A skyblue Hatchback is driving from the opposite direction (far) and maintaining lane.,7.608995,50.924823,4.539999999999999,False,None,0.0
12,12_scenario_10,A white SchoolBus is crossing the road (far) and switching lane.,3.321417,39.832619,2.82,False,None,0.0
12,12_scenario_11,A yellow Sedan is crossing the road (far) and switching lane.,7.223785,64.271271,0.8399999999999999,False,None,0.0
12,12_scenario_12,A white Hatchback is overtaking (far) the ego vehicle and maintaining lane.,8.719562,5.01104,6.98,False,None,0.0
13,13_scenario_0,A red BoxTruck is overtaking (near) the ego vehicle and maintaining lane.,100000.0,3.5663,4.56,False,None,0.0
13,13_scenario_1,A red BoxTruck is driving ahead (far) of the ego vehicle and switching lane.,100000.0,28.049406,7.300000000000001,False,None,0.0
13,13_scenario_2,A pink BoxTruck is driving ahead (near) of the ego vehicle and maintaining lane.,16.477788,6.159694,5.699999999999999,False,None,0.0
13,13_scenario_3,A skyblue Hatchback is driving ahead (far) of the ego vehicle and maintaining lane.,16.721739,4.995,3.68,False,None,0.0
13,13_scenario_4,A skyblue SchoolBus is driving ahead (far) of the ego vehicle and switching lane.,4.181579,8.933115,5.28,False,None,0.0
13,13_scenario_5,A yellow SchoolBus is overtaking (far) the ego vehicle and maintaining lane.,3.220748,28.647425,2.5,False,None,0.0
13,13_scenario_6,A skyblue Jeep is overtaking (far) the ego vehicle and switching lane.,1.680502,20.600642,6.62,False,None,0.0
13,13_scenario_7,A pink SUV is overtaking (far) the ego vehicle and maintaining lane.,6.282732,19.614416,2.28,False,None,0.0
13,13_scenario_8,A yellow Sedan is overtaking (near) the ego vehicle and switching lane.,11.803422,37.285024,4.76,False,None,0.0
13,13_scenario_9,A black SUV is crossing the road (near) and switching lane.,1.649245,15.32804,4.5,False,None,0.0
13,13_scenario_10,A white BoxTruck is overtaking (far) the ego vehicle and switching lane.,3.106033,12.07932,3.22,False,None,0.0
13,13_scenario_11,A red BoxTruck is driving ahead (far) of the ego vehicle and maintaining lane.,7.740576,11.786933,0.96,False,None,0.0
13,13_scenario_12,A skyblue Jeep is overtaking (far) the ego vehicle and switching lane.,7.375353,11.619915,1.0,False,None,0.0
13,13_scenario_13,A skyblue SchoolBus is driving ahead (far) of the ego vehicle and switching lane.,6.789165,11.549162,7.1,False,None,0.0
14,14_scenario_0,A white Sedan is driving ahead (far) of the ego vehicle and switching lane.,100000.0,49.482131,2.6,False,None,0.0
14,14_scenario_1,A pink Sedan is driving from the opposite direction (far) and switching lane.,100000.0,12.080083,1.64,False,None,0.0
14,14_scenario_2,A yellow Hatchback is overtaking (far) the ego vehicle and switching lane.,100000.0,8.196046,0.3799999999999999,False,None,0.0
14,14_scenario_3,A yellow Sedan is driving from the opposite direction (near) and switching lane.,98.460445,3.968138,0.62,False,None,0.0
14,14_scenario_4,A red SchoolBus is overtaking (far) the ego vehicle and switching lane.,3.905056,20.857778,12.42,False,None,0.0
14,14_scenario_5,A white Jeep is driving ahead (near) of the ego vehicle and maintaining lane.,1.708266,21.904875,8.68,False,None,0.0
14,14_scenario_6,A red SchoolBus is overtaking (far) the ego vehicle and switching lane.,8.676142,23.871463,3.02,False,None,0.0
14,14_scenario_7,A skyblue Jeep is driving from the opposite direction (far) and maintaining lane.,4.282186,34.176853,4.66,False,None,0.0
14,14_scenario_8,A red BoxTruck is overtaking (near) the ego vehicle and maintaining lane.,8.052676,5.393758,4.36,False,None,0.0
14,14_scenario_9,A red SUV is driving ahead (far) of the ego vehicle and maintaining lane.,0.9618,4.174433,3.34,False,None,0.0
14,14_scenario_10,A white SchoolBus is driving ahead (far) of the ego vehicle and maintaining lane.,3.095854,19.022253,2.24,False,None,0.0
14,14_scenario_11,A yellow BoxTruck is overtaking (far) the ego vehicle and maintaining lane.,0.875607,7.459701,4.44,False,None,0.0
14,14_scenario_12,A pink SchoolBus is driving from the opposite direction (far) and maintaining lane.,1.198534,4.865364,7.2,False,None,0.0
15,15_scenario_0,A black Sedan is driving ahead (near) of the ego vehicle and maintaining lane.,1.776509,12.391371,6.54,False,None,0.0
15,15_scenario_1,A yellow SUV is driving from the opposite direction (near) and switching lane.,100000.0,18.083853,1.06,False,None,0.0
15,15_scenario_2,A black Jeep is overtaking (far) the ego vehicle and maintaining lane.,0.695914,14.639987,5.34,False,None,0.0
15,15_scenario_3,A skyblue Jeep is overtaking (far) the ego vehicle and switching lane.,5.429947,8.497883,10.88,False,None,0.0
15,15_scenario_4,A white SUV is driving ahead (far) of the ego vehicle and switching lane.,2.979859,3.690735,9.88,False,None,0.0
15,15_scenario_5,A pink Sedan is driving from the opposite direction (far) and switching lane.,5.045823,12.822151,5.16,False,None,0.0
15,15_scenario_6,A pink Sedan is driving from the opposite direction (near) and maintaining lane.,3.395375,9.65888,2.9200000000000004,False,None,0.0
15,15_scenario_7,A white Sedan is driving ahead (far) of the ego vehicle and switching lane.,1.140128,14.007865,10.48,False,None,0.0
15,15_scenario_8,A white SchoolBus is driving ahead (near) of the ego vehicle and switching lane.,1.155094,10.647165,8.08,False,None,0.0
15,15_scenario_9,A white Sedan is driving ahead (far) of the ego vehicle and switching lane.,4.397759,17.134001,5.619999999999999,False,None,0.0
15,15_scenario_10,A yellow SchoolBus is overtaking (far) the ego vehicle and maintaining lane.,5.483406,28.491532,2.46,False,None,0.0
15,15_scenario_11,A yellow Hatchback is crossing the road (near) and maintaining lane.,1.717666,17.132309,2.06,False,None,0.0
15,15_scenario_12,A white Jeep is crossing the road (far) and maintaining lane.,3.277751,13.847268,3.22,False,None,0.0
15,15_scenario_13,A pink SUV is overtaking (far) the ego vehicle and maintaining lane.,7.754975,9.406987,0.94,False,None,0.0
15,15_scenario_14,A skyblue Jeep is overtaking (far) the ego vehicle and switching lane.,0.870346,5.245482,6.08,False,None,0.0
15,15_scenario_15,A red SchoolBus is overtaking (near) the ego vehicle and switching lane.,5.102637,8.62424,5.86,False,None,0.0
16,16_scenario_0,A yellow Sedan is overtaking (near) the ego vehicle and switching lane.,6.493764,9.617797,4.62,False,None,0.0
16,16_scenario_1,A white Hatchback is overtaking (far) the ego vehicle and maintaining lane.,29.91874,6.480781,2.7,False,None,0.0
16,16_scenario_2,A yellow Sedan is driving from the opposite direction (near) and switching lane.,100000.0,3.304898,0.3999999999999999,False,None,0.0
16,16_scenario_3,A yellow Hatchback is overtaking (far) the ego vehicle and switching lane.,100000.0,36.963591,0.5399999999999999,False,None,0.0
16,16_scenario_4,A black Jeep is overtaking (far) the ego vehicle and maintaining lane.,0.538836,19.700527,9.34,False,None,0.0
16,16_scenario_5,A pink Jeep is driving ahead (far) of the ego vehicle and maintaining lane.,1.040888,11.251312,7.6,False,None,0.0
16,16_scenario_6,A white SUV is driving ahead (far) of the ego vehicle and switching lane.,2.057621,18.080763,3.16,False,None,0.0
16,16_scenario_7,A red Jeep is overtaking (near) the ego vehicle and switching lane.,10.390969,7.736823,5.46,False,None,0.0
16,16_scenario_8,A yellow Hatchback is crossing the road (near) and maintaining lane.,1.713156,16.888526,4.2,False,None,0.0
16,16_scenario_9,A red BoxTruck is driving ahead (far) of the ego vehicle and maintaining lane.,5.854533,51.300676,1.96,False,None,0.0
16,16_scenario_10,A red BoxTruck is driving ahead (far) of the ego vehicle and switching lane.,6.692715,32.790165,1.94,False,None,0.0
16,16_scenario_11,A pedestrian is crossing the road from left to right.,1.664126,7.369863,5.58,False,None,0.0
16,16_scenario_12,A red BoxTruck is driving ahead (far) of the ego vehicle and maintaining lane.,2.084184,3.967565,7.12,False,None,0.0
17,17_scenario_0,A black SUV is driving from the opposite direction (far) and switching lane.,100000.0,13.77658,3.94,False,None,0.0
17,17_scenario_1,A red BoxTruck is driving ahead (far) of the ego vehicle and switching lane.,7.10934,10.772679,6.219999999999999,False,None,0.0
17,17_scenario_2,A red SUV is driving ahead (far) of the ego vehicle and maintaining lane.,14.317176,5.142792,6.699999999999999,False,None,0.0
17,17_scenario_3,A red Hatchback is crossing the road (far) and switching lane.,69.257972,10.858769,0.4999999999999999,False,None,0.0
17,17_scenario_4,A red BoxTruck is driving ahead (far) of the ego vehicle and switching lane.,4.864475,56.766999,10.26,False,None,0.0
17,17_scenario_5,A black Sedan is driving ahead (far) of the ego vehicle and maintaining lane.,100000.0,22.889281,6.98,False,None,0.0
17,17_scenario_6,A skyblue Hatchback is driving ahead (far) of the ego vehicle and maintaining lane.,1.676911,16.392714,3.62,False,None,0.0
17,17_scenario_7,A red Sedan is overtaking (near) the ego vehicle and maintaining lane.,11.778559,39.219522,3.98,False,None,0.0
17,17_scenario_8,A red SUV is crossing the road (near) and maintaining lane.,1.739485,16.661392,5.48,False,None,0.0
17,17_scenario_9,A red SUV is driving ahead (far) of the ego vehicle and maintaining lane.,4.970213,49.562754,3.02,False,None,0.0
17,17_scenario_10,A skyblue SUV is driving from the opposite direction (near) and maintaining lane.,1.947835,22.165849,0.92,False,None,0.0
17,17_scenario_11,A red BoxTruck is overtaking (near) the ego vehicle and maintaining lane.,1.426962,2.974866,6.42,False,None,0.0
17,17_scenario_12,A black SchoolBus is crossing the road (far) and maintaining lane.,1.49092,29.691523,7.0,False,None,0.0
18,18_scenario_0,A red BoxTruck is driving ahead (far) of the ego vehicle and switching lane.,2.987841,50.459865,2.98,False,None,0.0
18,18_scenario_1,A pink BoxTruck is crossing the road (near) and switching lane.,19.339926,12.62778,6.98,False,None,0.0
18,18_scenario_2,A skyblue Jeep is driving from the opposite direction (far) and maintaining lane.,1.493219,5.984826,3.66,False,None,0.0
18,18_scenario_3,A black SchoolBus is crossing the road (far) and maintaining lane.,100000.0,17.324401,6.06,False,None,0.0
18,18_scenario_4,A red SchoolBus is overtaking (near) the ego vehicle and switching lane.,27.054602,8.390868,9.6,False,None,0.0
18,18_scenario_5,A white Jeep is crossing the road (far) and maintaining lane.,1.695069,7.163911,9.44,False,None,0.0
18,18_scenario_6,A white SUV is driving ahead (far) of the ego vehicle and switching lane.,2.707272,28.176493,2.22,False,None,0.0
18,18_scenario_7,A red BoxTruck is driving ahead (far) of the ego vehicle and maintaining lane.,10.75306,47.566988,4.96,False,None,0.0
18,18_scenario_8,A white Hatchback is overtaking (far) the ego vehicle and maintaining lane.,9.583677,61.883696,4.66,False,None,0.0
18,18_scenario_9,A yellow Hatchback is overtaking (near) the ego vehicle and maintaining lane.,0.725495,5.639174,2.9,False,None,0.0
18,18_scenario_10,A black Jeep is overtaking (far) the ego vehicle and maintaining lane.,5.248565,10.467003,1.68,False,None,0.0
18,18_scenario_11,A pink SUV is overtaking (far) the ego vehicle and maintaining lane.,8.244018,0.933651,4.82,False,None,0.0
19,19_scenario_0,A white Jeep is driving ahead (near) of the ego vehicle and maintaining lane.,100000.0,13.358089,1.02,False,None,0.0
19,19_scenario_1,A red BoxTruck is driving ahead (far) of the ego vehicle and maintaining lane.,100000.0,24.713834,6.44,False,None,0.0
19,19_scenario_2,A yellow Hatchback is overtaking (near) the ego vehicle and maintaining lane.,1.203487,3.69461,6.58,False,None,0.0
19,19_scenario_3,A black SchoolBus is crossing the road (far) and maintaining lane.,2.646946,7.17292,3.5,False,None,0.0
19,19_scenario_4,A white SchoolBus is driving ahead (far) of the ego vehicle and maintaining lane.,2.707317,8.874813,3.86,False,None,0.0
19,19_scenario_5,A white Hatchback is driving ahead (far) of the ego vehicle and switching lane.,4.202274,9.577262,5.84,False,None,0.0
19,19_scenario_6,A white SchoolBus is driving ahead (far) of the ego vehicle and maintaining lane.,2.613236,9.815329,1.92,False,None,0.0
19,19_scenario_7,A red Hatchback is crossing the road (far) and switching lane.,2.461858,7.891867,6.26,False,None,0.0
19,19_scenario_8,A black SchoolBus is overtaking (near) the ego vehicle and maintaining lane.,4.37505,5.108832,11.96,False,None,0.0
19,19_scenario_9,A red Jeep is overtaking (near) the ego vehicle and switching lane.,7.145668,3.762568,7.24,False,None,0.0
19,19_scenario_10,A red BoxTruck is driving ahead (far) of the ego vehicle and switching lane.,1.607784,6.430752,6.0,False,None,0.0
19,19_scenario_11,A yellow Sedan is crossing the road (far) and switching lane.,1.878307,4.160038,2.02,False,None,0.0
19,19_scenario_12,A white SchoolBus is driving ahead (far) of the ego vehicle and maintaining lane.,2.710788,25.555907,2.76,False,None,0.0
19,19_scenario_13,A red BoxTruck is driving ahead (far) of the ego vehicle and switching lane.,5.399637,53.41022,0.64,False,None,0.0
19,19_scenario_14,A white Jeep is driving ahead (near) of the ego vehicle and maintaining lane.,2.269815,12.466604,6.88,False,None,0.0
