Execution,ScenarioID,Configuration_API_Description,Attribute[TTC],Attribute[DTO],Attribute[Jerk],Attribute[COL],Attribute[COLT],Attribute[SAC]
0,0_scenario_0,A yellow Sedan is overtaking (far) the ego vehicle and maintaining lane.,100000.0,18.794702,2.3,False,None,0.0
0,0_scenario_1,A skyblue SUV is driving from the opposite direction (near) and maintaining lane.,2.543601,12.180379,3.62,False,None,0.0
0,0_scenario_2,A red BoxTruck is driving ahead (far) of the ego vehicle and switching lane.,0.981201,9.812654,6.140000000000001,False,None,0.0
0,0_scenario_3,A pink Hatchback is driving from the opposite direction (far) and switching lane.,0.844987,10.370841,12.22,False,None,0.0
0,0_scenario_4,A yellow SUV is driving from the opposite direction (near) and switching lane.,100000.0,14.359612,5.68,False,None,0.0
0,0_scenario_5,A white Sedan is driving ahead (far) of the ego vehicle and switching lane.,5.273884,13.294614,4.0,False,None,0.0
0,0_scenario_6,A black Jeep is overtaking (far) the ego vehicle and maintaining lane.,4.422229,14.792757,9.78,False,None,0.0
0,0_scenario_7,A red BoxTruck is overtaking (near) the ego vehicle and maintaining lane.,2.105144,16.771829,3.58,False,None,0.0
0,0_scenario_8,A yellow Sedan is overtaking (far) the ego vehicle and maintaining lane.,100000.0,39.911495,0.5,False,None,0.0
0,0_scenario_9,A white Sedan is driving ahead (far) of the ego vehicle and switching lane.,100000.0,35.639444,5.78,False,None,0.0
0,0_scenario_10,A red BoxTruck is driving ahead (far) of the ego vehicle and switching lane.,100000.0,34.868832,4.34,False,None,0.0
0,0_scenario_11,A white Hatchback is driving ahead (far) of the ego vehicle and switching lane.,100000.0,35.190019,5.94,False,None,0.0
0,0_scenario_12,A white BoxTruck is overtaking (near) the ego vehicle and switching lane.,24.462891,9.295036,3.46,False,None,0.0
0,0_scenario_13,A yellow Jeep is driving from the opposite direction (far) and switching lane.,100000.0,7.784605,3.5,False,None,0.0
0,0_scenario_14,A yellow SUV is overtaking (far) the ego vehicle and switching lane.,100000.0,14.084186,4.1000000000000005,False,None,0.0
0,0_scenario_15,A yellow SchoolBus is overtaking (far) the ego vehicle and maintaining lane.,100000.0,4.992178,3.68,False,None,0.0
0,0_scenario_16,A white SchoolBus is driving ahead (near) of the ego vehicle and switching lane.,100000.0,5.26362,5.6,False,None,0.0
0,0_scenario_17,A skyblue Sedan is driving ahead (near) of the ego vehicle and switching lane.,100000.0,13.285121,6.16,False,None,0.0
1,1_scenario_0,A red Hatchback is crossing the road (far) and switching lane.,100000.0,23.696636,4.42,False,None,0.0
1,1_scenario_1,A white SchoolBus is driving ahead (far) of the ego vehicle and maintaining lane.,100000.0,17.36548,2.44,False,None,0.0
1,1_scenario_2,A black Jeep is overtaking (far) the ego vehicle and maintaining lane.,3.259945,3.353145,1.32,False,None,0.0
1,1_scenario_3,A black SUV is driving from the opposite direction (far) and switching lane.,1.79922,3.259858,10.74,False,None,0.0
1,1_scenario_4,A white Hatchback is driving ahead (far) of the ego vehicle and switching lane.,100000.0,18.652542,3.54,False,None,0.0
1,1_scenario_5,A pink BoxTruck is crossing the road (near) and switching lane.,44.567234,8.131971,1.28,False,None,0.0
1,1_scenario_6,A white Jeep is driving ahead (near) of the ego vehicle and maintaining lane.,1.905283,14.888002,5.880000000000001,False,None,0.0
1,1_scenario_7,A red BoxTruck is driving from the opposite direction (near) and maintaining lane.,100000.0,20.558346,12.76,False,None,0.0
1,1_scenario_8,A pedestrian is crossing the road from right to left.,100000.0,32.565674,2.6,False,None,0.0
1,1_scenario_9,A pink SUV is overtaking (far) the ego vehicle and maintaining lane.,100000.0,20.740894,0.5999999999999999,False,None,0.0
1,1_scenario_10,A red SchoolBus is overtaking (far) the ego vehicle and switching lane.,3.682495,8.98049,4.720000000000001,False,None,0.0
1,1_scenario_11,A pink SUV is overtaking (far) the ego vehicle and maintaining lane.,100000.0,8.08227,3.8,False,None,0.0
1,1_scenario_12,A yellow Sedan is crossing the road (far) and switching lane.,100000.0,5.453291,3.98,False,None,0.0
1,1_scenario_13,A white BoxTruck is driving from the opposite direction (far) and switching lane.,100000.0,8.445093,3.88,False,None,0.0
1,1_scenario_14,A skyblue Sedan is overtaking (far) the ego vehicle and switching lane.,100000.0,15.205696,3.78,False,None,0.0
1,1_scenario_15,A red BoxTruck is driving ahead (far) of the ego vehicle and switching lane.,100000.0,10.048677,2.24,False,None,0.0
1,1_scenario_16,A pink SUV is overtaking (far) the ego vehicle and maintaining lane.,100000.0,9.506238,5.0600000000000005,False,None,0.0
1,1_scenario_17,A black Jeep is overtaking (far) the ego vehicle and maintaining lane.,100000.0,3.498214,6.06,False,None,0.0
2,2_scenario_0,A yellow Hatchback is driving ahead (near) of the ego vehicle and maintaining lane.,100000.0,12.239502,6.5200000000000005,False,None,0.0
2,2_scenario_1,A yellow Sedan is overtaking (far) the ego vehicle and maintaining lane.,2.434015,20.571256,3.06,False,None,0.0
2,2_scenario_2,A white Hatchback is driving ahead (far) of the ego vehicle and switching lane.,1.575169,3.994623,3.48,False,None,0.0
2,2_scenario_3,A skyblue SchoolBus is driving ahead (far) of the ego vehicle and switching lane.,1.256588,7.14812,13.16,False,None,0.0
2,2_scenario_4,A white Jeep is driving ahead (near) of the ego vehicle and maintaining lane.,100000.0,20.378215,6.6,False,None,0.0
2,2_scenario_5,A pink BoxTruck is driving ahead (near) of the ego vehicle and maintaining lane.,100000.0,9.236402,12.0,False,None,0.0
2,2_scenario_6,A red SUV is crossing the road (near) and maintaining lane.,6.449016,3.537364,5.119999999999999,False,None,0.0
2,2_scenario_7,A red BoxTruck is overtaking (near) the ego vehicle and maintaining lane.,2.302889,4.021426,3.4000000000000004,False,None,0.0
2,2_scenario_8,A red Hatchback is driving from the opposite direction (near) and switching lane.,1.30847,7.224473,5.820000000000001,False,None,0.0
2,2_scenario_9,A yellow Hatchback is crossing the road (near) and maintaining lane.,2.493746,25.300081,1.72,False,None,0.0
2,2_scenario_10,A white SchoolBus is driving ahead (near) of the ego vehicle and switching lane.,1.950977,7.365466,4.52,False,None,0.0
2,2_scenario_11,A red BoxTruck is driving ahead (far) of the ego vehicle and maintaining lane.,6.969913,7.16187,5.42,False,None,0.0
2,2_scenario_12,A white Jeep is driving ahead (near) of the ego vehicle and maintaining lane.,19.188176,7.598941,6.300000000000001,False,None,0.0
2,2_scenario_13,A black SchoolBus is driving ahead (near) of the ego vehicle and maintaining lane.,100000.0,3.768533,5.98,False,None,0.0
2,2_scenario_14,A skyblue Jeep is overtaking (far) the ego vehicle and switching lane.,100000.0,4.482978,4.2,False,None,0.0
2,2_scenario_15,A red SchoolBus is overtaking (near) the ego vehicle and switching lane.,100000.0,10.457823,3.28,False,None,0.0
2,2_scenario_16,A yellow Jeep is driving from the opposite direction (far) and switching lane.,100000.0,9.673211,2.3,False,None,0.0
2,2_scenario_17,A red SchoolBus is overtaking (near) the ego vehicle and switching lane.,100000.0,8.272841,0.78,False,None,0.0
2,2_scenario_18,A pink Jeep is crossing the road (near) and switching lane.,100000.0,7.864844,4.86,False,None,0.0
3,3_scenario_0,A yellow BoxTruck is overtaking (far) the ego vehicle and maintaining lane.,100000.0,17.233029,2.68,False,None,0.0
3,3_scenario_1,A yellow SchoolBus is overtaking (far) the ego vehicle and maintaining lane.,1.406715,4.348084,8.02,False,None,0.0
3,3_scenario_2,A black SUV is crossing the road (near) and switching lane.,1.56379,4.807516,5.56,False,None,0.0
3,3_scenario_3,A black SUV is driving from the opposite direction (far) and switching lane.,2.421585,6.4784,11.86,False,None,0.0
3,3_scenario_4,A black Jeep is overtaking (far) the ego vehicle and maintaining lane.,100000.0,17.660129,6.6,False,None,0.0
3,3_scenario_5,A black SUV is driving ahead (near) of the ego vehicle and maintaining lane.,100000.0,9.548599,5.22,False,None,0.0
3,3_scenario_6,A red BoxTruck is overtaking (near) the ego vehicle and maintaining lane.,100000.0,13.542693,3.92,False,None,0.0
3,3_scenario_7,A yellow SUV is overtaking (far) the ego vehicle and switching lane.,4.649368,3.812729,3.36,False,None,0.0
3,3_scenario_8,A red BoxTruck is driving from the opposite direction (near) and maintaining lane.,1.405341,6.193659,13.66,False,None,0.0
3,3_scenario_9,A pink Sedan is driving from the opposite direction (far) and maintaining lane.,1.965389,12.509829,11.52,False,None,0.0
3,3_scenario_10,A yellow Sedan is crossing the road (far) and switching lane.,3.722211,19.743531,0.52,False,None,0.0
3,3_scenario_11,A pink SUV is overtaking (far) the ego vehicle and maintaining lane.,6.578703,22.524366,2.8400000000000003,False,None,0.0
3,3_scenario_12,A black SUV is crossing the road (near) and switching lane.,9.896454,7.66537,4.48,False,None,0.0
3,3_scenario_13,A skyblue BoxTruck is driving ahead (near) of the ego vehicle and switching lane.,100000.0,8.640214,6.6000000000000005,False,None,0.0
3,3_scenario_14,A black SUV is driving from the opposite direction (far) and switching lane.,100000.0,7.998854,4.32,False,None,0.0
3,3_scenario_15,A black Jeep is overtaking (near) the ego vehicle and maintaining lane.,100000.0,4.591179,3.76,False,None,0.0
3,3_scenario_16,A yellow Hatchback is overtaking (near) the ego vehicle and maintaining lane.,100000.0,6.009546,2.98,False,None,0.0
3,3_scenario_17,A black Hatchback is overtaking (near) the ego vehicle and switching lane.,100000.0,4.475502,2.76,False,None,0.0
3,3_scenario_18,A red SchoolBus is driving from the opposite direction (near) and maintaining lane.,100000.0,3.996173,7.0,False,None,0.0
3,3_scenario_19,A white Hatchback is driving ahead (far) of the ego vehicle and switching lane.,100000.0,42.957024,5.82,False,None,0.0
4,4_scenario_0,A black Sedan is driving ahead (near) of the ego vehicle and maintaining lane.,100000.0,12.200127,5.08,False,None,0.0
4,4_scenario_1,A pink Jeep is driving ahead (far) of the ego vehicle and maintaining lane.,2.201912,16.666838,3.0,False,None,0.0
4,4_scenario_2,A red SUV is crossing the road (near) and maintaining lane.,1.113651,9.36727,9.24,False,None,0.0
4,4_scenario_3,A pink Jeep is driving ahead (far) of the ego vehicle and maintaining lane.,1.768238,7.835499,6.92,False,None,0.0
4,4_scenario_4,A skyblue Sedan is driving ahead (near) of the ego vehicle and switching lane.,2.003436,5.088013,9.76,False,None,0.0
4,4_scenario_5,A yellow SchoolBus is driving from the opposite direction (near) and switching lane.,100000.0,3.916084,2.2,False,None,0.0
4,4_scenario_6,A white Sedan is driving ahead (far) of the ego vehicle and switching lane.,5.731463,25.684329,3.5200000000000005,False,None,0.0
4,4_scenario_7,A yellow SUV is overtaking (near) the ego vehicle and switching lane.,2.238857,4.950765,2.3600000000000003,False,None,0.0
4,4_scenario_8,A black SchoolBus is overtaking (near) the ego vehicle and maintaining lane.,100000.0,5.077445,1.26,False,None,0.0
4,4_scenario_9,A skyblue Sedan is driving ahead (near) of the ego vehicle and switching lane.,3.449381,5.746123,6.28,False,None,0.0
4,4_scenario_10,A black Sedan is driving ahead (near) of the ego vehicle and maintaining lane.,9.571457,6.848421,9.66,False,None,0.0
4,4_scenario_11,A red SUV is overtaking (near) the ego vehicle and maintaining lane.,100000.0,11.085808,2.68,False,None,0.0
4,4_scenario_12,A skyblue Sedan is driving ahead (near) of the ego vehicle and switching lane.,100000.0,11.084526,3.94,False,None,0.0
4,4_scenario_13,A white Sedan is driving ahead (far) of the ego vehicle and switching lane.,100000.0,11.098912,2.84,False,None,0.0
4,4_scenario_14,A yellow SUV is driving from the opposite direction (near) and switching lane.,100000.0,11.103387,8.34,False,None,0.0
4,4_scenario_15,A black Jeep is overtaking (far) the ego vehicle and maintaining lane.,100000.0,11.087379,3.7,False,None,0.0
4,4_scenario_16,A skyblue BoxTruck is driving ahead (near) of the ego vehicle and switching lane.,100000.0,4.631141,6.02,False,None,0.0
4,4_scenario_17,A pink Jeep is driving ahead (far) of the ego vehicle and maintaining lane.,100000.0,11.075684,3.42,False,None,0.0
4,4_scenario_18,A yellow BoxTruck is overtaking (far) the ego vehicle and maintaining lane.,100000.0,11.077868,2.48,False,None,0.0
4,4_scenario_19,A black Jeep is overtaking (near) the ego vehicle and maintaining lane.,100000.0,5.875942,3.32,False,None,0.0
4,4_scenario_20,A red SUV is overtaking (near) the ego vehicle and maintaining lane.,100000.0,11.031344,5.0,False,None,0.0
5,5_scenario_0,A red Sedan is overtaking (near) the ego vehicle and maintaining lane.,100000.0,5.283791,3.08,False,None,0.0
5,5_scenario_1,A black SUV is driving from the opposite direction (far) and switching lane.,1.543555,12.854819,4.04,False,None,0.0
5,5_scenario_2,A skyblue Sedan is driving ahead (near) of the ego vehicle and switching lane.,1.833235,15.673661,13.56,False,None,0.0
5,5_scenario_3,A pink Jeep is crossing the road (near) and switching lane.,100000.0,21.955893,5.0600000000000005,False,None,0.0
5,5_scenario_4,A black SUV is crossing the road (near) and switching lane.,3.169904,18.846333,0.4200000000000001,False,None,0.0
5,5_scenario_5,A black SchoolBus is crossing the road (near) and maintaining lane.,2.401379,15.569974,9.62,False,None,0.0
5,5_scenario_6,A red BoxTruck is driving ahead (far) of the ego vehicle and maintaining lane.,100000.0,8.489497,6.5,False,None,0.0
5,5_scenario_7,A black SchoolBus is driving ahead (near) of the ego vehicle and maintaining lane.,3.871446,7.931092,7.06,False,None,0.0
5,5_scenario_8,A black Jeep is overtaking (near) the ego vehicle and maintaining lane.,10.979577,3.423308,6.02,False,None,0.0
5,5_scenario_9,A black Jeep is overtaking (far) the ego vehicle and maintaining lane.,100000.0,18.399663,4.52,False,None,0.0
5,5_scenario_10,A yellow Hatchback is overtaking (far) the ego vehicle and switching lane.,100000.0,8.911631,4.04,False,None,0.0
5,5_scenario_11,A skyblue Sedan is overtaking (far) the ego vehicle and switching lane.,100000.0,8.085045,7.439999999999999,False,None,0.0
5,5_scenario_12,A white SchoolBus is driving ahead (near) of the ego vehicle and switching lane.,2.558814,7.926581,2.42,False,None,0.0
5,5_scenario_13,A pink Jeep is driving ahead (far) of the ego vehicle and maintaining lane.,100000.0,8.769391,2.76,False,None,0.0
5,5_scenario_14,A black Sedan is driving ahead (far) of the ego vehicle and maintaining lane.,100000.0,8.763592,4.3,False,None,0.0
5,5_scenario_15,A pink BoxTruck is driving ahead (near) of the ego vehicle and maintaining lane.,100000.0,8.763518,10.96,False,None,0.0
5,5_scenario_16,A black SchoolBus is overtaking (near) the ego vehicle and maintaining lane.,100000.0,5.126869,2.8600000000000003,False,None,0.0
5,5_scenario_17,A white Hatchback is driving ahead (far) of the ego vehicle and switching lane.,100000.0,8.713266,1.16,False,None,0.0
5,5_scenario_18,A black Jeep is overtaking (far) the ego vehicle and maintaining lane.,100000.0,8.657741,5.84,False,None,0.0
5,5_scenario_19,A white SchoolBus is driving ahead (far) of the ego vehicle and maintaining lane.,100000.0,8.608492,6.02,False,None,0.0
6,6_scenario_0,A black Jeep is overtaking (far) the ego vehicle and maintaining lane.,100000.0,18.705379,2.78,False,None,0.0
6,6_scenario_1,A skyblue Jeep is driving from the opposite direction (far) and maintaining lane.,4.307994,11.661299,3.12,False,None,0.0
6,6_scenario_2,A red BoxTruck is driving from the opposite direction (near) and maintaining lane.,1.267424,11.769313,9.66,False,None,0.0
6,6_scenario_3,A black Jeep is overtaking (near) the ego vehicle and maintaining lane.,0.946366,12.320274,4.5,False,None,0.0
6,6_scenario_4,A white Jeep is driving ahead (near) of the ego vehicle and maintaining lane.,0.407198,5.164192,8.74,False,None,0.0
6,6_scenario_5,A yellow SUV is overtaking (near) the ego vehicle and switching lane.,24.588456,5.912651,6.26,False,None,0.0
6,6_scenario_6,A pink Jeep is driving ahead (far) of the ego vehicle and maintaining lane.,100000.0,5.222299,11.48,False,None,0.0
6,6_scenario_7,A skyblue SchoolBus is driving ahead (far) of the ego vehicle and switching lane.,2.218137,16.795351,2.52,False,None,0.0
6,6_scenario_8,A pink Jeep is driving ahead (far) of the ego vehicle and maintaining lane.,3.8704,34.452163,0.4799999999999998,False,None,0.0
6,6_scenario_9,A yellow SchoolBus is driving from the opposite direction (near) and switching lane.,6.595125,14.717987,10.02,False,None,0.0
6,6_scenario_10,A pink Jeep is driving ahead (far) of the ego vehicle and maintaining lane.,100000.0,28.246375,6.12,False,None,0.0
6,6_scenario_11,A black Sedan is driving ahead (near) of the ego vehicle and maintaining lane.,100000.0,10.665787,5.0,False,None,0.0
6,6_scenario_12,A white Jeep is driving ahead (near) of the ego vehicle and maintaining lane.,3.359064,7.626648,5.84,False,None,0.0
6,6_scenario_13,A yellow Hatchback is crossing the road (near) and maintaining lane.,2.827958,3.208609,4.78,False,None,0.0
6,6_scenario_14,A skyblue Sedan is overtaking (far) the ego vehicle and switching lane.,100000.0,5.736762,1.5,False,None,0.0
6,6_scenario_15,A red SchoolBus is overtaking (far) the ego vehicle and switching lane.,100000.0,7.401126,1.26,False,None,0.0
6,6_scenario_16,A skyblue Sedan is driving ahead (near) of the ego vehicle and switching lane.,100000.0,8.768741,0.84,False,None,0.0
6,6_scenario_17,A red SUV is overtaking (near) the ego vehicle and maintaining lane.,100000.0,8.656543,4.62,False,None,0.0
7,7_scenario_0,A yellow Hatchback is driving ahead (near) of the ego vehicle and maintaining lane.,1.591714,13.485836,3.0,False,None,0.0
7,7_scenario_1,A black Sedan is driving ahead (far) of the ego vehicle and maintaining lane.,1.878283,12.584213,1.2800000000000002,False,None,0.0
7,7_scenario_2,A white SUV is driving ahead (far) of the ego vehicle and switching lane.,2.673324,11.103025,7.859999999999999,False,None,0.0
7,7_scenario_3,A black SchoolBus is crossing the road (far) and maintaining lane.,100000.0,23.557579,3.48,False,None,0.0
7,7_scenario_4_npc_vehicle,A black SUV is driving ahead (near) of the ego vehicle and maintaining lane.,0.0,3.220427,7.98,True,npc_vehicle,3.94095115168752
8,8_scenario_0,A red SchoolBus is overtaking (far) the ego vehicle and switching lane.,100000.0,31.040603,2.5600000000000005,False,None,0.0
8,8_scenario_1,A yellow Hatchback is overtaking (far) the ego vehicle and switching lane.,100000.0,14.562505,3.12,False,None,0.0
8,8_scenario_2,A red SchoolBus is overtaking (near) the ego vehicle and switching lane.,1.149223,10.875169,14.4,False,None,0.0
8,8_scenario_3,A black Hatchback is overtaking (near) the ego vehicle and switching lane.,1.026645,10.454008,3.98,False,None,0.0
8,8_scenario_4,A yellow SUV is overtaking (far) the ego vehicle and switching lane.,100000.0,18.488606,0.4599999999999999,False,None,0.0
8,8_scenario_5,A black Jeep is overtaking (far) the ego vehicle and maintaining lane.,100000.0,17.577282,6.16,False,None,0.0
8,8_scenario_6,A yellow SchoolBus is overtaking (far) the ego vehicle and maintaining lane.,1.637796,10.865937,15.12,False,None,0.0
8,8_scenario_7,A black Hatchback is overtaking (near) the ego vehicle and switching lane.,1.743545,21.147339,0.4599999999999999,False,None,0.0
8,8_scenario_8,A yellow SchoolBus is overtaking (far) the ego vehicle and maintaining lane.,4.171892,34.998356,0.3800000000000001,False,None,0.0
8,8_scenario_9,A white Sedan is driving ahead (far) of the ego vehicle and switching lane.,7.296542,30.927153,7.34,False,None,0.0
8,8_scenario_10,A white Sedan is driving ahead (far) of the ego vehicle and switching lane.,100000.0,27.21987,0.5999999999999999,False,None,0.0
8,8_scenario_11,A white SchoolBus is driving ahead (far) of the ego vehicle and maintaining lane.,24.082475,19.275452,5.4,False,None,0.0
8,8_scenario_12,A black SchoolBus is overtaking (near) the ego vehicle and maintaining lane.,100000.0,4.345,4.5,False,None,0.0
8,8_scenario_13,A pink SchoolBus is driving from the opposite direction (far) and maintaining lane.,100000.0,4.687534,0.92,False,None,0.0
8,8_scenario_14,A pink Sedan is driving from the opposite direction (far) and switching lane.,100000.0,8.490377,4.86,False,None,0.0
9,9_scenario_0,A white BoxTruck is overtaking (far) the ego vehicle and switching lane.,100000.0,29.591968,2.1,False,None,0.0
9,9_scenario_1,A yellow Hatchback is overtaking (far) the ego vehicle and switching lane.,100000.0,7.244311,3.88,False,None,0.0
9,9_scenario_2,A pink SUV is crossing the road (far) and switching lane.,3.039132,6.945264,7.5,False,None,0.0
9,9_scenario_3,A yellow SchoolBus is overtaking (far) the ego vehicle and maintaining lane.,2.752017,7.415821,8.3,False,None,0.0
9,9_scenario_4,A black Jeep is overtaking (far) the ego vehicle and maintaining lane.,100000.0,11.058955,2.12,False,None,0.0
9,9_scenario_5,A skyblue Jeep is overtaking (far) the ego vehicle and switching lane.,100000.0,8.394082,5.64,False,None,0.0
9,9_scenario_6,A red Hatchback is crossing the road (near) and switching lane.,100000.0,8.272802,3.3400000000000003,False,None,0.0
9,9_scenario_7,A red BoxTruck is overtaking (near) the ego vehicle and maintaining lane.,1.649744,8.297604,4.82,False,None,0.0
9,9_scenario_8,A red BoxTruck is driving ahead (far) of the ego vehicle and maintaining lane.,2.663065,7.952996,4.9,False,None,0.0
9,9_scenario_9,A white Sedan is driving ahead (far) of the ego vehicle and switching lane.,7.746017,7.772214,5.1,False,None,0.0
9,9_scenario_10,A yellow BoxTruck is overtaking (far) the ego vehicle and maintaining lane.,8.191693,7.651057,2.68,False,None,0.0
9,9_scenario_11,A pink Hatchback is driving ahead (near) of the ego vehicle and switching lane.,1.219174,3.924976,10.58,False,None,0.0
9,9_scenario_12_npc_vehicle,A white Jeep is driving ahead (near) of the ego vehicle and maintaining lane.,0.0,4.387448,4.040000000000001,True,npc_vehicle,0.6637928383057347
10,10_scenario_0,A black SchoolBus is driving ahead (near) of the ego vehicle and maintaining lane.,100000.0,15.972729,3.92,False,None,0.0
10,10_scenario_1,A white Jeep is driving ahead (near) of the ego vehicle and maintaining lane.,100000.0,19.020548,2.3400000000000003,False,None,0.0
10,10_scenario_2,A white Sedan is driving ahead (far) of the ego vehicle and switching lane.,2.673328,24.256,1.6800000000000002,False,None,0.0
10,10_scenario_3,A pink SchoolBus is crossing the road (near) and switching lane.,2.826602,8.684338,16.3,False,None,0.0
10,10_scenario_4,A yellow BoxTruck is overtaking (far) the ego vehicle and maintaining lane.,100000.0,7.326667,2.38,False,None,0.0
10,10_scenario_5_npc_vehicle,A skyblue Sedan is driving ahead (near) of the ego vehicle and switching lane.,0.0,2.02132,3.24,True,npc_vehicle,10.428195478968572
11,11_scenario_0,A red SUV is overtaking (near) the ego vehicle and maintaining lane.,1.608473,4.057703,2.28,False,None,0.0
11,11_scenario_1,A black Jeep is driving ahead (far) of the ego vehicle and switching lane.,1.919317,17.069746,4.48,False,None,0.0
11,11_scenario_2,A black Sedan is driving ahead (near) of the ego vehicle and maintaining lane.,100000.0,17.907062,9.22,False,None,0.0
11,11_scenario_3,A black SchoolBus is overtaking (near) the ego vehicle and maintaining lane.,100000.0,27.866096,2.96,False,None,0.0
11,11_scenario_4,A red SchoolBus is overtaking (far) the ego vehicle and switching lane.,2.896734,29.269775,0.56,False,None,0.0
11,11_scenario_5,A white Hatchback is driving ahead (far) of the ego vehicle and switching lane.,2.576338,23.268525,12.72,False,None,0.0
11,11_scenario_6,A pink SUV is driving from the opposite direction (far) and maintaining lane.,100000.0,19.160943,11.24,False,None,0.0
11,11_scenario_7,A red BoxTruck is overtaking (near) the ego vehicle and maintaining lane.,100000.0,26.196709,1.2799999999999998,False,None,0.0
11,11_scenario_8_npc_vehicle,A skyblue Sedan is driving ahead (near) of the ego vehicle and switching lane.,0.0,3.001317,16.259999999999998,True,npc_vehicle,7.009155562167686
12,12_scenario_0,A skyblue Sedan is overtaking (far) the ego vehicle and switching lane.,2.06865,19.477287,1.84,False,None,0.0
12,12_scenario_1,A black Sedan is driving ahead (far) of the ego vehicle and maintaining lane.,5.724333,3.936934,4.22,False,None,0.0
12,12_scenario_2,A black SchoolBus is overtaking (near) the ego vehicle and maintaining lane.,3.114518,5.648596,10.02,False,None,0.0
12,12_scenario_3,A skyblue Sedan is driving ahead (near) of the ego vehicle and switching lane.,100000.0,6.387742,5.66,False,None,0.0
12,12_scenario_4,A white Jeep is driving ahead (near) of the ego vehicle and maintaining lane.,10.428776,8.78113,3.4200000000000004,False,None,0.0
12,12_scenario_5,A skyblue Sedan is driving ahead (near) of the ego vehicle and switching lane.,1.958146,3.450387,8.879999999999999,False,None,0.0
12,12_scenario_6_npc_vehicle,A white SchoolBus is driving ahead (far) of the ego vehicle and maintaining lane.,0.0,3.132665,6.859999999999999,True,npc_vehicle,7.634011815741898
13,13_scenario_0,A yellow Hatchback is overtaking (near) the ego vehicle and maintaining lane.,100000.0,5.425068,3.74,False,None,0.0
13,13_scenario_1,A skyblue Hatchback is driving ahead (far) of the ego vehicle and maintaining lane.,1.522145,12.500818,3.98,False,None,0.0
13,13_scenario_2,A white BoxTruck is overtaking (far) the ego vehicle and switching lane.,100000.0,23.065232,13.16,False,None,0.0
13,13_scenario_3,A skyblue BoxTruck is driving ahead (near) of the ego vehicle and switching lane.,22.075219,14.810742,3.2,False,None,0.0
13,13_scenario_4,A pink Jeep is driving ahead (far) of the ego vehicle and maintaining lane.,27.720127,16.837646,0.28,False,None,0.0
13,13_scenario_5,A yellow SchoolBus is overtaking (far) the ego vehicle and maintaining lane.,2.266652,16.779907,14.62,False,None,0.0
13,13_scenario_6,A red SchoolBus is overtaking (near) the ego vehicle and switching lane.,100000.0,14.084183,5.920000000000001,False,None,0.0
13,13_scenario_7,A skyblue Hatchback is driving from the opposite direction (far) and maintaining lane.,2.283262,18.992638,3.14,False,None,0.0
13,13_scenario_8,A yellow BoxTruck is overtaking (far) the ego vehicle and maintaining lane.,100000.0,22.296752,0.5599999999999998,False,None,0.0
13,13_scenario_9,A skyblue Jeep is driving from the opposite direction (far) and maintaining lane.,7.28141,20.271211,1.58,False,None,0.0
13,13_scenario_10_npc_vehicle,A black Sedan is driving ahead (near) of the ego vehicle and maintaining lane.,0.0,4.817929,9.38,True,npc_vehicle,1.550152518767568
14,14_scenario_0,A red SUV is overtaking (near) the ego vehicle and maintaining lane.,100000.0,6.312982,2.46,False,None,0.0
14,14_scenario_1,A white Hatchback is overtaking (far) the ego vehicle and maintaining lane.,1.25083,4.080499,5.76,False,None,0.0
14,14_scenario_2,A skyblue Hatchback is driving ahead (far) of the ego vehicle and maintaining lane.,1.185373,3.720309,10.64,False,None,0.0
14,14_scenario_3,A black Jeep is overtaking (near) the ego vehicle and maintaining lane.,1.069867,9.457789,3.2,False,None,0.0
14,14_scenario_4,A red SchoolBus is driving from the opposite direction (near) and maintaining lane.,100000.0,8.632527,0.0,False,None,0.0
14,14_scenario_5,A white Sedan is driving ahead (far) of the ego vehicle and switching lane.,100000.0,8.523396,0.0,False,None,0.0
14,14_scenario_6,A black SUV is driving from the opposite direction (far) and switching lane.,100000.0,8.523396,0.0,False,None,0.0
14,14_scenario_7,A black SchoolBus is overtaking (near) the ego vehicle and maintaining lane.,100000.0,6.086812,0.0,False,None,0.0
14,14_scenario_8,A red BoxTruck is driving from the opposite direction (far) and maintaining lane.,100000.0,4.839519,0.0,False,None,0.0
15,15_scenario_0,A black SchoolBus is driving ahead (near) of the ego vehicle and maintaining lane.,100000.0,15.506505,11.6,False,None,0.0
15,15_scenario_1,A red Hatchback is crossing the road (far) and switching lane.,100000.0,20.845338,2.18,False,None,0.0
15,15_scenario_2,A black Jeep is driving ahead (near) of the ego vehicle and switching lane.,1.8566,5.556833,8.58,False,None,0.0
15,15_scenario_3,A black Jeep is overtaking (far) the ego vehicle and maintaining lane.,0.977217,12.77716,5.48,False,None,0.0
15,15_scenario_4,A white SUV is driving ahead (far) of the ego vehicle and switching lane.,1.370777,6.399647,6.68,False,None,0.0
15,15_scenario_5,A white BoxTruck is overtaking (far) the ego vehicle and switching lane.,100000.0,5.498083,0.0,False,None,0.0
15,15_scenario_6,A skyblue Hatchback is driving ahead (far) of the ego vehicle and maintaining lane.,100000.0,7.678559,0.0,False,None,0.0
15,15_scenario_7,A pedestrian is crossing the road from left to right.,100000.0,11.341916,0.0,False,None,0.0
15,15_scenario_8,A black Sedan is driving ahead (far) of the ego vehicle and maintaining lane.,100000.0,11.241644,0.0,False,None,0.0
15,15_scenario_9,A white SchoolBus is driving ahead (far) of the ego vehicle and maintaining lane.,100000.0,11.241644,0.0,False,None,0.0
16,16_scenario_0,A pink Jeep is driving ahead (far) of the ego vehicle and maintaining lane.,100000.0,41.543231,1.8000000000000005,False,None,0.0
16,16_scenario_1,A skyblue BoxTruck is driving ahead (near) of the ego vehicle and switching lane.,5.134994,45.583481,4.24,False,None,0.0
16,16_scenario_2,A red BoxTruck is driving from the opposite direction (far) and maintaining lane.,100000.0,22.09429,8.36,False,None,0.0
16,16_scenario_3,A yellow SchoolBus is overtaking (far) the ego vehicle and maintaining lane.,100000.0,35.875342,3.68,False,None,0.0
16,16_scenario_4,A red BoxTruck is overtaking (near) the ego vehicle and maintaining lane.,100000.0,3.862862,0.5199999999999999,False,None,0.0
16,16_scenario_5,A black Hatchback is overtaking (near) the ego vehicle and switching lane.,100000.0,5.752899,13.3,False,None,0.0
16,16_scenario_6,A white SchoolBus is driving ahead (near) of the ego vehicle and switching lane.,2.441071,11.224229,8.459999999999999,False,None,0.0
16,16_scenario_7,A pink Sedan is driving from the opposite direction (far) and switching lane.,3.158619,23.289551,7.939999999999999,False,None,0.0
16,16_scenario_8,A skyblue SUV is crossing the road (far) and maintaining lane.,100000.0,36.857861,1.3400000000000003,False,None,0.0
16,16_scenario_9,A black Jeep is overtaking (near) the ego vehicle and maintaining lane.,100000.0,5.817266,0.8,False,None,0.0
16,16_scenario_10,A red SUV is driving ahead (far) of the ego vehicle and maintaining lane.,100000.0,8.261648,3.92,False,None,0.0
16,16_scenario_11,A red SUV is overtaking (near) the ego vehicle and maintaining lane.,100000.0,6.799683,6.38,False,None,0.0
16,16_scenario_12,A white Sedan is driving ahead (far) of the ego vehicle and switching lane.,100000.0,6.860767,4.22,False,None,0.0
16,16_scenario_13,A black SchoolBus is driving ahead (near) of the ego vehicle and maintaining lane.,100000.0,4.380766,3.24,False,None,0.0
16,16_scenario_14,A red SchoolBus is driving from the opposite direction (near) and maintaining lane.,100000.0,8.836753,2.64,False,None,0.0
16,16_scenario_15,A white Sedan is driving ahead (far) of the ego vehicle and switching lane.,100000.0,8.844624,0.72,False,None,0.0
16,16_scenario_16,A yellow SchoolBus is overtaking (far) the ego vehicle and maintaining lane.,100000.0,6.579499,5.66,False,None,0.0
17,17_scenario_0,A red BoxTruck is driving ahead (far) of the ego vehicle and switching lane.,100000.0,28.175691,2.28,False,None,0.0
17,17_scenario_1,A black Jeep is overtaking (near) the ego vehicle and maintaining lane.,0.78334,7.919143,4.32,False,None,0.0
17,17_scenario_2,A black Jeep is overtaking (far) the ego vehicle and maintaining lane.,0.593192,6.645343,10.06,False,None,0.0
17,17_scenario_3,A white SUV is driving ahead (far) of the ego vehicle and switching lane.,0.764994,7.025804,8.12,False,None,0.0
17,17_scenario_4,A yellow Hatchback is driving ahead (near) of the ego vehicle and maintaining lane.,0.329394,5.247172,10.26,False,None,0.0
17,17_scenario_5,A yellow Hatchback is overtaking (near) the ego vehicle and maintaining lane.,23.697216,3.860181,6.199999999999999,False,None,0.0
17,17_scenario_6,A white Hatchback is driving ahead (far) of the ego vehicle and switching lane.,1.426948,3.813116,7.94,False,None,0.0
17,17_scenario_7,A white SchoolBus is driving from the opposite direction (far) and switching lane.,2.055923,3.937511,4.800000000000001,False,None,0.0
17,17_scenario_8,A skyblue BoxTruck is driving ahead (near) of the ego vehicle and switching lane.,4.879544,10.693531,2.28,False,None,0.0
17,17_scenario_9,A yellow Sedan is overtaking (far) the ego vehicle and maintaining lane.,6.360476,13.399111,0.3,False,None,0.0
17,17_scenario_10,A skyblue SUV is crossing the road (far) and maintaining lane.,8.908157,4.578657,8.44,False,None,0.0
17,17_scenario_11,A skyblue Sedan is driving ahead (near) of the ego vehicle and switching lane.,100000.0,7.415348,10.58,False,None,0.0
17,17_scenario_12,A red SchoolBus is overtaking (far) the ego vehicle and switching lane.,100000.0,5.404809,4.640000000000001,False,None,0.0
17,17_scenario_13,A red BoxTruck is driving ahead (far) of the ego vehicle and switching lane.,100000.0,8.155576,2.04,False,None,0.0
17,17_scenario_14,A pink SchoolBus is crossing the road (near) and switching lane.,100000.0,8.201161,2.44,False,None,0.0
17,17_scenario_15,A white BoxTruck is overtaking (near) the ego vehicle and switching lane.,100000.0,8.227669,1.2000000000000002,False,None,0.0
17,17_scenario_16,A skyblue Sedan is driving ahead (near) of the ego vehicle and switching lane.,100000.0,12.759351,5.9,False,None,0.0
18,18_scenario_0,A red SchoolBus is overtaking (near) the ego vehicle and switching lane.,100000.0,8.094696,1.8200000000000005,False,None,0.0
18,18_scenario_1,A white SchoolBus is driving from the opposite direction (far) and switching lane.,3.387844,7.592882,3.76,False,None,0.0
18,18_scenario_2,A black Sedan is driving ahead (near) of the ego vehicle and maintaining lane.,1.30187,6.840918,10.32,False,None,0.0
18,18_scenario_3,A skyblue Jeep is overtaking (far) the ego vehicle and switching lane.,1.422602,6.496043,5.96,False,None,0.0
18,18_scenario_4,A red SUV is driving ahead (far) of the ego vehicle and maintaining lane.,100000.0,8.666451,0.8999999999999999,False,None,0.0
18,18_scenario_5,A black Sedan is driving ahead (near) of the ego vehicle and maintaining lane.,2.123061,11.991193,10.24,False,None,0.0
18,18_scenario_6,A red BoxTruck is driving ahead (far) of the ego vehicle and switching lane.,100000.0,15.276299,11.079999999999998,False,None,0.0
18,18_scenario_7,A pink Jeep is crossing the road (near) and switching lane.,100000.0,20.206182,2.06,False,None,0.0
18,18_scenario_8,A pink SUV is crossing the road (far) and switching lane.,100000.0,19.560418,2.12,False,None,0.0
18,18_scenario_9,A yellow Hatchback is overtaking (near) the ego vehicle and maintaining lane.,100000.0,4.530534,3.58,False,None,0.0
18,18_scenario_10,A skyblue Sedan is overtaking (far) the ego vehicle and switching lane.,100000.0,4.263673,6.279999999999999,False,None,0.0
18,18_scenario_11,A white SchoolBus is driving ahead (far) of the ego vehicle and maintaining lane.,100000.0,7.758625,4.14,False,None,0.0
18,18_scenario_12,A pink SUV is overtaking (far) the ego vehicle and maintaining lane.,25.873708,8.63323,4.36,False,None,0.0
18,18_scenario_13,A red Hatchback is crossing the road (near) and switching lane.,100000.0,6.126659,4.02,False,None,0.0
18,18_scenario_14,A pink SUV is crossing the road (far) and switching lane.,100000.0,8.102743,2.24,False,None,0.0
18,18_scenario_15,A red BoxTruck is driving ahead (far) of the ego vehicle and maintaining lane.,100000.0,9.609597,1.96,False,None,0.0
18,18_scenario_16,A skyblue Sedan is overtaking (far) the ego vehicle and switching lane.,100000.0,9.130239,4.54,False,None,0.0
19,19_scenario_0,A skyblue SchoolBus is driving ahead (far) of the ego vehicle and switching lane.,100000.0,43.379512,2.24,False,None,0.0
19,19_scenario_1,A yellow Sedan is overtaking (near) the ego vehicle and switching lane.,4.887653,3.557661,3.78,False,None,0.0
19,19_scenario_2,A yellow Sedan is overtaking (far) the ego vehicle and maintaining lane.,1.470531,3.996218,10.34,False,None,0.0
19,19_scenario_3,A red SchoolBus is driving from the opposite direction (near) and maintaining lane.,100000.0,6.8942,7.48,False,None,0.0
19,19_scenario_4,A skyblue Jeep is overtaking (far) the ego vehicle and switching lane.,100000.0,16.280883,1.4799999999999998,False,None,0.0
19,19_scenario_5,A red BoxTruck is driving ahead (far) of the ego vehicle and maintaining lane.,2.238955,20.675704,9.7,False,None,0.0
19,19_scenario_6,A pink SchoolBus is driving from the opposite direction (far) and maintaining lane.,100000.0,10.607911,12.0,False,None,0.0
19,19_scenario_7,A yellow Hatchback is overtaking (near) the ego vehicle and maintaining lane.,100000.0,3.996726,2.2,False,None,0.0
19,19_scenario_8,A pink BoxTruck is driving ahead (near) of the ego vehicle and maintaining lane.,100000.0,3.863599,8.7,False,None,0.0
19,19_scenario_9,A red SchoolBus is overtaking (far) the ego vehicle and switching lane.,100000.0,14.17591,5.6,False,None,0.0
19,19_scenario_10,A red BoxTruck is driving ahead (far) of the ego vehicle and switching lane.,100000.0,5.999507,5.44,False,None,0.0
19,19_scenario_11,A yellow SUV is overtaking (near) the ego vehicle and switching lane.,100000.0,3.717633,0.8599999999999999,False,None,0.0
19,19_scenario_12,A red Jeep is overtaking (near) the ego vehicle and switching lane.,100000.0,4.923256,2.66,False,None,0.0
19,19_scenario_13,A red BoxTruck is overtaking (near) the ego vehicle and maintaining lane.,100000.0,8.419401,3.94,False,None,0.0
19,19_scenario_14,A yellow Hatchback is driving ahead (near) of the ego vehicle and maintaining lane.,100000.0,11.578801,1.04,False,None,0.0
19,19_scenario_15,A yellow Sedan is overtaking (far) the ego vehicle and maintaining lane.,100000.0,11.452193,6.96,False,None,0.0
