Execution,ScenarioID,Configuration_API_Description,Attribute[TTC],Attribute[DTO],Attribute[Jerk],Attribute[COL],Attribute[COLT],Attribute[SAC]
0,0_scenario_0,A red BoxTruck is driving ahead (far) of the ego vehicle and switching lane.,21.277918,50.260298,3.04,False,None,0.0
0,0_scenario_1,A white BoxTruck is overtaking (far) the ego vehicle and switching lane.,45.286633,33.246426,1.8,False,None,0.0
0,0_scenario_2,A pedestrian is crossing the road from right to left.,9.748005,11.047176,8.36,False,None,0.0
0,0_scenario_3,A pink SUV is overtaking (far) the ego vehicle and maintaining lane.,1.298308,6.254772,5.68,False,None,0.0
0,0_scenario_4,A pink Jeep is crossing the road (near) and switching lane.,100000.0,6.302339,5.74,False,None,0.0
0,0_scenario_5_pedestrian,A black Sedan is driving ahead (near) of the ego vehicle and maintaining lane.,0.0,2.638732,8.440000000000001,True,pedestrian,1.8317267761067724
1,1_scenario_0,A white Hatchback is overtaking (far) the ego vehicle and maintaining lane.,100000.0,29.440697,3.22,False,None,0.0
1,1_scenario_1,A pink Sedan is driving from the opposite direction (far) and switching lane.,5.542281,9.555521,1.4999999999999998,False,None,0.0
1,1_scenario_2,A red SUV is driving ahead (far) of the ego vehicle and maintaining lane.,7.513862,6.030925,3.22,False,None,0.0
1,1_scenario_3,A red BoxTruck is driving ahead (far) of the ego vehicle and switching lane.,23.723976,4.520477,6.859999999999999,False,None,0.0
1,1_scenario_4,A red BoxTruck is overtaking (near) the ego vehicle and maintaining lane.,3.95501,3.960069,6.7,False,None,0.0
1,1_scenario_5,A red BoxTruck is driving from the opposite direction (far) and maintaining lane.,4.794332,8.036314,11.26,False,None,0.0
1,1_scenario_6,A pink Jeep is crossing the road (near) and switching lane.,5.579973,10.009852,5.94,False,None,0.0
1,1_scenario_7,A yellow SUV is overtaking (near) the ego vehicle and switching lane.,3.27786,14.879388,3.72,False,None,0.0
1,1_scenario_8,A pink BoxTruck is crossing the road (near) and switching lane.,1.597321,10.246748,6.28,False,None,0.0
1,1_scenario_9,A black Sedan is driving ahead (far) of the ego vehicle and maintaining lane.,2.933609,27.221021,3.72,False,None,0.0
1,1_scenario_10,A black SchoolBus is driving ahead (near) of the ego vehicle and maintaining lane.,2.71204,13.443628,4.42,False,None,0.0
1,1_scenario_11,A yellow Sedan is overtaking (far) the ego vehicle and maintaining lane.,6.400565,11.441171,4.24,False,None,0.0
1,1_scenario_12,A white Sedan is driving ahead (far) of the ego vehicle and switching lane.,7.393944,3.193416,6.14,False,None,0.0
1,1_scenario_13,A skyblue Jeep is driving from the opposite direction (far) and maintaining lane.,9.529256,7.383944,1.08,False,None,0.0
1,1_scenario_14,A skyblue BoxTruck is driving ahead (near) of the ego vehicle and switching lane.,100000.0,25.676003,6.04,False,None,0.0
2,2_scenario_0,A yellow Hatchback is overtaking (near) the ego vehicle and maintaining lane.,2.619193,4.779127,4.94,False,None,0.0
2,2_scenario_1,A red SUV is driving ahead (far) of the ego vehicle and maintaining lane.,5.022523,3.825967,13.18,False,None,0.0
2,2_scenario_2,A skyblue SchoolBus is driving ahead (far) of the ego vehicle and switching lane.,28.513259,5.444395,1.7400000000000002,False,None,0.0
2,2_scenario_3,A yellow Sedan is driving from the opposite direction (near) and switching lane.,4.459184,5.568611,7.16,False,None,0.0
2,2_scenario_4,A pink Jeep is driving ahead (far) of the ego vehicle and maintaining lane.,2.554056,7.795376,2.54,False,None,0.0
2,2_scenario_5,A white SUV is driving ahead (far) of the ego vehicle and switching lane.,2.487312,11.629237,1.64,False,None,0.0
2,2_scenario_6,A black Hatchback is overtaking (near) the ego vehicle and switching lane.,2.112081,8.175295,14.94,False,None,0.0
2,2_scenario_7,A white SchoolBus is driving ahead (far) of the ego vehicle and maintaining lane.,7.751548,7.891507,12.82,False,None,0.0
2,2_scenario_8,A white SchoolBus is driving ahead (near) of the ego vehicle and switching lane.,3.184811,14.242417,2.5,False,None,0.0
2,2_scenario_9,A red BoxTruck is driving ahead (far) of the ego vehicle and maintaining lane.,7.807317,30.21655,4.26,False,None,0.0
2,2_scenario_10,A red SUV is overtaking (near) the ego vehicle and maintaining lane.,19.211018,3.273302,5.7,False,None,0.0
2,2_scenario_11,A white Jeep is driving ahead (near) of the ego vehicle and maintaining lane.,1.189084,12.048789,7.9,False,None,0.0
2,2_scenario_12,A red SUV is overtaking (near) the ego vehicle and maintaining lane.,1.454115,6.169617,3.42,False,None,0.0
2,2_scenario_13,A black SUV is driving ahead (near) of the ego vehicle and maintaining lane.,4.270229,12.438113,0.7399999999999999,False,None,0.0
3,3_scenario_0,A yellow SchoolBus is overtaking (far) the ego vehicle and maintaining lane.,100000.0,27.053108,2.88,False,None,0.0
3,3_scenario_1,A black SchoolBus is crossing the road (near) and maintaining lane.,1.268899,9.949476,2.64,False,None,0.0
3,3_scenario_2,A black Jeep is driving ahead (far) of the ego vehicle and switching lane.,100000.0,6.103762,5.26,False,None,0.0
3,3_scenario_3,A white Jeep is driving ahead (near) of the ego vehicle and maintaining lane.,0.451655,3.9274,7.779999999999999,False,None,0.0
3,3_scenario_4,A yellow SchoolBus is driving from the opposite direction (near) and switching lane.,8.75542,8.090995,7.88,False,None,0.0
3,3_scenario_5,A white SchoolBus is driving ahead (near) of the ego vehicle and switching lane.,9.201874,7.221163,0.68,False,None,0.0
3,3_scenario_6,A yellow SchoolBus is overtaking (far) the ego vehicle and maintaining lane.,10.205078,9.053036,12.54,False,None,0.0
3,3_scenario_7,A pedestrian is crossing the road from left to right.,21.930448,4.128499,8.94,False,None,0.0
3,3_scenario_8,A pink Jeep is driving ahead (far) of the ego vehicle and maintaining lane.,5.378758,2.557704,5.8,False,None,0.0
3,3_scenario_9,A black Sedan is driving ahead (near) of the ego vehicle and maintaining lane.,8.208637,4.931194,4.9,False,None,0.0
3,3_scenario_10,A yellow Sedan is overtaking (far) the ego vehicle and maintaining lane.,8.249586,3.324799,4.6000000000000005,False,None,0.0
3,3_scenario_11,A black SchoolBus is crossing the road (far) and maintaining lane.,2.417456,14.292418,1.44,False,None,0.0
3,3_scenario_12,A black Jeep is overtaking (near) the ego vehicle and maintaining lane.,4.244842,3.352408,7.0600000000000005,False,None,0.0
3,3_scenario_13,A red SchoolBus is overtaking (far) the ego vehicle and switching lane.,3.635453,14.837394,4.04,False,None,0.0
3,3_scenario_14,A red Hatchback is driving from the opposite direction (near) and switching lane.,3.291533,9.468383,10.42,False,None,0.0
3,3_scenario_15,A pink Hatchback is crossing the road (far) and maintaining lane.,2.804164,9.400588,3.24,False,None,0.0
3,3_scenario_16,A black SchoolBus is overtaking (near) the ego vehicle and maintaining lane.,8.661079,3.921896,9.06,False,None,0.0
3,3_scenario_17,A white SUV is driving ahead (far) of the ego vehicle and switching lane.,3.302134,4.376913,6.04,False,None,0.0
3,3_scenario_18,A red Sedan is overtaking (near) the ego vehicle and maintaining lane.,7.231051,4.731699,3.12,False,None,0.0
3,3_scenario_19,A red SchoolBus is overtaking (near) the ego vehicle and switching lane.,6.622843,9.740164,3.88,False,None,0.0
3,3_scenario_20,A pink Sedan is driving from the opposite direction (far) and switching lane.,100000.0,11.031509,4.32,False,None,0.0
4,4_scenario_0,A black Sedan is driving ahead (far) of the ego vehicle and maintaining lane.,19.714974,50.248024,3.18,False,None,0.0
4,4_scenario_1,A white SUV is driving ahead (far) of the ego vehicle and switching lane.,23.622271,56.773485,2.22,False,None,0.0
4,4_scenario_2,A black Hatchback is overtaking (near) the ego vehicle and switching lane.,0.970947,2.626842,6.94,False,None,0.0
4,4_scenario_3_npc_vehicle,A black Hatchback is overtaking (near) the ego vehicle and switching lane.,0.0,2.699138,6.26,True,npc_vehicle,1.3305481198196087
5,5_scenario_0,A yellow SUV is overtaking (far) the ego vehicle and switching lane.,4.783557,14.046087,3.48,False,None,0.0
5,5_scenario_1,A red BoxTruck is driving ahead (far) of the ego vehicle and maintaining lane.,6.304957,17.000512,1.16,False,None,0.0
5,5_scenario_2,A black SchoolBus is crossing the road (far) and maintaining lane.,5.308224,14.750154,6.839999999999999,False,None,0.0
5,5_scenario_3,A yellow BoxTruck is overtaking (far) the ego vehicle and maintaining lane.,5.090722,14.268498,5.3,False,None,0.0
5,5_scenario_4,A black SUV is driving from the opposite direction (far) and switching lane.,18.610156,15.392438,3.24,False,None,0.0
5,5_scenario_5,A white SchoolBus is driving ahead (near) of the ego vehicle and switching lane.,2.225606,9.716528,9.82,False,None,0.0
5,5_scenario_6,A white SchoolBus is crossing the road (far) and switching lane.,3.636876,11.146366,6.5200000000000005,False,None,0.0
5,5_scenario_7,A pink Jeep is driving ahead (far) of the ego vehicle and maintaining lane.,3.682047,10.909338,3.3,False,None,0.0
5,5_scenario_8,A yellow SchoolBus is overtaking (far) the ego vehicle and maintaining lane.,7.419323,7.942644,5.9,False,None,0.0
5,5_scenario_9,A black Jeep is overtaking (near) the ego vehicle and maintaining lane.,9.680081,6.843467,6.18,False,None,0.0
5,5_scenario_10,A red BoxTruck is overtaking (near) the ego vehicle and maintaining lane.,17.296074,3.695632,7.0,False,None,0.0
5,5_scenario_11,A white SchoolBus is driving ahead (far) of the ego vehicle and maintaining lane.,2.30127,3.652656,3.84,False,None,0.0
5,5_scenario_12,A red BoxTruck is driving ahead (far) of the ego vehicle and switching lane.,3.378083,33.889166,6.36,False,None,0.0
5,5_scenario_13,A pink Sedan is driving from the opposite direction (far) and switching lane.,12.173189,49.15729,7.68,False,None,0.0
5,5_scenario_14,A skyblue BoxTruck is driving ahead (near) of the ego vehicle and switching lane.,3.863946,15.64901,7.939999999999999,False,None,0.0
5,5_scenario_15,A white BoxTruck is overtaking (near) the ego vehicle and switching lane.,7.74732,11.705288,4.959999999999999,False,None,0.0
5,5_scenario_16,A pink SUV is overtaking (far) the ego vehicle and maintaining lane.,0.940667,3.619316,5.56,False,None,0.0
5,5_scenario_17,A red Hatchback is crossing the road (far) and switching lane.,100000.0,3.361193,7.0,False,None,0.0
5,5_scenario_18,A yellow Hatchback is driving ahead (near) of the ego vehicle and maintaining lane.,5.524064,19.54559,6.8,False,None,0.0
5,5_scenario_19,A yellow Hatchback is overtaking (far) the ego vehicle and switching lane.,13.772522,6.880691,6.86,False,None,0.0
5,5_scenario_20,A white SUV is driving ahead (far) of the ego vehicle and switching lane.,4.744194,27.475991,6.54,False,None,0.0
6,6_scenario_0,A white BoxTruck is driving from the opposite direction (far) and switching lane.,5.358005,51.302132,3.3,False,None,0.0
6,6_scenario_1,A yellow Sedan is overtaking (far) the ego vehicle and maintaining lane.,8.987465,39.941923,5.680000000000001,False,None,0.0
6,6_scenario_2,A skyblue SchoolBus is driving ahead (far) of the ego vehicle and switching lane.,7.892215,29.973538,11.82,False,None,0.0
6,6_scenario_3,A white BoxTruck is driving from the opposite direction (far) and switching lane.,12.506049,19.5658,9.6,False,None,0.0
6,6_scenario_4,A white Hatchback is overtaking (far) the ego vehicle and maintaining lane.,20.113075,9.178344,8.66,False,None,0.0
6,6_scenario_5,A red BoxTruck is driving from the opposite direction (near) and maintaining lane.,2.644399,5.605584,6.059999999999999,False,None,0.0
6,6_scenario_6,A red BoxTruck is driving from the opposite direction (near) and maintaining lane.,12.803383,3.94142,8.5,False,None,0.0
6,6_scenario_7,A pink Jeep is driving ahead (far) of the ego vehicle and maintaining lane.,5.174046,7.753527,5.760000000000001,False,None,0.0
6,6_scenario_8,A white Hatchback is driving ahead (far) of the ego vehicle and switching lane.,4.657496,3.607489,8.7,False,None,0.0
6,6_scenario_9,A red BoxTruck is driving ahead (far) of the ego vehicle and switching lane.,3.713179,11.937894,5.720000000000001,False,None,0.0
6,6_scenario_10,A black Sedan is driving ahead (near) of the ego vehicle and maintaining lane.,4.665459,7.822218,7.02,False,None,0.0
6,6_scenario_11,A white SchoolBus is driving ahead (far) of the ego vehicle and maintaining lane.,4.730422,17.392172,5.42,False,None,0.0
6,6_scenario_12,A pink Sedan is driving from the opposite direction (far) and maintaining lane.,5.081928,30.278962,5.56,False,None,0.0
6,6_scenario_13,A pink SUV is overtaking (far) the ego vehicle and maintaining lane.,16.408939,12.143579,4.44,False,None,0.0
6,6_scenario_14,A yellow Hatchback is overtaking (near) the ego vehicle and maintaining lane.,100000.0,9.718861,3.94,False,None,0.0
6,6_scenario_15,A yellow Hatchback is driving ahead (near) of the ego vehicle and maintaining lane.,9.314703,6.819617,5.84,False,None,0.0
7,7_scenario_0,A pink SUV is overtaking (far) the ego vehicle and maintaining lane.,100000.0,25.894627,3.6,False,None,0.0
7,7_scenario_1,A white Sedan is driving ahead (far) of the ego vehicle and switching lane.,58.966932,6.411344,2.3,False,None,0.0
7,7_scenario_2,A red SUV is driving ahead (far) of the ego vehicle and maintaining lane.,82.047909,3.946509,1.6,False,None,0.0
7,7_scenario_3,A pink Sedan is driving from the opposite direction (far) and maintaining lane.,4.941752,3.809332,1.58,False,None,0.0
7,7_scenario_4,A black Sedan is driving ahead (near) of the ego vehicle and maintaining lane.,34.490633,7.484918,0.9,False,None,0.0
7,7_scenario_5,A pink SchoolBus is crossing the road (near) and switching lane.,1.697428,12.736573,10.8,False,None,0.0
7,7_scenario_6,A black SchoolBus is overtaking (near) the ego vehicle and maintaining lane.,5.457179,17.656347,2.38,False,None,0.0
7,7_scenario_7,A yellow Hatchback is overtaking (far) the ego vehicle and switching lane.,7.28776,14.528431,4.380000000000001,False,None,0.0
7,7_scenario_8,A white Hatchback is driving ahead (far) of the ego vehicle and switching lane.,4.270536,3.703185,8.98,False,None,0.0
7,7_scenario_9,A white SUV is driving ahead (far) of the ego vehicle and switching lane.,1.988886,4.988154,4.18,False,None,0.0
7,7_scenario_10_npc_vehicle,A pink SchoolBus is crossing the road (near) and switching lane.,0.0,4.344819,3.9,True,npc_vehicle,0.2115338684811909
8,8_scenario_0,A white Sedan is driving ahead (far) of the ego vehicle and switching lane.,11.584295,51.040706,4.4,False,None,0.0
8,8_scenario_1,A pedestrian is crossing the road from right to left.,9.789977,12.279218,7.8,False,None,0.0
8,8_scenario_2,A black Sedan is driving ahead (near) of the ego vehicle and maintaining lane.,12.576219,3.939149,3.84,False,None,0.0
8,8_scenario_3,A white Hatchback is driving ahead (far) of the ego vehicle and switching lane.,93.176199,12.707318,1.44,False,None,0.0
8,8_scenario_4,A yellow Sedan is crossing the road (far) and maintaining lane.,2.349033,24.84095,11.32,False,None,0.0
8,8_scenario_5,A pink Hatchback is driving from the opposite direction (far) and switching lane.,10.586329,39.150802,4.3,False,None,0.0
8,8_scenario_6,A yellow Sedan is overtaking (near) the ego vehicle and switching lane.,2.289261,12.731834,14.42,False,None,0.0
8,8_scenario_7,A yellow SchoolBus is overtaking (far) the ego vehicle and maintaining lane.,3.869939,15.075431,6.08,False,None,0.0
8,8_scenario_8,A red Sedan is overtaking (near) the ego vehicle and maintaining lane.,13.041721,13.212384,4.5,False,None,0.0
8,8_scenario_9,A skyblue BoxTruck is driving ahead (near) of the ego vehicle and switching lane.,2.853221,7.346441,4.32,False,None,0.0
8,8_scenario_10,A yellow SchoolBus is driving from the opposite direction (near) and switching lane.,3.975271,9.979067,4.5600000000000005,False,None,0.0
8,8_scenario_11,A red SUV is driving ahead (far) of the ego vehicle and maintaining lane.,3.751016,8.658355,18.42,False,None,0.0
8,8_scenario_12,A yellow Hatchback is overtaking (far) the ego vehicle and switching lane.,4.314618,5.20759,7.819999999999999,False,None,0.0
8,8_scenario_13,A white BoxTruck is driving from the opposite direction (far) and switching lane.,11.174866,3.253122,1.94,False,None,0.0
8,8_scenario_14,A red SchoolBus is overtaking (far) the ego vehicle and switching lane.,3.008452,4.878837,3.84,False,None,0.0
8,8_scenario_15,A red BoxTruck is overtaking (near) the ego vehicle and maintaining lane.,100000.0,4.053753,0.92,False,None,0.0
8,8_scenario_16,A black Jeep is overtaking (near) the ego vehicle and maintaining lane.,2.26783,4.605715,6.14,False,None,0.0
8,8_scenario_17,A red BoxTruck is driving ahead (far) of the ego vehicle and switching lane.,30.197979,30.36915,7.04,False,None,0.0
9,9_scenario_0,A black Jeep is overtaking (near) the ego vehicle and maintaining lane.,7.043642,4.49403,4.44,False,None,0.0
9,9_scenario_1,A white SUV is driving ahead (far) of the ego vehicle and switching lane.,4.655686,3.839557,3.08,False,None,0.0
9,9_scenario_2,A pink SUV is crossing the road (far) and switching lane.,2.12661,6.510728,1.3200000000000005,False,None,0.0
9,9_scenario_3,A white Sedan is driving ahead (far) of the ego vehicle and switching lane.,51.360399,14.280023,3.7,False,None,0.0
9,9_scenario_4,A yellow Hatchback is overtaking (far) the ego vehicle and switching lane.,100000.0,15.2171,0.56,False,None,0.0
9,9_scenario_5,A red SUV is overtaking (near) the ego vehicle and maintaining lane.,2.027538,15.514191,6.279999999999999,False,None,0.0
9,9_scenario_6,A yellow Sedan is overtaking (far) the ego vehicle and maintaining lane.,4.514024,15.360806,15.4,False,None,0.0
9,9_scenario_7,A yellow Sedan is driving from the opposite direction (near) and switching lane.,7.670602,15.227289,8.06,False,None,0.0
9,9_scenario_8,A black Hatchback is overtaking (near) the ego vehicle and switching lane.,3.988903,2.794613,6.459999999999999,False,None,0.0
9,9_scenario_9,A red BoxTruck is driving ahead (far) of the ego vehicle and maintaining lane.,2.180686,7.111215,4.08,False,None,0.0
9,9_scenario_10,A skyblue BoxTruck is driving ahead (near) of the ego vehicle and switching lane.,2.831944,4.191779,12.1,False,None,0.0
9,9_scenario_11,A red SUV is driving ahead (far) of the ego vehicle and maintaining lane.,2.864112,3.99405,3.96,False,None,0.0
9,9_scenario_12,A red SUV is driving ahead (far) of the ego vehicle and maintaining lane.,20.66129,5.197347,5.540000000000001,False,None,0.0
9,9_scenario_13,A yellow BoxTruck is overtaking (far) the ego vehicle and maintaining lane.,100000.0,17.8897,3.46,False,None,0.0
9,9_scenario_14,A red SUV is driving ahead (far) of the ego vehicle and maintaining lane.,100000.0,5.126788,2.5,False,None,0.0
9,9_scenario_15,A black Jeep is overtaking (near) the ego vehicle and maintaining lane.,100000.0,4.737707,1.64,False,None,0.0
10,10_scenario_0,A yellow BoxTruck is overtaking (far) the ego vehicle and maintaining lane.,100000.0,33.984777,2.66,False,None,0.0
10,10_scenario_1,A black Sedan is driving ahead (near) of the ego vehicle and maintaining lane.,7.565584,8.597766,5.42,False,None,0.0
10,10_scenario_2,A black Jeep is driving ahead (far) of the ego vehicle and switching lane.,8.048347,10.74764,2.04,False,None,0.0
10,10_scenario_3,A white Hatchback is driving ahead (far) of the ego vehicle and switching lane.,100000.0,8.880076,0.6999999999999998,False,None,0.0
10,10_scenario_4,A yellow Hatchback is overtaking (near) the ego vehicle and maintaining lane.,42.494402,7.03833,3.54,False,None,0.0
10,10_scenario_5,A skyblue Hatchback is driving ahead (far) of the ego vehicle and maintaining lane.,15.072242,3.873356,15.44,False,None,0.0
10,10_scenario_6,A red SUV is driving ahead (far) of the ego vehicle and maintaining lane.,16.981114,4.977062,3.24,False,None,0.0
10,10_scenario_7,A white Hatchback is driving ahead (far) of the ego vehicle and switching lane.,3.816768,11.821683,2.96,False,None,0.0
10,10_scenario_8,A red SUV is overtaking (near) the ego vehicle and maintaining lane.,4.407689,4.295823,6.48,False,None,0.0
10,10_scenario_9,A yellow SchoolBus is driving from the opposite direction (near) and switching lane.,9.211049,27.074028,4.96,False,None,0.0
10,10_scenario_10,A yellow SchoolBus is overtaking (far) the ego vehicle and maintaining lane.,8.993483,22.244275,3.7,False,None,0.0
10,10_scenario_11,A skyblue Jeep is overtaking (far) the ego vehicle and switching lane.,14.317942,4.10322,4.84,False,None,0.0
10,10_scenario_12,A yellow Sedan is driving from the opposite direction (near) and switching lane.,5.8234,5.017441,3.68,False,None,0.0
10,10_scenario_13,A red Hatchback is crossing the road (far) and switching lane.,100000.0,30.558351,6.14,False,None,0.0
11,11_scenario_0,A black SchoolBus is overtaking (near) the ego vehicle and maintaining lane.,100000.0,8.781791,4.66,False,None,0.0
11,11_scenario_1,A yellow Jeep is driving from the opposite direction (far) and switching lane.,5.648266,7.843636,3.38,False,None,0.0
11,11_scenario_2,A white SchoolBus is driving from the opposite direction (far) and switching lane.,7.693106,8.564956,0.66,False,None,0.0
11,11_scenario_3,A red SUV is overtaking (near) the ego vehicle and maintaining lane.,5.616508,8.166196,2.1,False,None,0.0
11,11_scenario_4,A yellow Sedan is crossing the road (far) and maintaining lane.,4.794093,8.344786,3.94,False,None,0.0
11,11_scenario_5,A black SchoolBus is overtaking (near) the ego vehicle and maintaining lane.,4.344579,6.301098,6.04,False,None,0.0
11,11_scenario_6,A red SUV is overtaking (near) the ego vehicle and maintaining lane.,20.540777,3.986645,15.64,False,None,0.0
11,11_scenario_7,A pink BoxTruck is driving ahead (near) of the ego vehicle and maintaining lane.,34.463354,4.827401,4.0,False,None,0.0
11,11_scenario_8,A yellow Sedan is driving from the opposite direction (near) and switching lane.,3.464011,13.627683,7.279999999999999,False,None,0.0
11,11_scenario_9,A black SchoolBus is driving ahead (near) of the ego vehicle and maintaining lane.,2.450914,11.282787,6.100000000000001,False,None,0.0
11,11_scenario_10,A white SUV is driving ahead (far) of the ego vehicle and switching lane.,3.200919,21.780571,8.6,False,None,0.0
11,11_scenario_11,A yellow SchoolBus is overtaking (far) the ego vehicle and maintaining lane.,12.382558,21.617204,5.5600000000000005,False,None,0.0
11,11_scenario_12,A yellow Hatchback is driving ahead (near) of the ego vehicle and maintaining lane.,1.995071,8.847079,3.22,False,None,0.0
11,11_scenario_13,A white Sedan is driving ahead (far) of the ego vehicle and switching lane.,33.746071,9.585938,1.7799999999999998,False,None,0.0
11,11_scenario_14,A yellow SUV is overtaking (far) the ego vehicle and switching lane.,17.534195,6.822634,0.8600000000000001,False,None,0.0
11,11_scenario_15,A skyblue Sedan is overtaking (far) the ego vehicle and switching lane.,6.397424,6.441138,2.3600000000000003,False,None,0.0
11,11_scenario_16,A white SchoolBus is driving ahead (near) of the ego vehicle and switching lane.,100000.0,9.587124,0.0,False,None,0.0
11,11_scenario_17,A red SchoolBus is overtaking (far) the ego vehicle and switching lane.,5.506946,5.433668,0.0,False,None,0.0
11,11_scenario_18,A black Sedan is driving ahead (near) of the ego vehicle and maintaining lane.,21.218005,3.478231,0.2999999999999999,False,None,0.0
11,11_scenario_19,A white Sedan is driving ahead (far) of the ego vehicle and switching lane.,100000.0,9.593548,0.0,False,None,0.0
11,11_scenario_20,A red Sedan is overtaking (near) the ego vehicle and maintaining lane.,100000.0,9.593548,0.0,False,None,0.0
12,12_scenario_0,A white Sedan is driving ahead (far) of the ego vehicle and switching lane.,14.351792,50.701693,4.319999999999999,False,None,0.0
12,12_scenario_1,A red SUV is overtaking (near) the ego vehicle and maintaining lane.,6.038205,13.12651,1.7599999999999998,False,None,0.0
12,12_scenario_2,A white Hatchback is driving ahead (far) of the ego vehicle and switching lane.,28.472651,18.127676,0.6200000000000001,False,None,0.0
12,12_scenario_3,A black SchoolBus is driving ahead (near) of the ego vehicle and maintaining lane.,0.501096,8.009977,10.76,False,None,0.0
12,12_scenario_4,A skyblue Sedan is driving ahead (near) of the ego vehicle and switching lane.,11.105523,8.025063,6.34,False,None,0.0
12,12_scenario_5,A pink Hatchback is driving ahead (near) of the ego vehicle and switching lane.,24.439878,12.347596,0.5000000000000001,False,None,0.0
12,12_scenario_6,A red Hatchback is driving from the opposite direction (near) and switching lane.,15.645809,13.985257,14.8,False,None,0.0
12,12_scenario_7,A red BoxTruck is driving from the opposite direction (far) and maintaining lane.,4.922511,18.775554,4.54,False,None,0.0
12,12_scenario_8,A pink BoxTruck is crossing the road (near) and switching lane.,1.272317,11.56325,6.16,False,None,0.0
12,12_scenario_9,A red SchoolBus is overtaking (far) the ego vehicle and switching lane.,4.154724,40.906278,3.56,False,None,0.0
12,12_scenario_10,A yellow SUV is overtaking (near) the ego vehicle and switching lane.,0.858576,3.897465,3.22,False,None,0.0
12,12_scenario_11,A white Jeep is driving ahead (near) of the ego vehicle and maintaining lane.,1.766476,12.118599,4.56,False,None,0.0
12,12_scenario_12,A white Hatchback is driving ahead (far) of the ego vehicle and switching lane.,4.30448,28.935084,3.14,False,None,0.0
12,12_scenario_13,A yellow Sedan is overtaking (far) the ego vehicle and maintaining lane.,100000.0,5.601052,3.3000000000000003,False,None,0.0
12,12_scenario_14,A yellow Hatchback is overtaking (far) the ego vehicle and switching lane.,1.2615,5.789553,6.42,False,None,0.0
13,13_scenario_0,A red Sedan is overtaking (near) the ego vehicle and maintaining lane.,6.517989,4.917611,3.24,False,None,0.0
13,13_scenario_1,A pedestrian is crossing the road from right to left.,100000.0,3.887438,5.62,False,None,0.0
13,13_scenario_2,A white SUV is driving ahead (far) of the ego vehicle and switching lane.,33.092004,6.496724,5.4,False,None,0.0
13,13_scenario_3,A white Sedan is driving ahead (far) of the ego vehicle and switching lane.,3.84966,2.8167,9.84,False,None,0.0
13,13_scenario_4,A red BoxTruck is driving ahead (far) of the ego vehicle and switching lane.,14.205274,14.254368,1.6,False,None,0.0
13,13_scenario_5,A black Sedan is driving ahead (near) of the ego vehicle and maintaining lane.,5.860928,5.954715,3.72,False,None,0.0
13,13_scenario_6,A black Jeep is driving ahead (far) of the ego vehicle and switching lane.,2.910927,7.753687,4.58,False,None,0.0
13,13_scenario_7,A red BoxTruck is driving ahead (far) of the ego vehicle and switching lane.,11.797083,10.451466,5.98,False,None,0.0
13,13_scenario_8,A yellow SUV is overtaking (far) the ego vehicle and switching lane.,20.655496,16.784838,1.9,False,None,0.0
13,13_scenario_9,A black Sedan is driving ahead (near) of the ego vehicle and maintaining lane.,1.417711,5.639874,10.96,False,None,0.0
13,13_scenario_10,A pink Hatchback is driving ahead (near) of the ego vehicle and switching lane.,3.509962,18.057762,5.46,False,None,0.0
13,13_scenario_11,A pink SUV is overtaking (far) the ego vehicle and maintaining lane.,4.327615,30.123613,12.98,False,None,0.0
13,13_scenario_12,A black SchoolBus is overtaking (near) the ego vehicle and maintaining lane.,9.846577,9.815986,4.5200000000000005,False,None,0.0
13,13_scenario_13_npc_vehicle,A black Hatchback is overtaking (near) the ego vehicle and switching lane.,0.0,3.63266,4.26,True,npc_vehicle,2.5061959145770003
14,14_scenario_0,A skyblue BoxTruck is driving ahead (near) of the ego vehicle and switching lane.,100000.0,100000.0,2.28,False,None,0.0
14,14_scenario_1,A red Hatchback is driving from the opposite direction (near) and switching lane.,100000.0,17.627093,2.72,False,None,0.0
14,14_scenario_2,A red BoxTruck is overtaking (near) the ego vehicle and maintaining lane.,3.068418,28.846424,0.5,False,None,0.0
14,14_scenario_3,A white SUV is driving ahead (far) of the ego vehicle and switching lane.,5.503822,54.938604,0.4599999999999999,False,None,0.0
14,14_scenario_4,A yellow Sedan is crossing the road (far) and switching lane.,3.839108,64.445589,4.48,False,None,0.0
14,14_scenario_5,A skyblue BoxTruck is driving ahead (near) of the ego vehicle and switching lane.,2.127503,10.15337,7.860000000000001,False,None,0.0
14,14_scenario_6,A red SchoolBus is overtaking (far) the ego vehicle and switching lane.,3.872601,19.585446,6.24,False,None,0.0
14,14_scenario_7,A red SchoolBus is overtaking (near) the ego vehicle and switching lane.,11.090806,11.089986,9.48,False,None,0.0
14,14_scenario_8,A black SchoolBus is overtaking (near) the ego vehicle and maintaining lane.,3.260429,9.189106,14.86,False,None,0.0
14,14_scenario_9,A pink SUV is overtaking (far) the ego vehicle and maintaining lane.,16.415115,4.786857,2.32,False,None,0.0
14,14_scenario_10,A red BoxTruck is driving ahead (far) of the ego vehicle and switching lane.,59.453442,5.553019,6.18,False,None,0.0
14,14_scenario_11,A yellow Sedan is overtaking (far) the ego vehicle and maintaining lane.,84.636921,6.20689,5.5,False,None,0.0
14,14_scenario_12,A white BoxTruck is driving from the opposite direction (far) and switching lane.,0.710956,3.239357,2.5,False,None,0.0
14,14_scenario_13,A pink Hatchback is crossing the road (far) and maintaining lane.,2.459257,27.323008,0.8200000000000001,False,None,0.0
15,15_scenario_0,A yellow SUV is overtaking (near) the ego vehicle and switching lane.,3.662106,9.717061,2.76,False,None,0.0
15,15_scenario_1,A pink SUV is overtaking (far) the ego vehicle and maintaining lane.,5.632459,17.288513,0.5199999999999999,False,None,0.0
15,15_scenario_2,A yellow SchoolBus is overtaking (far) the ego vehicle and maintaining lane.,12.566809,21.861846,0.4399999999999999,False,None,0.0
15,15_scenario_3,A red Hatchback is crossing the road (far) and switching lane.,2.818212,13.880543,10.06,False,None,0.0
15,15_scenario_4,A black Hatchback is overtaking (near) the ego vehicle and switching lane.,10.649045,13.887911,1.2400000000000002,False,None,0.0
15,15_scenario_5,A white BoxTruck is overtaking (far) the ego vehicle and switching lane.,19.982124,10.10981,9.48,False,None,0.0
15,15_scenario_6,A yellow SUV is overtaking (near) the ego vehicle and switching lane.,3.640559,4.149786,16.04,False,None,0.0
15,15_scenario_7,A yellow Sedan is crossing the road (far) and switching lane.,5.111142,3.990118,5.24,False,None,0.0
15,15_scenario_8,A pink Sedan is driving from the opposite direction (far) and maintaining lane.,2.687661,5.746857,4.48,False,None,0.0
15,15_scenario_9,A yellow Sedan is overtaking (far) the ego vehicle and maintaining lane.,2.989876,9.860065,3.68,False,None,0.0
15,15_scenario_10,A pink Jeep is crossing the road (near) and switching lane.,1.432305,9.315028,6.139999999999999,False,None,0.0
15,15_scenario_11,A black Jeep is overtaking (far) the ego vehicle and maintaining lane.,8.65032,3.110874,3.06,False,None,0.0
15,15_scenario_12,A yellow Hatchback is overtaking (near) the ego vehicle and maintaining lane.,100000.0,4.640696,4.96,False,None,0.0
15,15_scenario_13,A pink SUV is overtaking (far) the ego vehicle and maintaining lane.,1.473368,2.730595,3.32,False,None,0.0
15,15_scenario_14,A red BoxTruck is driving ahead (far) of the ego vehicle and maintaining lane.,19.280714,4.857291,7.08,False,None,0.0
15,15_scenario_15,A black Jeep is overtaking (near) the ego vehicle and maintaining lane.,11.926034,6.067616,6.98,False,None,0.0
15,15_scenario_16,A white SchoolBus is driving from the opposite direction (far) and switching lane.,6.191104,5.732567,4.38,False,None,0.0
16,16_scenario_0,A yellow BoxTruck is overtaking (far) the ego vehicle and maintaining lane.,100000.0,29.721474,3.84,False,None,0.0
16,16_scenario_1,A skyblue Sedan is overtaking (far) the ego vehicle and switching lane.,100000.0,13.856672,1.16,False,None,0.0
16,16_scenario_2,A red Hatchback is crossing the road (near) and switching lane.,1.336688,7.854577,9.68,False,None,0.0
16,16_scenario_3,A red SchoolBus is overtaking (far) the ego vehicle and switching lane.,3.527739,10.863745,4.98,False,None,0.0
16,16_scenario_4,A black Jeep is overtaking (far) the ego vehicle and maintaining lane.,42.621315,15.70304,0.5,False,None,0.0
16,16_scenario_5,A black Hatchback is overtaking (near) the ego vehicle and switching lane.,44.175252,16.327676,5.72,False,None,0.0
16,16_scenario_6,A red SchoolBus is overtaking (near) the ego vehicle and switching lane.,8.858674,15.535494,14.66,False,None,0.0
16,16_scenario_7,A white Hatchback is overtaking (far) the ego vehicle and maintaining lane.,8.470845,19.304454,2.98,False,None,0.0
16,16_scenario_8,A pink BoxTruck is driving ahead (near) of the ego vehicle and maintaining lane.,4.170026,7.714801,6.18,False,None,0.0
16,16_scenario_9,A black Jeep is driving ahead (far) of the ego vehicle and switching lane.,6.157974,2.945437,8.059999999999999,False,None,0.0
16,16_scenario_10,A yellow Sedan is overtaking (far) the ego vehicle and maintaining lane.,5.311603,4.548597,5.08,False,None,0.0
16,16_scenario_11,A white Hatchback is driving ahead (far) of the ego vehicle and switching lane.,3.830904,6.642419,7.6,False,None,0.0
16,16_scenario_12,A skyblue Jeep is overtaking (far) the ego vehicle and switching lane.,10.900028,3.680934,3.98,False,None,0.0
16,16_scenario_13,A red SUV is overtaking (near) the ego vehicle and maintaining lane.,2.036678,5.423241,2.4,False,None,0.0
16,16_scenario_14,A pink BoxTruck is driving ahead (near) of the ego vehicle and maintaining lane.,3.480749,28.066467,0.6599999999999999,False,None,0.0
16,16_scenario_15,A pink SUV is crossing the road (far) and switching lane.,100000.0,39.754121,4.62,False,None,0.0
17,17_scenario_0,A pink SchoolBus is driving from the opposite direction (far) and maintaining lane.,5.018463,51.728459,4.32,False,None,0.0
17,17_scenario_1,A white Jeep is driving ahead (near) of the ego vehicle and maintaining lane.,0.80048,5.479126,1.9,False,None,0.0
17,17_scenario_2,A pedestrian is crossing the road from right to left.,9.948735,6.783109,7.84,False,None,0.0
17,17_scenario_3,A yellow Jeep is driving from the opposite direction (far) and switching lane.,4.419655,3.255571,4.26,False,None,0.0
17,17_scenario_4,A pink Jeep is driving ahead (far) of the ego vehicle and maintaining lane.,6.386817,9.868058,1.08,False,None,0.0
17,17_scenario_5,A yellow SchoolBus is overtaking (far) the ego vehicle and maintaining lane.,5.974005,36.790588,0.7999999999999999,False,None,0.0
17,17_scenario_6,A red SUV is crossing the road (near) and maintaining lane.,0.387178,7.473145,10.4,False,None,0.0
17,17_scenario_7,A white Sedan is driving ahead (far) of the ego vehicle and switching lane.,13.710264,14.854572,2.36,False,None,0.0
17,17_scenario_8,A skyblue Hatchback is driving ahead (far) of the ego vehicle and maintaining lane.,5.27298,7.771912,2.9200000000000004,False,None,0.0
17,17_scenario_9,A white Hatchback is overtaking (far) the ego vehicle and maintaining lane.,7.481733,3.141523,11.7,False,None,0.0
17,17_scenario_10,A black SUV is driving from the opposite direction (far) and switching lane.,1.91187,6.680239,5.58,False,None,0.0
17,17_scenario_11,A red SchoolBus is overtaking (far) the ego vehicle and switching lane.,0.981048,5.752448,12.32,False,None,0.0
17,17_scenario_12_npc_vehicle,A white Hatchback is driving ahead (far) of the ego vehicle and switching lane.,0.0,5.100951,8.44,True,npc_vehicle,2.923167510379149e-05
18,18_scenario_0,A red BoxTruck is overtaking (near) the ego vehicle and maintaining lane.,100000.0,8.193138,5.7,False,None,0.0
18,18_scenario_1,A skyblue BoxTruck is driving ahead (near) of the ego vehicle and switching lane.,100000.0,8.02803,5.64,False,None,0.0
18,18_scenario_2,A pedestrian is crossing the road from right to left.,3.99821,15.513265,3.4,False,None,0.0
18,18_scenario_3,A red BoxTruck is driving ahead (far) of the ego vehicle and switching lane.,3.835269,4.868383,6.92,False,None,0.0
18,18_scenario_4,A white SUV is driving ahead (far) of the ego vehicle and switching lane.,12.97505,3.518943,4.08,False,None,0.0
18,18_scenario_5,A yellow Sedan is crossing the road (far) and switching lane.,5.449448,23.840824,6.26,False,None,0.0
18,18_scenario_6,A yellow Hatchback is driving ahead (near) of the ego vehicle and maintaining lane.,1.70408,8.923811,7.6,False,None,0.0
18,18_scenario_7,A skyblue Sedan is driving ahead (near) of the ego vehicle and switching lane.,2.136916,9.238832,8.7,False,None,0.0
18,18_scenario_8,A black SchoolBus is overtaking (near) the ego vehicle and maintaining lane.,2.531841,7.807398,2.4,False,None,0.0
18,18_scenario_9,A red BoxTruck is driving from the opposite direction (near) and maintaining lane.,1.859817,3.745886,12.4,False,None,0.0
18,18_scenario_10,A red BoxTruck is driving ahead (far) of the ego vehicle and maintaining lane.,34.453301,5.027706,2.26,False,None,0.0
18,18_scenario_11,A red BoxTruck is driving ahead (far) of the ego vehicle and switching lane.,7.10951,7.873599,6.28,False,None,0.0
18,18_scenario_12,A red SUV is overtaking (near) the ego vehicle and maintaining lane.,5.001011,7.392488,3.02,False,None,0.0
18,18_scenario_13,A black Jeep is overtaking (far) the ego vehicle and maintaining lane.,0.860146,3.32538,5.0200000000000005,False,None,0.0
18,18_scenario_14,A white Jeep is driving ahead (near) of the ego vehicle and maintaining lane.,8.397487,3.094442,4.84,False,None,0.0
18,18_scenario_15,A yellow Hatchback is overtaking (far) the ego vehicle and switching lane.,6.735858,4.460131,3.02,False,None,0.0
18,18_scenario_16,A red BoxTruck is driving from the opposite direction (far) and maintaining lane.,1.181639,31.740762,1.92,False,None,0.0
18,18_scenario_17,A yellow Sedan is crossing the road (far) and maintaining lane.,100000.0,38.34744,2.96,False,None,0.0
18,18_scenario_18,A white Hatchback is overtaking (far) the ego vehicle and maintaining lane.,100000.0,11.719319,1.9,False,None,0.0
18,18_scenario_19,A yellow Sedan is driving from the opposite direction (near) and switching lane.,4.327525,8.699626,6.0,False,None,0.0
18,18_scenario_20,A pedestrian is crossing the road from right to left.,16.196551,8.525764,6.02,False,None,0.0
19,19_scenario_0,A red SchoolBus is overtaking (far) the ego vehicle and switching lane.,100000.0,18.363772,4.88,False,None,0.0
19,19_scenario_1,A black Sedan is driving ahead (far) of the ego vehicle and maintaining lane.,5.765003,18.663196,3.08,False,None,0.0
19,19_scenario_2,A skyblue Jeep is overtaking (far) the ego vehicle and switching lane.,14.653342,20.60586,1.94,False,None,0.0
19,19_scenario_3,A black SchoolBus is overtaking (near) the ego vehicle and maintaining lane.,72.779157,18.697152,0.4799999999999998,False,None,0.0
19,19_scenario_4,A yellow Sedan is overtaking (near) the ego vehicle and switching lane.,2.479737,13.050339,0.48,False,None,0.0
19,19_scenario_5,A white SchoolBus is driving ahead (near) of the ego vehicle and switching lane.,1.538199,6.835057,9.0,False,None,0.0
19,19_scenario_6,A skyblue Jeep is overtaking (far) the ego vehicle and switching lane.,1.805078,10.236714,5.4,False,None,0.0
19,19_scenario_7,A skyblue BoxTruck is driving ahead (near) of the ego vehicle and switching lane.,1.46903,10.24061,3.74,False,None,0.0
19,19_scenario_8,A white SchoolBus is driving ahead (far) of the ego vehicle and maintaining lane.,6.09422,15.299128,5.8,False,None,0.0
19,19_scenario_9,A yellow SchoolBus is overtaking (far) the ego vehicle and maintaining lane.,9.121365,17.6246,6.64,False,None,0.0
19,19_scenario_10,A red Hatchback is crossing the road (near) and switching lane.,2.395562,6.440249,13.6,False,None,0.0
19,19_scenario_11,A red BoxTruck is driving ahead (far) of the ego vehicle and switching lane.,3.109177,5.142282,5.720000000000001,False,None,0.0
19,19_scenario_12,A pink BoxTruck is crossing the road (near) and switching lane.,100000.0,8.945172,5.54,False,None,0.0
19,19_scenario_13,A yellow Jeep is driving from the opposite direction (far) and switching lane.,100000.0,6.882469,3.56,False,None,0.0
19,19_scenario_14,A white Sedan is driving ahead (far) of the ego vehicle and switching lane.,100000.0,27.235214,5.4,False,None,0.0
