Execution,ScenarioID,Configuration_API_Description,Attribute[TTC],Attribute[DTO],Attribute[Jerk],Attribute[COL],Attribute[COLT],Attribute[SAC]
0,0_scenario_0,A pedestrian is crossing the road from left to right.,100000.0,21.117051,5.44,False,None,0.0
0,0_scenario_1,A skyblue Jeep is overtaking (far) the ego vehicle and switching lane.,2.535637,10.239628,5.1,False,None,0.0
0,0_scenario_2_npc_vehicle,A red SchoolBus is overtaking (near) the ego vehicle and switching lane.,0.0,3.568047,6.460000000000001,True,npc_vehicle,8.535149402830646
1,1_scenario_0,A red BoxTruck is driving ahead (far) of the ego vehicle and maintaining lane.,100000.0,41.794787,4.58,False,None,0.0
1,1_scenario_1,A red BoxTruck is overtaking (near) the ego vehicle and maintaining lane.,3.569041,5.25743,5.8,False,None,0.0
1,1_scenario_2_npc_vehicle,A skyblue Sedan is overtaking (far) the ego vehicle and switching lane.,0.0,2.789529,5.279999999999999,True,npc_vehicle,2.7996549483470208
2,2_scenario_0,A yellow SUV is overtaking (near) the ego vehicle and switching lane.,100000.0,5.433129,0.8400000000000003,False,None,0.0
2,2_scenario_1,A black Hatchback is overtaking (near) the ego vehicle and switching lane.,100000.0,8.348219,2.34,False,None,0.0
2,2_scenario_2,A pink SUV is crossing the road (far) and switching lane.,2.404826,8.954193,5.48,False,None,0.0
2,2_scenario_3,A white Sedan is driving ahead (far) of the ego vehicle and switching lane.,100000.0,8.102078,5.92,False,None,0.0
2,2_scenario_4_npc_vehicle,A pink Hatchback is driving ahead (near) of the ego vehicle and switching lane.,0.0,2.532316,5.68,True,npc_vehicle,7.17910830125957
3,3_scenario_0,A pink Hatchback is driving from the opposite direction (far) and switching lane.,100000.0,43.875713,5.3,False,None,0.0
3,3_scenario_1,A pedestrian is crossing the road from right to left.,3.662275,22.667563,3.9,False,None,0.0
3,3_scenario_2,A black Jeep is driving ahead (far) of the ego vehicle and switching lane.,4.076802,18.011507,5.92,False,None,0.0
3,3_scenario_3,A black Sedan is driving ahead (near) of the ego vehicle and maintaining lane.,1.626028,4.994484,9.42,False,None,0.0
3,3_scenario_4,A red Hatchback is crossing the road (far) and switching lane.,100000.0,12.403187,9.78,False,None,0.0
3,3_scenario_5,A black SchoolBus is driving ahead (near) of the ego vehicle and maintaining lane.,15.052691,14.444283,3.48,False,None,0.0
3,3_scenario_6,A skyblue SUV is crossing the road (far) and maintaining lane.,100000.0,17.117774,11.5,False,None,0.0
3,3_scenario_7,A black Sedan is driving ahead (near) of the ego vehicle and maintaining lane.,6.886611,4.084646,8.4,False,None,0.0
3,3_scenario_8,A red SchoolBus is overtaking (far) the ego vehicle and switching lane.,0.763921,13.052546,4.22,False,None,0.0
3,3_scenario_9,A skyblue BoxTruck is driving ahead (near) of the ego vehicle and switching lane.,2.607655,8.915372,1.9,False,None,0.0
4,4_scenario_0,A white BoxTruck is overtaking (near) the ego vehicle and switching lane.,100000.0,3.845868,5.680000000000001,False,None,0.0
4,4_scenario_1,A yellow SUV is driving from the opposite direction (near) and switching lane.,1.015377,5.394413,5.220000000000001,False,None,0.0
4,4_scenario_2,A pink BoxTruck is crossing the road (near) and switching lane.,3.372472,7.68572,1.22,False,None,0.0
4,4_scenario_3,A black SUV is crossing the road (near) and switching lane.,100000.0,5.361426,0.0,False,None,0.0
4,4_scenario_4,A pedestrian is crossing the road from left to right.,100000.0,12.98869,0.0,False,None,0.0
4,4_scenario_5,A pedestrian is crossing the road from left to right.,100000.0,26.283644,0.0,False,None,0.0
4,4_scenario_6,A pedestrian is crossing the road from left to right.,3.735027,26.274215,0.0,False,None,0.0
4,4_scenario_7,A pedestrian is crossing the road from left to right.,6.301276,26.264883,0.0,False,None,0.0
5,5_scenario_0,A yellow Sedan is driving from the opposite direction (near) and switching lane.,18.264721,20.434763,1.34,False,None,0.0
5,5_scenario_1,A black SchoolBus is overtaking (near) the ego vehicle and maintaining lane.,2.798593,10.355828,3.72,False,None,0.0
5,5_scenario_2,A white Hatchback is driving ahead (far) of the ego vehicle and switching lane.,1.723132,12.376502,8.42,False,None,0.0
5,5_scenario_3,A red BoxTruck is driving ahead (far) of the ego vehicle and maintaining lane.,1.773951,14.027549,7.08,False,None,0.0
5,5_scenario_4,A red BoxTruck is overtaking (near) the ego vehicle and maintaining lane.,2.365068,11.798084,4.880000000000001,False,None,0.0
5,5_scenario_5,A pink BoxTruck is driving ahead (near) of the ego vehicle and maintaining lane.,3.177363,13.42513,2.66,False,None,0.0
5,5_scenario_6_npc_vehicle,A white SchoolBus is driving ahead (near) of the ego vehicle and switching lane.,0.0,6.970798,6.72,True,npc_vehicle,3.0359367878065124
6,6_scenario_0,A pink Hatchback is driving from the opposite direction (far) and switching lane.,100000.0,44.144,5.32,False,None,0.0
6,6_scenario_1,A red BoxTruck is driving from the opposite direction (far) and maintaining lane.,3.346294,29.221544,14.12,False,None,0.0
6,6_scenario_2,A red SchoolBus is overtaking (near) the ego vehicle and switching lane.,1.603997,15.918734,5.16,False,None,0.0
6,6_scenario_3,A pedestrian is crossing the road from right to left.,5.369226,9.73819,3.58,False,None,0.0
6,6_scenario_4,A white SchoolBus is crossing the road (far) and switching lane.,3.02366,2.980874,10.64,False,None,0.0
6,6_scenario_5,A yellow Sedan is overtaking (far) the ego vehicle and maintaining lane.,1.333231,7.064731,11.42,False,None,0.0
6,6_scenario_6,A red Hatchback is crossing the road (near) and switching lane.,1.867123,8.902563,4.38,False,None,0.0
6,6_scenario_7,A skyblue SUV is driving from the opposite direction (near) and maintaining lane.,2.216406,13.79079,10.22,False,None,0.0
7,7_scenario_0,A yellow Sedan is driving from the opposite direction (near) and switching lane.,16.51199,20.448218,6.2,False,None,0.0
7,7_scenario_1,A black SchoolBus is crossing the road (near) and maintaining lane.,2.646293,7.227556,5.32,False,None,0.0
7,7_scenario_2,A skyblue Jeep is overtaking (far) the ego vehicle and switching lane.,1.092386,17.518757,11.28,False,None,0.0
7,7_scenario_3,A pedestrian is crossing the road from left to right.,4.268817,8.527313,6.340000000000001,False,None,0.0
7,7_scenario_4,A white BoxTruck is driving from the opposite direction (far) and switching lane.,6.707816,7.737645,11.14,False,None,0.0
7,7_scenario_5,A black SchoolBus is crossing the road (near) and maintaining lane.,3.1987,10.920571,7.0,False,None,0.0
7,7_scenario_6,A red SUV is crossing the road (near) and maintaining lane.,1.485837,4.786821,11.02,False,None,0.0
7,7_scenario_7,A black Jeep is driving ahead (far) of the ego vehicle and switching lane.,2.11924,4.723885,5.96,False,None,0.0
7,7_scenario_8,A skyblue Sedan is overtaking (far) the ego vehicle and switching lane.,3.161857,21.924618,6.48,False,None,0.0
7,7_scenario_9,A black Hatchback is overtaking (near) the ego vehicle and switching lane.,2.67869,4.909132,5.32,False,None,0.0
7,7_scenario_10,A black Jeep is overtaking (near) the ego vehicle and maintaining lane.,1.07756,5.611252,6.38,False,None,0.0
7,7_scenario_11,A skyblue Sedan is driving ahead (near) of the ego vehicle and switching lane.,2.230955,12.085392,6.02,False,None,0.0
7,7_scenario_12,A pink Jeep is driving ahead (far) of the ego vehicle and maintaining lane.,3.151461,24.421037,2.24,False,None,0.0
7,7_scenario_13,A black Sedan is driving ahead (far) of the ego vehicle and maintaining lane.,7.040165,23.956474,0.68,False,None,0.0
7,7_scenario_14,A white Sedan is driving ahead (far) of the ego vehicle and switching lane.,10.039433,21.880436,5.66,False,None,0.0
8,8_scenario_0,A red SchoolBus is overtaking (far) the ego vehicle and switching lane.,100000.0,28.78574,5.24,False,None,0.0
8,8_scenario_1_npc_vehicle,A red SUV is driving ahead (far) of the ego vehicle and maintaining lane.,0.0,6.955578,0.5599999999999996,True,npc_vehicle,9.444197261448393
9,9_scenario_0,A yellow Sedan is driving from the opposite direction (near) and switching lane.,16.305211,20.384663,5.64,False,None,0.0
9,9_scenario_1,A black SchoolBus is crossing the road (near) and maintaining lane.,3.825754,10.953894,9.06,False,None,0.0
9,9_scenario_2,A pink SUV is crossing the road (far) and switching lane.,1.789466,13.554817,8.14,False,None,0.0
9,9_scenario_3,A pedestrian is crossing the road from left to right.,100000.0,12.203585,3.6,False,None,0.0
9,9_scenario_4,A pedestrian is crossing the road from left to right.,8.183262,32.113827,0.0,False,None,0.0
9,9_scenario_5,A pedestrian is crossing the road from left to right.,7.934508,29.156895,0.0,False,None,0.0
10,10_scenario_0,A pedestrian is crossing the road from left to right.,100000.0,21.510986,2.1,False,None,0.0
10,10_scenario_1,A pink SUV is driving from the opposite direction (far) and maintaining lane.,4.254075,10.356161,2.12,False,None,0.0
10,10_scenario_2,A black Jeep is driving ahead (far) of the ego vehicle and switching lane.,3.480794,5.296293,5.86,False,None,0.0
10,10_scenario_3,A red BoxTruck is overtaking (near) the ego vehicle and maintaining lane.,2.302217,9.051333,3.08,False,None,0.0
10,10_scenario_4_npc_vehicle,A pink Hatchback is driving ahead (near) of the ego vehicle and switching lane.,0.0,4.380459,5.7,True,npc_vehicle,0.9852343847060776
11,11_scenario_0,A yellow Sedan is driving from the opposite direction (near) and switching lane.,18.264721,20.434763,1.34,False,None,0.0
11,11_scenario_1,A black SchoolBus is overtaking (near) the ego vehicle and maintaining lane.,2.798593,10.355828,3.72,False,None,0.0
11,11_scenario_2,A white Hatchback is driving ahead (far) of the ego vehicle and switching lane.,1.723132,12.376502,8.42,False,None,0.0
11,11_scenario_3,A red BoxTruck is driving ahead (far) of the ego vehicle and maintaining lane.,1.773951,14.027549,7.08,False,None,0.0
11,11_scenario_4,A red BoxTruck is overtaking (near) the ego vehicle and maintaining lane.,2.365068,11.798084,4.880000000000001,False,None,0.0
11,11_scenario_5,A pink BoxTruck is driving ahead (near) of the ego vehicle and maintaining lane.,3.177363,13.42513,2.66,False,None,0.0
11,11_scenario_6_npc_vehicle,A white SchoolBus is driving ahead (near) of the ego vehicle and switching lane.,0.0,6.970798,6.72,True,npc_vehicle,3.0359367878065124
12,12_scenario_0,A red SchoolBus is overtaking (far) the ego vehicle and switching lane.,100000.0,28.680675,5.04,False,None,0.0
12,12_scenario_1_npc_vehicle,A red SUV is driving ahead (far) of the ego vehicle and maintaining lane.,0.0,7.003916,7.82,True,npc_vehicle,9.073657756554285
13,13_scenario_0,A black SchoolBus is driving ahead (near) of the ego vehicle and maintaining lane.,100000.0,15.856594,5.9,False,None,0.0
13,13_scenario_1,A yellow SUV is overtaking (near) the ego vehicle and switching lane.,100000.0,7.041717,2.44,False,None,0.0
13,13_scenario_2,A yellow SUV is overtaking (near) the ego vehicle and switching lane.,2.440128,8.70859,3.38,False,None,0.0
13,13_scenario_3,A white Sedan is driving ahead (far) of the ego vehicle and switching lane.,100000.0,5.955519,6.199999999999999,False,None,0.0
13,13_scenario_4,A black Sedan is driving ahead (near) of the ego vehicle and maintaining lane.,9.062208,14.097537,1.62,False,None,0.0
13,13_scenario_5,A yellow Sedan is overtaking (near) the ego vehicle and switching lane.,0.843275,8.18893,7.72,False,None,0.0
13,13_scenario_6,A yellow SUV is overtaking (near) the ego vehicle and switching lane.,100000.0,4.868737,13.28,False,None,0.0
14,14_scenario_0,A pink Hatchback is driving from the opposite direction (far) and switching lane.,100000.0,43.752308,4.2,False,None,0.0
14,14_scenario_1,A pink BoxTruck is driving ahead (near) of the ego vehicle and maintaining lane.,3.677541,79.542571,6.220000000000001,False,None,0.0
14,14_scenario_2,A red SUV is driving ahead (far) of the ego vehicle and maintaining lane.,100000.0,18.236618,4.84,False,None,0.0
14,14_scenario_3,A yellow Hatchback is driving ahead (near) of the ego vehicle and maintaining lane.,100000.0,8.113148,6.180000000000001,False,None,0.0
14,14_scenario_4,A pedestrian is crossing the road from left to right.,100000.0,25.594906,4.879999999999999,False,None,0.0
14,14_scenario_5,A black Sedan is driving ahead (far) of the ego vehicle and maintaining lane.,1.695481,9.391329,2.68,False,None,0.0
14,14_scenario_6,A yellow SUV is overtaking (far) the ego vehicle and switching lane.,2.393192,11.61653,12.12,False,None,0.0
14,14_scenario_7,A white BoxTruck is overtaking (near) the ego vehicle and switching lane.,3.721831,8.470053,1.0599999999999998,False,None,0.0
14,14_scenario_8,A black Sedan is driving ahead (near) of the ego vehicle and maintaining lane.,2.825607,5.032593,12.72,False,None,0.0
14,14_scenario_9,A black SchoolBus is overtaking (near) the ego vehicle and maintaining lane.,100000.0,3.358729,6.22,False,None,0.0
14,14_scenario_10,A black SchoolBus is overtaking (near) the ego vehicle and maintaining lane.,100000.0,10.136466,6.8,False,None,0.0
14,14_scenario_11,A black SUV is driving ahead (near) of the ego vehicle and maintaining lane.,0.578091,3.631166,10.54,False,None,0.0
14,14_scenario_12,A yellow BoxTruck is overtaking (far) the ego vehicle and maintaining lane.,100000.0,12.224448,4.98,False,None,0.0
14,14_scenario_13,A skyblue BoxTruck is driving ahead (near) of the ego vehicle and switching lane.,140.73245,6.44497,6.0600000000000005,False,None,0.0
14,14_scenario_14,A yellow SUV is driving from the opposite direction (near) and switching lane.,10.280303,18.754173,6.039999999999999,False,None,0.0
14,14_scenario_15,A black SchoolBus is overtaking (near) the ego vehicle and maintaining lane.,2.250759,9.198659,4.38,False,None,0.0
14,14_scenario_16,A red BoxTruck is driving ahead (far) of the ego vehicle and maintaining lane.,1.379035,3.426673,4.98,False,None,0.0
14,14_scenario_17,A white SchoolBus is crossing the road (far) and switching lane.,1.542808,7.111203,7.2,False,None,0.0
14,14_scenario_18,A yellow SchoolBus is overtaking (far) the ego vehicle and maintaining lane.,2.196378,6.527702,2.98,False,None,0.0
14,14_scenario_19,A pink SUV is driving from the opposite direction (far) and maintaining lane.,100000.0,4.171913,5.44,False,None,0.0
14,14_scenario_20,A red Hatchback is driving from the opposite direction (near) and switching lane.,100000.0,4.266366,6.94,False,None,0.0
15,15_scenario_0,A red BoxTruck is driving ahead (far) of the ego vehicle and maintaining lane.,100000.0,41.712752,1.12,False,None,0.0
15,15_scenario_1,A skyblue Sedan is overtaking (far) the ego vehicle and switching lane.,1.650497,25.144878,5.88,False,None,0.0
15,15_scenario_2,A black SchoolBus is overtaking (near) the ego vehicle and maintaining lane.,0.655222,7.160475,6.5600000000000005,False,None,0.0
15,15_scenario_3,A skyblue SUV is driving from the opposite direction (near) and maintaining lane.,1.275733,12.635696,4.720000000000001,False,None,0.0
15,15_scenario_4,A yellow Hatchback is driving ahead (near) of the ego vehicle and maintaining lane.,100000.0,5.037895,5.859999999999999,False,None,0.0
15,15_scenario_5,A skyblue SUV is crossing the road (far) and maintaining lane.,100000.0,17.095236,5.24,False,None,0.0
15,15_scenario_6,A white Jeep is driving ahead (near) of the ego vehicle and maintaining lane.,0.912039,3.251686,7.760000000000001,False,None,0.0
15,15_scenario_7,A skyblue Hatchback is driving ahead (far) of the ego vehicle and maintaining lane.,100000.0,9.761464,9.3,False,None,0.0
15,15_scenario_8,A red BoxTruck is overtaking (near) the ego vehicle and maintaining lane.,2.051696,21.210436,4.0,False,None,0.0
15,15_scenario_9,A black SchoolBus is driving ahead (near) of the ego vehicle and maintaining lane.,3.731431,9.50601,8.48,False,None,0.0
15,15_scenario_10,A red Hatchback is crossing the road (near) and switching lane.,9.964208,7.349087,8.36,False,None,0.0
15,15_scenario_11,A red SUV is overtaking (near) the ego vehicle and maintaining lane.,8.940682,5.204954,4.56,False,None,0.0
15,15_scenario_12,A white SchoolBus is driving ahead (near) of the ego vehicle and switching lane.,1.987659,7.766544,10.02,False,None,0.0
15,15_scenario_13,A red SUV is overtaking (near) the ego vehicle and maintaining lane.,1.28468,4.4043,5.699999999999999,False,None,0.0
15,15_scenario_14,A black Jeep is overtaking (near) the ego vehicle and maintaining lane.,48.131916,4.28466,5.699999999999999,False,None,0.0
15,15_scenario_15,A black Sedan is driving ahead (far) of the ego vehicle and maintaining lane.,100000.0,2.816456,5.4,False,None,0.0
15,15_scenario_16,A red SUV is crossing the road (near) and maintaining lane.,100000.0,2.614717,2.78,False,None,0.0
15,15_scenario_17,A red BoxTruck is driving from the opposite direction (far) and maintaining lane.,100000.0,5.111575,3.54,False,None,0.0
15,15_scenario_18,A yellow Hatchback is overtaking (near) the ego vehicle and maintaining lane.,100000.0,3.216613,7.26,False,None,0.0
15,15_scenario_19,A yellow BoxTruck is overtaking (far) the ego vehicle and maintaining lane.,100000.0,1.973475,6.96,False,None,0.0
16,16_scenario_0,A yellow Sedan is crossing the road (far) and switching lane.,100000.0,23.867412,6.0200000000000005,False,None,0.0
16,16_scenario_1,A black Sedan is driving ahead (near) of the ego vehicle and maintaining lane.,0.740348,6.063562,4.84,False,None,0.0
16,16_scenario_2,A red SchoolBus is overtaking (far) the ego vehicle and switching lane.,1.767784,16.201277,3.78,False,None,0.0
16,16_scenario_3,A red Hatchback is crossing the road (near) and switching lane.,2.56835,7.922391,3.52,False,None,0.0
16,16_scenario_4,A skyblue BoxTruck is driving ahead (near) of the ego vehicle and switching lane.,100000.0,15.163188,0.0,False,None,0.0
17,17_scenario_0,A pedestrian is crossing the road from left to right.,100000.0,21.105876,3.5,False,None,0.0
17,17_scenario_1,A black SUV is crossing the road (near) and switching lane.,2.428224,6.12598,1.8600000000000003,False,None,0.0
17,17_scenario_2,A black Sedan is driving ahead (near) of the ego vehicle and maintaining lane.,1.235152,6.38694,6.5600000000000005,False,None,0.0
17,17_scenario_3,A black Sedan is driving ahead (near) of the ego vehicle and maintaining lane.,100000.0,8.231645,7.26,False,None,0.0
17,17_scenario_4,A pink Jeep is driving ahead (far) of the ego vehicle and maintaining lane.,100000.0,18.83775,3.2,False,None,0.0
17,17_scenario_5,A black Sedan is driving ahead (near) of the ego vehicle and maintaining lane.,0.721081,7.570511,12.66,False,None,0.0
17,17_scenario_6,A red BoxTruck is driving ahead (far) of the ego vehicle and maintaining lane.,3.588981,15.132815,5.62,False,None,0.0
17,17_scenario_7,A white BoxTruck is overtaking (far) the ego vehicle and switching lane.,1.134573,19.39604,6.66,False,None,0.0
17,17_scenario_8,A skyblue BoxTruck is driving ahead (near) of the ego vehicle and switching lane.,100000.0,9.007904,0.4,False,None,0.0
17,17_scenario_9,A white BoxTruck is overtaking (far) the ego vehicle and switching lane.,2.083628,6.833314,2.08,False,None,0.0
17,17_scenario_10,A black Sedan is driving ahead (near) of the ego vehicle and maintaining lane.,0.660399,6.954663,9.84,False,None,0.0
17,17_scenario_11,A pink SUV is crossing the road (far) and switching lane.,0.507196,6.020272,4.36,False,None,0.0
17,17_scenario_12,A pedestrian is crossing the road from left to right.,100000.0,11.897682,0.0,False,None,0.0
17,17_scenario_13,A pedestrian is crossing the road from left to right.,100000.0,32.356758,0.0,False,None,0.0
17,17_scenario_14,A pedestrian is crossing the road from left to right.,100000.0,32.356758,0.0,False,None,0.0
17,17_scenario_15,A pedestrian is crossing the road from left to right.,100000.0,32.356758,0.0,False,None,0.0
18,18_scenario_0,A red BoxTruck is driving ahead (far) of the ego vehicle and maintaining lane.,100000.0,42.865315,3.14,False,None,0.0
18,18_scenario_1,A black SchoolBus is driving ahead (near) of the ego vehicle and maintaining lane.,2.714136,6.816375,4.300000000000001,False,None,0.0
18,18_scenario_2,A yellow SUV is overtaking (near) the ego vehicle and switching lane.,2.290672,6.976163,1.44,False,None,0.0
18,18_scenario_3,A yellow SchoolBus is overtaking (far) the ego vehicle and maintaining lane.,2.2887,8.467758,2.62,False,None,0.0
18,18_scenario_4,A pedestrian is crossing the road from left to right.,100000.0,10.618517,0.0,False,None,0.0
18,18_scenario_5,A pedestrian is crossing the road from left to right.,2.581815,15.499389,0.0,False,None,0.0
18,18_scenario_6,A pedestrian is crossing the road from left to right.,100000.0,14.756012,0.0,False,None,0.0
18,18_scenario_7,A pedestrian is crossing the road from left to right.,100000.0,14.022966,0.0,False,None,0.0
18,18_scenario_8,A yellow SUV is overtaking (near) the ego vehicle and switching lane.,100000.0,7.127325,0.0,False,None,0.0
19,19_scenario_0,A yellow Sedan is driving from the opposite direction (near) and switching lane.,18.264721,20.434763,1.34,False,None,0.0
19,19_scenario_1,A black SchoolBus is overtaking (near) the ego vehicle and maintaining lane.,2.798593,10.355828,3.72,False,None,0.0
19,19_scenario_2,A white Hatchback is driving ahead (far) of the ego vehicle and switching lane.,1.723132,12.376502,8.42,False,None,0.0
19,19_scenario_3,A red BoxTruck is driving ahead (far) of the ego vehicle and maintaining lane.,1.773951,14.027549,7.08,False,None,0.0
19,19_scenario_4,A red BoxTruck is overtaking (near) the ego vehicle and maintaining lane.,2.365068,11.798084,4.880000000000001,False,None,0.0
19,19_scenario_5,A pink BoxTruck is driving ahead (near) of the ego vehicle and maintaining lane.,3.177363,13.42513,2.66,False,None,0.0
19,19_scenario_6_npc_vehicle,A white SchoolBus is driving ahead (near) of the ego vehicle and switching lane.,0.0,6.970798,6.72,True,npc_vehicle,3.0359367878065124
