Execution,ScenarioID,Configuration_API_Description,Attribute[TTC],Attribute[DTO],Attribute[Jerk],Attribute[COL],Attribute[COLT],Attribute[SAC]
0,0_scenario_0,A pink Jeep is crossing the road (near) and switching lane.,100000.0,6.947596,4.96,False,None,0.0
0,0_scenario_1,A red Hatchback is crossing the road (far) and switching lane.,0.313562,7.298314,1.3,False,None,0.0
0,0_scenario_2,A red Hatchback is driving from the opposite direction (near) and switching lane.,1.143096,16.269255,6.720000000000001,False,None,0.0
0,0_scenario_3,A red Sedan is overtaking (near) the ego vehicle and maintaining lane.,3.411332,6.838303,1.0199999999999996,False,None,0.0
0,0_scenario_4,A skyblue Hatchback is driving from the opposite direction (far) and maintaining lane.,1.785121,4.06803,2.18,False,None,0.0
0,0_scenario_5,A skyblue Sedan is driving ahead (near) of the ego vehicle and switching lane.,0.517198,6.199121,5.859999999999999,False,None,0.0
0,0_scenario_6,A yellow Hatchback is driving ahead (near) of the ego vehicle and maintaining lane.,1.330763,12.083882,4.14,False,None,0.0
0,0_scenario_7,A white BoxTruck is overtaking (far) the ego vehicle and switching lane.,0.499564,12.793441,5.64,False,None,0.0
1,1_scenario_0,A red SUV is crossing the road (near) and maintaining lane.,0.792899,9.680289,2.16,False,None,0.0
1,1_scenario_1,A yellow Sedan is crossing the road (far) and switching lane.,0.421788,8.214606,2.9600000000000004,False,None,0.0
1,1_scenario_2,A red SUV is crossing the road (near) and maintaining lane.,1.055237,8.369148,6.22,False,None,0.0
1,1_scenario_3,A red SUV is crossing the road (near) and maintaining lane.,1.729719,11.239776,11.92,False,None,0.0
1,1_scenario_4,A black SUV is driving ahead (near) of the ego vehicle and maintaining lane.,2.984908,8.569607,8.440000000000001,False,None,0.0
1,1_scenario_5,A yellow SUV is overtaking (far) the ego vehicle and switching lane.,0.455538,3.017927,5.119999999999999,False,None,0.0
1,1_scenario_6,A skyblue SchoolBus is driving ahead (far) of the ego vehicle and switching lane.,0.852607,23.893468,2.54,False,None,0.0
1,1_scenario_7,A yellow SUV is overtaking (near) the ego vehicle and switching lane.,0.719158,4.743477,4.779999999999999,False,None,0.0
1,1_scenario_8,A pink BoxTruck is driving ahead (near) of the ego vehicle and maintaining lane.,1.797998,14.097211,3.3,False,None,0.0
1,1_scenario_9,A black Sedan is driving ahead (near) of the ego vehicle and maintaining lane.,1.720939,10.900462,4.88,False,None,0.0
1,1_scenario_10,A skyblue Jeep is overtaking (far) the ego vehicle and switching lane.,3.33453,5.030531,7.04,False,None,0.0
1,1_scenario_11,A white Hatchback is overtaking (far) the ego vehicle and maintaining lane.,0.996323,7.807683,7.02,False,None,0.0
1,1_scenario_12,A yellow Hatchback is overtaking (near) the ego vehicle and maintaining lane.,1.318857,4.411735,1.08,False,None,0.0
2,2_scenario_0,A red SUV is crossing the road (near) and maintaining lane.,1.378948,9.89035,14.22,False,None,0.0
2,2_scenario_1_npc_vehicle,A black SchoolBus is driving ahead (near) of the ego vehicle and maintaining lane.,0.0,4.894081,11.68,True,npc_vehicle,1.1258556660511734
3,3_scenario_0,A red Hatchback is crossing the road (near) and switching lane.,0.608385,7.04114,4.1000000000000005,False,None,0.0
3,3_scenario_1,A yellow Sedan is crossing the road (far) and switching lane.,0.359806,9.593939,3.0,False,None,0.0
3,3_scenario_2,A black SUV is driving from the opposite direction (far) and switching lane.,1.005448,13.07631,0.6,False,None,0.0
3,3_scenario_3,A black Jeep is driving ahead (near) of the ego vehicle and switching lane.,0.527485,5.403513,9.9,False,None,0.0
3,3_scenario_4,A black Jeep is overtaking (near) the ego vehicle and maintaining lane.,0.610286,6.266505,4.84,False,None,0.0
3,3_scenario_5,A red BoxTruck is driving from the opposite direction (far) and maintaining lane.,2.774235,4.001379,3.26,False,None,0.0
3,3_scenario_6,A black Hatchback is overtaking (near) the ego vehicle and switching lane.,2.398172,9.710866,10.28,False,None,0.0
3,3_scenario_7_npc_vehicle,A black Sedan is driving ahead (near) of the ego vehicle and maintaining lane.,0.0,5.005665,5.3,True,npc_vehicle,0.3661033067137225
4,4_scenario_0,A red Hatchback is crossing the road (near) and switching lane.,100000.0,8.00208,6.54,False,None,0.0
4,4_scenario_1,A red Hatchback is crossing the road (far) and switching lane.,0.572542,9.268341,3.2,False,None,0.0
4,4_scenario_2,A white Jeep is driving ahead (near) of the ego vehicle and maintaining lane.,0.977357,5.673344,8.72,False,None,0.0
4,4_scenario_3,A red SUV is overtaking (near) the ego vehicle and maintaining lane.,1.74324,5.983624,2.74,False,None,0.0
4,4_scenario_4,A black SUV is driving ahead (near) of the ego vehicle and maintaining lane.,0.513697,6.035108,10.1,False,None,0.0
4,4_scenario_5,A skyblue SUV is crossing the road (far) and maintaining lane.,2.428489,5.76599,3.7,False,None,0.0
4,4_scenario_6,A red SUV is crossing the road (near) and maintaining lane.,1.013217,8.671611,9.0,False,None,0.0
4,4_scenario_7,A red SUV is crossing the road (near) and maintaining lane.,1.204276,9.780999,7.64,False,None,0.0
4,4_scenario_8,A skyblue BoxTruck is driving ahead (near) of the ego vehicle and switching lane.,2.884762,11.006077,4.84,False,None,0.0
4,4_scenario_9,A yellow Sedan is overtaking (near) the ego vehicle and switching lane.,0.647745,9.717156,1.02,False,None,0.0
4,4_scenario_10,A white Jeep is driving ahead (near) of the ego vehicle and maintaining lane.,1.524999,5.603491,8.18,False,None,0.0
4,4_scenario_11,A red SUV is overtaking (near) the ego vehicle and maintaining lane.,1.681914,9.479861,6.72,False,None,0.0
4,4_scenario_12,A black Jeep is driving ahead (near) of the ego vehicle and switching lane.,1.813038,6.980651,4.199999999999999,False,None,0.0
4,4_scenario_13_npc_vehicle,A black Jeep is driving ahead (far) of the ego vehicle and switching lane.,0.0,4.846511,6.2,True,npc_vehicle,3.1861873949882087
5,5_scenario_0,A red Hatchback is crossing the road (near) and switching lane.,100000.0,8.723653,5.58,False,None,0.0
5,5_scenario_1,A pink SUV is crossing the road (far) and switching lane.,0.702763,11.436545,5.02,False,None,0.0
5,5_scenario_2,A black SchoolBus is crossing the road (near) and maintaining lane.,0.788886,8.078321,12.54,False,None,0.0
5,5_scenario_3,A black SchoolBus is crossing the road (near) and maintaining lane.,0.384784,10.023031,2.76,False,None,0.0
5,5_scenario_4,A yellow SUV is overtaking (near) the ego vehicle and switching lane.,0.739417,5.614289,4.16,False,None,0.0
5,5_scenario_5,A pink Jeep is crossing the road (near) and switching lane.,100000.0,5.892779,5.62,False,None,0.0
5,5_scenario_6_npc_vehicle,A black SchoolBus is crossing the road (near) and maintaining lane.,0.0,4.843658,5.279999999999999,True,npc_vehicle,2.373001038804794
6,6_scenario_0,A red Hatchback is crossing the road (near) and switching lane.,100000.0,8.633684,8.379999999999999,False,None,0.0
6,6_scenario_1,A pink SUV is crossing the road (far) and switching lane.,0.627474,7.380243,3.0,False,None,0.0
6,6_scenario_2,A black SUV is driving from the opposite direction (far) and switching lane.,0.758009,8.335404,2.68,False,None,0.0
6,6_scenario_3,A yellow Sedan is crossing the road (far) and maintaining lane.,100000.0,14.624626,0.0,False,None,0.0
6,6_scenario_4,A black SUV is crossing the road (near) and switching lane.,100000.0,13.972858,0.0,False,None,0.0
7,7_scenario_0,A pink BoxTruck is crossing the road (near) and switching lane.,0.494024,5.730595,14.14,False,None,0.0
7,7_scenario_1_npc_vehicle,A black SUV is crossing the road (near) and switching lane.,0.0,4.825373,16.82,True,npc_vehicle,6.687489133869573
8,8_scenario_0,A red Hatchback is crossing the road (near) and switching lane.,1.444536,7.904502,10.3,False,None,0.0
8,8_scenario_1_npc_vehicle,A black SchoolBus is driving ahead (near) of the ego vehicle and maintaining lane.,0.0,4.150217,5.66,True,npc_vehicle,0.0642071564013347
9,9_scenario_0,A red Hatchback is crossing the road (near) and switching lane.,100000.0,8.575122,7.4,False,None,0.0
9,9_scenario_1_npc_vehicle,A black SUV is crossing the road (near) and switching lane.,0.0,3.544258,12.86,True,npc_vehicle,7.281859447558029
10,10_scenario_0,A red SUV is crossing the road (near) and maintaining lane.,100000.0,11.231391,5.960000000000001,False,None,0.0
10,10_scenario_1_npc_vehicle,A pink Jeep is crossing the road (near) and switching lane.,0.0,3.000642,7.979999999999999,True,npc_vehicle,10.46903200130915
11,11_scenario_0,A pink Jeep is crossing the road (near) and switching lane.,100000.0,8.632766,5.12,False,None,0.0
11,11_scenario_1_npc_vehicle,A skyblue BoxTruck is driving ahead (near) of the ego vehicle and switching lane.,0.0,5.869002,8.16,True,npc_vehicle,0.0623949271182952
12,12_scenario_0,A pink BoxTruck is crossing the road (near) and switching lane.,0.496376,5.771009,6.779999999999999,False,None,0.0
12,12_scenario_1_npc_vehicle,A red SUV is driving ahead (near) of the ego vehicle and switching lane.,0.0,3.710366,5.66,True,npc_vehicle,0.7536731047156279
13,13_scenario_0,A black SUV is crossing the road (near) and switching lane.,0.306141,4.402847,11.22,False,None,0.0
13,13_scenario_1,A pink BoxTruck is driving ahead (near) of the ego vehicle and maintaining lane.,0.437962,7.323004,8.02,False,None,0.0
13,13_scenario_2,A yellow Sedan is overtaking (near) the ego vehicle and switching lane.,0.896088,2.716491,9.66,False,None,0.0
13,13_scenario_3,A black SchoolBus is crossing the road (near) and maintaining lane.,0.761474,10.310546,8.74,False,None,0.0
13,13_scenario_4,A white Jeep is driving ahead (near) of the ego vehicle and maintaining lane.,1.275552,5.604076,9.28,False,None,0.0
13,13_scenario_5,A pedestrian is crossing the road from right to left.,2.046289,21.13015,4.48,False,None,0.0
13,13_scenario_6,A yellow Hatchback is overtaking (near) the ego vehicle and maintaining lane.,2.579308,4.740154,7.78,False,None,0.0
13,13_scenario_7,A yellow SchoolBus is overtaking (far) the ego vehicle and maintaining lane.,1.872302,2.432301,3.04,False,None,0.0
13,13_scenario_8,A white Jeep is driving ahead (near) of the ego vehicle and maintaining lane.,0.403899,5.540097,11.2,False,None,0.0
13,13_scenario_9,A black SchoolBus is overtaking (near) the ego vehicle and maintaining lane.,0.934532,9.537855,14.48,False,None,0.0
13,13_scenario_10_npc_vehicle,A red BoxTruck is driving from the opposite direction (far) and maintaining lane.,0.0,2.856924,8.74,True,npc_vehicle,7.869188079010006
14,14_scenario_0,A pink BoxTruck is crossing the road (near) and switching lane.,100000.0,12.134868,5.88,False,None,0.0
14,14_scenario_1_npc_vehicle,A black SchoolBus is driving ahead (near) of the ego vehicle and maintaining lane.,0.0,4.415189,7.08,True,npc_vehicle,0.0862638636866749
15,15_scenario_0,A pink BoxTruck is crossing the road (near) and switching lane.,100000.0,11.081419,4.98,False,None,0.0
15,15_scenario_1_npc_vehicle,A red SUV is driving ahead (near) of the ego vehicle and switching lane.,0.0,3.567972,6.62,True,npc_vehicle,6.578503723103718
16,16_scenario_0,A black SchoolBus is overtaking (near) the ego vehicle and maintaining lane.,100000.0,5.267692,3.22,False,None,0.0
16,16_scenario_1,A white SchoolBus is driving ahead (far) of the ego vehicle and maintaining lane.,100000.0,3.976994,5.16,False,None,0.0
16,16_scenario_2,A red SUV is overtaking (near) the ego vehicle and maintaining lane.,100000.0,8.496693,6.319999999999999,False,None,0.0
16,16_scenario_3,A skyblue Sedan is driving ahead (near) of the ego vehicle and switching lane.,100000.0,17.508575,0.4199999999999999,False,None,0.0
16,16_scenario_4,A yellow SchoolBus is overtaking (far) the ego vehicle and maintaining lane.,100000.0,22.064543,0.6200000000000001,False,None,0.0
16,16_scenario_5,A red BoxTruck is overtaking (near) the ego vehicle and maintaining lane.,18.193919,8.039891,15.68,False,None,0.0
16,16_scenario_6,A red SUV is overtaking (near) the ego vehicle and maintaining lane.,100000.0,3.785053,8.8,False,None,0.0
16,16_scenario_7,A white SchoolBus is driving ahead (near) of the ego vehicle and switching lane.,10.503101,3.967795,6.0,False,None,0.0
16,16_scenario_8,A black Jeep is driving ahead (far) of the ego vehicle and switching lane.,20.344828,4.998589,4.46,False,None,0.0
16,16_scenario_9,A red SchoolBus is overtaking (near) the ego vehicle and switching lane.,100000.0,10.173246,6.92,False,None,0.0
16,16_scenario_10,A pink SUV is overtaking (far) the ego vehicle and maintaining lane.,100000.0,9.000022,10.32,False,None,0.0
16,16_scenario_11,A red Hatchback is driving from the opposite direction (near) and switching lane.,100000.0,9.102938,5.360000000000001,False,None,0.0
16,16_scenario_12,A pink Sedan is driving from the opposite direction (far) and switching lane.,4.324198,9.267026,6.5600000000000005,False,None,0.0
16,16_scenario_13,A white SchoolBus is driving ahead (far) of the ego vehicle and maintaining lane.,100000.0,2.954753,4.66,False,None,0.0
16,16_scenario_14,A yellow Sedan is crossing the road (far) and switching lane.,100000.0,21.527467,4.62,False,None,0.0
16,16_scenario_15,A black SchoolBus is crossing the road (far) and maintaining lane.,100000.0,20.751735,5.84,False,None,0.0
16,16_scenario_16,A skyblue Hatchback is driving ahead (far) of the ego vehicle and maintaining lane.,100000.0,20.164533,6.86,False,None,0.0
17,17_scenario_0,A red BoxTruck is overtaking (near) the ego vehicle and maintaining lane.,100000.0,4.813062,5.640000000000001,False,None,0.0
17,17_scenario_1,A white BoxTruck is overtaking (far) the ego vehicle and switching lane.,100000.0,4.287948,13.82,False,None,0.0
17,17_scenario_2,A black Hatchback is overtaking (near) the ego vehicle and switching lane.,100000.0,9.331289,1.1,False,None,0.0
17,17_scenario_3,A skyblue Hatchback is driving ahead (far) of the ego vehicle and maintaining lane.,100000.0,12.828251,6.38,False,None,0.0
17,17_scenario_4,A pink Hatchback is crossing the road (far) and maintaining lane.,4.425713,13.308808,3.46,False,None,0.0
17,17_scenario_5,A red SUV is overtaking (near) the ego vehicle and maintaining lane.,4.746168,12.621617,6.640000000000001,False,None,0.0
17,17_scenario_6,A pink Jeep is driving ahead (far) of the ego vehicle and maintaining lane.,100000.0,13.153344,12.48,False,None,0.0
17,17_scenario_7,A red BoxTruck is driving ahead (far) of the ego vehicle and switching lane.,100000.0,19.394787,1.7600000000000002,False,None,0.0
17,17_scenario_8,A red BoxTruck is driving ahead (far) of the ego vehicle and switching lane.,100000.0,42.888063,1.98,False,None,0.0
17,17_scenario_9,A black SUV is driving from the opposite direction (far) and switching lane.,100000.0,47.032877,4.98,False,None,0.0
17,17_scenario_10,A white Jeep is driving ahead (near) of the ego vehicle and maintaining lane.,21.858122,10.008535,4.88,False,None,0.0
17,17_scenario_11,A skyblue Sedan is driving ahead (near) of the ego vehicle and switching lane.,100000.0,18.897196,0.8,False,None,0.0
17,17_scenario_12,A white SchoolBus is driving ahead (far) of the ego vehicle and maintaining lane.,100000.0,35.320177,0.8,False,None,0.0
17,17_scenario_13,A white SchoolBus is driving ahead (near) of the ego vehicle and switching lane.,100000.0,15.355323,0.88,False,None,0.0
18,18_scenario_0,A red Hatchback is crossing the road (near) and switching lane.,100000.0,8.575122,7.4,False,None,0.0
18,18_scenario_1_npc_vehicle,A black SUV is crossing the road (near) and switching lane.,0.0,3.544258,12.86,True,npc_vehicle,7.281859447558029
19,19_scenario_0,A red SUV is crossing the road (near) and maintaining lane.,100000.0,11.231391,5.960000000000001,False,None,0.0
19,19_scenario_1_npc_vehicle,A pink Jeep is crossing the road (near) and switching lane.,0.0,3.000642,7.979999999999999,True,npc_vehicle,10.46903200130915
