Execution,ScenarioID,Configuration_API_Description,Attribute[TTC],Attribute[DTO],Attribute[Jerk],Attribute[COL],Attribute[COLT],Attribute[SAC]
0,0_scenario_0,A red SchoolBus is driving from the opposite direction (near) and maintaining lane.,100000.0,8.105483,5.720000000000001,False,None,0.0
0,0_scenario_1,A pink Hatchback is driving ahead (near) of the ego vehicle and switching lane.,1.144468,6.418577,11.12,False,None,0.0
0,0_scenario_2,A black Hatchback is overtaking (near) the ego vehicle and switching lane.,100000.0,3.337823,8.06,False,None,0.0
0,0_scenario_3_obstacle,A black Jeep is driving ahead (far) of the ego vehicle and switching lane.,0.0,10.854921,6.16,True,obstacle,5.266780498484866
1,1_scenario_0,A red SchoolBus is driving from the opposite direction (near) and maintaining lane.,100000.0,8.104773,2.46,False,None,0.0
1,1_scenario_1,A black Sedan is driving ahead (near) of the ego vehicle and maintaining lane.,0.430709,6.08163,10.94,False,None,0.0
1,1_scenario_2,A black Jeep is overtaking (near) the ego vehicle and maintaining lane.,100000.0,4.532241,8.06,False,None,0.0
1,1_scenario_3,A red BoxTruck is overtaking (near) the ego vehicle and maintaining lane.,100000.0,3.485785,6.279999999999999,False,None,0.0
1,1_scenario_4,A black SchoolBus is overtaking (near) the ego vehicle and maintaining lane.,100000.0,4.108855,7.579999999999999,False,None,0.0
1,1_scenario_5,A pedestrian is crossing the road from left to right.,1.11175,9.433496,4.08,False,None,0.0
1,1_scenario_6,A white BoxTruck is overtaking (near) the ego vehicle and switching lane.,100000.0,7.966174,7.24,False,None,0.0
1,1_scenario_7,A yellow SUV is overtaking (near) the ego vehicle and switching lane.,100000.0,8.292327,6.9,False,None,0.0
1,1_scenario_8,A yellow SUV is overtaking (near) the ego vehicle and switching lane.,100000.0,10.917765,6.88,False,None,0.0
1,1_scenario_9,A pedestrian is crossing the road from right to left.,100000.0,2.629204,6.86,False,None,0.0
1,1_scenario_10,A black Jeep is overtaking (near) the ego vehicle and maintaining lane.,100000.0,8.243437,6.28,False,None,0.0
1,1_scenario_11,A yellow SUV is overtaking (near) the ego vehicle and switching lane.,100000.0,12.764606,0.0,False,None,0.0
2,2_scenario_0,A pink Sedan is driving from the opposite direction (near) and maintaining lane.,100000.0,8.098977,5.46,False,None,0.0
2,2_scenario_1_npc_vehicle,A black Jeep is driving ahead (near) of the ego vehicle and switching lane.,0.0,4.603731,9.88,True,npc_vehicle,2.2937469504823147
3,3_scenario_0,A red BoxTruck is driving from the opposite direction (near) and maintaining lane.,100000.0,8.133206,4.220000000000001,False,None,0.0
3,3_scenario_1,A pink Hatchback is driving ahead (near) of the ego vehicle and switching lane.,1.995578,7.826269,6.42,False,None,0.0
3,3_scenario_2,A yellow BoxTruck is overtaking (far) the ego vehicle and maintaining lane.,100000.0,4.363018,5.18,False,None,0.0
3,3_scenario_3,A red SUV is overtaking (near) the ego vehicle and maintaining lane.,2.656303,3.20516,5.32,False,None,0.0
3,3_scenario_4,A black Jeep is overtaking (near) the ego vehicle and maintaining lane.,1.150282,4.999045,3.38,False,None,0.0
3,3_scenario_5,A yellow Hatchback is overtaking (near) the ego vehicle and maintaining lane.,2.668632,3.609516,6.4,False,None,0.0
3,3_scenario_6,A pedestrian is crossing the road from left to right.,1.327883,8.444481,8.98,False,None,0.0
3,3_scenario_7,A skyblue Sedan is driving ahead (near) of the ego vehicle and switching lane.,21.051954,19.238562,5.42,False,None,0.0
3,3_scenario_8,A red SchoolBus is overtaking (near) the ego vehicle and switching lane.,100000.0,13.942464,8.42,False,None,0.0
3,3_scenario_9_npc_vehicle,A pedestrian is crossing the road from right to left.,0.0,7.186722,0.0,True,npc_vehicle,0.5264297431026922
4,4_scenario_0,A red SchoolBus is driving from the opposite direction (near) and maintaining lane.,100000.0,8.135154,3.5,False,None,0.0
4,4_scenario_1,A black Jeep is driving ahead (near) of the ego vehicle and switching lane.,1.184497,6.103809,7.499999999999999,False,None,0.0
4,4_scenario_2,A red BoxTruck is overtaking (near) the ego vehicle and maintaining lane.,2.512072,4.724733,8.58,False,None,0.0
4,4_scenario_3,A red SUV is overtaking (near) the ego vehicle and maintaining lane.,100000.0,4.573906,6.48,False,None,0.0
4,4_scenario_4,A pedestrian is crossing the road from left to right.,2.985122,5.456694,5.0600000000000005,False,None,0.0
4,4_scenario_5,A pedestrian is crossing the road from left to right.,2.722483,3.276683,8.44,False,None,0.0
4,4_scenario_6,A red SchoolBus is overtaking (near) the ego vehicle and switching lane.,1.625403,14.192515,3.3200000000000003,False,None,0.0
4,4_scenario_7,A black SchoolBus is overtaking (near) the ego vehicle and maintaining lane.,4.436774,8.599846,4.88,False,None,0.0
4,4_scenario_8,A white SchoolBus is driving ahead (near) of the ego vehicle and switching lane.,4.401058,9.03768,6.94,False,None,0.0
4,4_scenario_9,A black SchoolBus is overtaking (near) the ego vehicle and maintaining lane.,11.024618,3.799387,8.66,False,None,0.0
4,4_scenario_10,A pedestrian is crossing the road from right to left.,0.817294,9.924161,6.140000000000001,False,None,0.0
4,4_scenario_11,A red SUV is driving ahead (far) of the ego vehicle and maintaining lane.,10.467673,3.6093,6.92,False,None,0.0
4,4_scenario_12,A black SUV is driving ahead (near) of the ego vehicle and maintaining lane.,2.967009,9.890023,7.24,False,None,0.0
4,4_scenario_13,A yellow Hatchback is overtaking (near) the ego vehicle and maintaining lane.,2.110006,5.745783,3.9,False,None,0.0
4,4_scenario_14_npc_vehicle,A pedestrian is crossing the road from right to left.,0.0,4.587307,1.0,True,npc_vehicle,7.169389629860171
5,5_scenario_0,A red SchoolBus is driving from the opposite direction (near) and maintaining lane.,100000.0,8.177818,3.34,False,None,0.0
5,5_scenario_1_npc_vehicle,A black Jeep is driving ahead (near) of the ego vehicle and switching lane.,0.0,4.606711,6.6000000000000005,True,npc_vehicle,1.259347677519673
6,6_scenario_0,A pink Sedan is driving from the opposite direction (near) and maintaining lane.,100000.0,8.102396,4.680000000000001,False,None,0.0
6,6_scenario_1_npc_vehicle,A black Jeep is driving ahead (near) of the ego vehicle and switching lane.,0.0,4.715182,5.699999999999999,True,npc_vehicle,4.976441727744081
7,7_scenario_0,A skyblue SUV is driving from the opposite direction (near) and maintaining lane.,100000.0,8.087513,3.3200000000000003,False,None,0.0
7,7_scenario_1,A skyblue Sedan is driving ahead (near) of the ego vehicle and switching lane.,1.353739,6.59836,11.18,False,None,0.0
7,7_scenario_2,A yellow Hatchback is overtaking (near) the ego vehicle and maintaining lane.,2.71733,4.633766,6.5,False,None,0.0
7,7_scenario_3,A black SchoolBus is overtaking (near) the ego vehicle and maintaining lane.,2.806314,4.102641,6.359999999999999,False,None,0.0
7,7_scenario_4,A black SchoolBus is overtaking (near) the ego vehicle and maintaining lane.,1.136801,5.314538,8.84,False,None,0.0
7,7_scenario_5,A red SUV is overtaking (near) the ego vehicle and maintaining lane.,1.603796,4.285471,10.46,False,None,0.0
7,7_scenario_6,A pedestrian is crossing the road from left to right.,1.460749,16.785008,10.62,False,None,0.0
7,7_scenario_7,A black Sedan is driving ahead (near) of the ego vehicle and maintaining lane.,100000.0,13.833023,6.54,False,None,0.0
7,7_scenario_8,A black SUV is driving from the opposite direction (far) and switching lane.,6.048692,12.919942,7.800000000000001,False,None,0.0
7,7_scenario_9,A pedestrian is crossing the road from left to right.,100000.0,12.920906,0.0,False,None,0.0
7,7_scenario_10,A pedestrian is crossing the road from left to right.,100000.0,12.924021,0.0,False,None,0.0
8,8_scenario_0,A red BoxTruck is driving from the opposite direction (near) and maintaining lane.,100000.0,8.171139,4.94,False,None,0.0
8,8_scenario_1,A black Jeep is driving ahead (near) of the ego vehicle and switching lane.,1.131759,5.730801,7.959999999999999,False,None,0.0
8,8_scenario_2,A red SUV is overtaking (near) the ego vehicle and maintaining lane.,2.807551,4.780186,6.54,False,None,0.0
8,8_scenario_3,A black Jeep is overtaking (near) the ego vehicle and maintaining lane.,3.594927,4.119315,5.880000000000001,False,None,0.0
8,8_scenario_4,A red SUV is overtaking (near) the ego vehicle and maintaining lane.,0.971411,4.79066,3.94,False,None,0.0
8,8_scenario_5,A black Hatchback is overtaking (near) the ego vehicle and switching lane.,0.852718,4.790685,6.84,False,None,0.0
8,8_scenario_6,A pedestrian is crossing the road from left to right.,2.037235,3.294184,1.6,False,None,0.0
8,8_scenario_7,A yellow BoxTruck is overtaking (far) the ego vehicle and maintaining lane.,6.037795,3.457643,5.76,False,None,0.0
8,8_scenario_8,A black SchoolBus is overtaking (near) the ego vehicle and maintaining lane.,7.821029,29.257317,2.68,False,None,0.0
8,8_scenario_9,A white Jeep is driving ahead (near) of the ego vehicle and maintaining lane.,1.021154,3.038327,1.58,False,None,0.0
8,8_scenario_10,A pedestrian is crossing the road from left to right.,9.106113,5.649663,6.02,False,None,0.0
8,8_scenario_11,A red Hatchback is crossing the road (near) and switching lane.,1.421105,2.713687,6.039999999999999,False,None,0.0
8,8_scenario_12,A yellow SUV is overtaking (near) the ego vehicle and switching lane.,9.578091,2.373749,6.12,False,None,0.0
8,8_scenario_13,A white BoxTruck is overtaking (near) the ego vehicle and switching lane.,9.333801,3.960548,7.08,False,None,0.0
8,8_scenario_14,A white BoxTruck is overtaking (near) the ego vehicle and switching lane.,8.648062,7.221669,4.46,False,None,0.0
8,8_scenario_15,A yellow Sedan is overtaking (far) the ego vehicle and maintaining lane.,8.580386,10.487468,7.24,False,None,0.0
9,9_scenario_0,A pink Sedan is driving from the opposite direction (near) and maintaining lane.,100000.0,8.100442,5.08,False,None,0.0
9,9_scenario_1,A black Jeep is driving ahead (near) of the ego vehicle and switching lane.,1.115605,6.810472,9.52,False,None,0.0
9,9_scenario_2,A red Sedan is overtaking (near) the ego vehicle and maintaining lane.,100000.0,3.297749,9.26,False,None,0.0
9,9_scenario_3,A red SUV is overtaking (near) the ego vehicle and maintaining lane.,100000.0,3.994771,6.94,False,None,0.0
9,9_scenario_4,A skyblue BoxTruck is driving ahead (near) of the ego vehicle and switching lane.,2.609974,13.023724,4.14,False,None,0.0
9,9_scenario_5,A yellow Sedan is overtaking (near) the ego vehicle and switching lane.,2.886524,7.819818,12.34,False,None,0.0
9,9_scenario_6,A pink Jeep is driving ahead (far) of the ego vehicle and maintaining lane.,100000.0,7.814338,3.3200000000000003,False,None,0.0
9,9_scenario_7,A black Jeep is driving ahead (far) of the ego vehicle and switching lane.,5.148214,7.005255,8.3,False,None,0.0
9,9_scenario_8,A pink Sedan is driving from the opposite direction (far) and switching lane.,100000.0,4.524191,5.96,False,None,0.0
9,9_scenario_9,A red SchoolBus is overtaking (near) the ego vehicle and switching lane.,2.978876,5.061616,3.82,False,None,0.0
9,9_scenario_10,A yellow Sedan is overtaking (near) the ego vehicle and switching lane.,1.864044,3.053757,8.9,False,None,0.0
9,9_scenario_11,A red BoxTruck is overtaking (near) the ego vehicle and maintaining lane.,1.463173,8.755626,5.88,False,None,0.0
9,9_scenario_12,A black Sedan is driving ahead (near) of the ego vehicle and maintaining lane.,2.620816,8.374705,9.82,False,None,0.0
9,9_scenario_13,A yellow SUV is overtaking (far) the ego vehicle and switching lane.,1.615364,8.499149,3.16,False,None,0.0
9,9_scenario_14,A red BoxTruck is overtaking (near) the ego vehicle and maintaining lane.,1.335304,4.804211,6.38,False,None,0.0
9,9_scenario_15,A yellow SchoolBus is driving from the opposite direction (near) and switching lane.,1.131866,7.059722,7.479999999999999,False,None,0.0
9,9_scenario_16,A white BoxTruck is overtaking (near) the ego vehicle and switching lane.,100000.0,3.588485,4.32,False,None,0.0
9,9_scenario_17,A black Jeep is overtaking (near) the ego vehicle and maintaining lane.,1.020261,4.14269,6.26,False,None,0.0
9,9_scenario_18,A black Jeep is overtaking (near) the ego vehicle and maintaining lane.,100000.0,5.379667,7.38,False,None,0.0
9,9_scenario_19,A white Jeep is driving ahead (near) of the ego vehicle and maintaining lane.,100000.0,5.490808,5.14,False,None,0.0
9,9_scenario_20,A black Sedan is driving ahead (near) of the ego vehicle and maintaining lane.,100000.0,5.488047,8.8,False,None,0.0
10,10_scenario_0,A red SchoolBus is driving from the opposite direction (near) and maintaining lane.,100000.0,8.147643,3.62,False,None,0.0
10,10_scenario_1,A black Jeep is driving ahead (near) of the ego vehicle and switching lane.,1.270535,4.637957,6.58,False,None,0.0
10,10_scenario_2,A pink SUV is overtaking (far) the ego vehicle and maintaining lane.,100000.0,4.889733,9.34,False,None,0.0
10,10_scenario_3,A red BoxTruck is overtaking (near) the ego vehicle and maintaining lane.,100000.0,4.680271,7.06,False,None,0.0
10,10_scenario_4,A pedestrian is crossing the road from left to right.,2.892803,5.130727,11.4,False,None,0.0
10,10_scenario_5,A red BoxTruck is driving ahead (far) of the ego vehicle and switching lane.,2.005256,3.943465,6.140000000000001,False,None,0.0
10,10_scenario_6,A pink Jeep is driving ahead (far) of the ego vehicle and maintaining lane.,38.142681,11.371128,4.119999999999999,False,None,0.0
10,10_scenario_7,A pedestrian is crossing the road from left to right.,7.700726,3.720572,3.56,False,None,0.0
10,10_scenario_8,A white Jeep is driving ahead (near) of the ego vehicle and maintaining lane.,4.58781,2.990834,16.259999999999998,False,None,0.0
10,10_scenario_9,A skyblue Jeep is overtaking (far) the ego vehicle and switching lane.,1.634491,10.999645,2.8199999999999994,False,None,0.0
10,10_scenario_10_npc_vehicle,A white Jeep is driving ahead (near) of the ego vehicle and maintaining lane.,0.0,4.271564,4.64,True,npc_vehicle,6.474491960718898
11,11_scenario_0,A pink Sedan is driving from the opposite direction (near) and maintaining lane.,100000.0,8.095188,2.24,False,None,0.0
11,11_scenario_1,A black Sedan is driving ahead (near) of the ego vehicle and maintaining lane.,0.472547,6.64724,7.96,False,None,0.0
11,11_scenario_2,A black Jeep is overtaking (near) the ego vehicle and maintaining lane.,100000.0,3.994801,7.0,False,None,0.0
11,11_scenario_3,A white SchoolBus is driving ahead (far) of the ego vehicle and maintaining lane.,100000.0,20.568688,2.3,False,None,0.0
11,11_scenario_4,A yellow Hatchback is overtaking (near) the ego vehicle and maintaining lane.,1.992004,3.492345,8.459999999999999,False,None,0.0
11,11_scenario_5,A pedestrian is crossing the road from left to right.,1.381688,8.685442,10.74,False,None,0.0
11,11_scenario_6,A black Hatchback is overtaking (near) the ego vehicle and switching lane.,2.291998,9.978071,7.28,False,None,0.0
11,11_scenario_7,A white BoxTruck is driving from the opposite direction (far) and switching lane.,100000.0,12.034752,5.64,False,None,0.0
11,11_scenario_8,A pedestrian is crossing the road from left to right.,100000.0,12.015417,0.0,False,None,0.0
11,11_scenario_9,A red BoxTruck is overtaking (near) the ego vehicle and maintaining lane.,100000.0,12.019775,0.0,False,None,0.0
11,11_scenario_10,A black SchoolBus is overtaking (near) the ego vehicle and maintaining lane.,100000.0,12.024363,0.0,False,None,0.0
11,11_scenario_11,A black SchoolBus is crossing the road (far) and maintaining lane.,100000.0,12.028882,5.54,False,None,0.0
12,12_scenario_0,A skyblue SUV is driving from the opposite direction (near) and maintaining lane.,100000.0,8.09142,3.86,False,None,0.0
12,12_scenario_1,A black Jeep is driving ahead (near) of the ego vehicle and switching lane.,1.177129,5.601262,10.18,False,None,0.0
12,12_scenario_2,A yellow BoxTruck is overtaking (far) the ego vehicle and maintaining lane.,1.969886,5.445982,9.04,False,None,0.0
12,12_scenario_3,A white Jeep is driving ahead (near) of the ego vehicle and maintaining lane.,10.748054,3.161541,6.76,False,None,0.0
12,12_scenario_4,A black Sedan is driving ahead (near) of the ego vehicle and maintaining lane.,0.712234,3.55789,6.0600000000000005,False,None,0.0
12,12_scenario_5,A black Jeep is driving ahead (far) of the ego vehicle and switching lane.,0.900196,11.03568,10.0,False,None,0.0
12,12_scenario_6,A red Jeep is overtaking (near) the ego vehicle and switching lane.,0.977335,14.167308,5.48,False,None,0.0
12,12_scenario_7_npc_vehicle,A pink BoxTruck is driving ahead (near) of the ego vehicle and maintaining lane.,0.0,7.075528,10.38,True,npc_vehicle,3.4834825315017377
13,13_scenario_0,A red SchoolBus is driving from the opposite direction (near) and maintaining lane.,100000.0,8.129928,3.140000000000001,False,None,0.0
13,13_scenario_1,A black Jeep is driving ahead (near) of the ego vehicle and switching lane.,1.139545,6.987951,6.280000000000001,False,None,0.0
13,13_scenario_2,A black Jeep is overtaking (far) the ego vehicle and maintaining lane.,2.152643,3.912869,12.88,False,None,0.0
13,13_scenario_3,A red BoxTruck is overtaking (near) the ego vehicle and maintaining lane.,100000.0,4.299089,8.36,False,None,0.0
13,13_scenario_4,A red BoxTruck is overtaking (near) the ego vehicle and maintaining lane.,2.540493,4.019213,3.88,False,None,0.0
13,13_scenario_5,A red SUV is overtaking (near) the ego vehicle and maintaining lane.,0.72781,5.133064,10.98,False,None,0.0
13,13_scenario_6,A black Jeep is overtaking (near) the ego vehicle and maintaining lane.,0.750682,5.446716,3.24,False,None,0.0
13,13_scenario_7,A red BoxTruck is driving ahead (far) of the ego vehicle and switching lane.,2.683946,23.439019,8.74,False,None,0.0
13,13_scenario_8,A pink Sedan is driving from the opposite direction (far) and maintaining lane.,2.941604,58.978568,9.48,False,None,0.0
13,13_scenario_9,A red SUV is overtaking (near) the ego vehicle and maintaining lane.,1.068031,5.617655,2.72,False,None,0.0
13,13_scenario_10,A white Jeep is driving ahead (near) of the ego vehicle and maintaining lane.,0.638465,3.352803,4.640000000000001,False,None,0.0
13,13_scenario_11,A black Jeep is overtaking (near) the ego vehicle and maintaining lane.,1.374304,3.647297,5.54,False,None,0.0
13,13_scenario_12,A red SUV is overtaking (near) the ego vehicle and maintaining lane.,8.057467,4.308262,7.859999999999999,False,None,0.0
13,13_scenario_13,A yellow Sedan is crossing the road (far) and maintaining lane.,100000.0,3.012878,7.02,False,None,0.0
13,13_scenario_14,A red SUV is overtaking (near) the ego vehicle and maintaining lane.,3.57365,3.324238,5.640000000000001,False,None,0.0
14,14_scenario_0,A skyblue SUV is driving from the opposite direction (near) and maintaining lane.,100000.0,8.108305,2.1,False,None,0.0
14,14_scenario_1,A black Sedan is driving ahead (near) of the ego vehicle and maintaining lane.,0.377986,5.308181,9.48,False,None,0.0
14,14_scenario_2,A red Sedan is overtaking (near) the ego vehicle and maintaining lane.,100000.0,4.329077,8.22,False,None,0.0
14,14_scenario_3,A white BoxTruck is overtaking (far) the ego vehicle and switching lane.,100000.0,16.085478,4.62,False,None,0.0
14,14_scenario_4,A black Sedan is driving ahead (near) of the ego vehicle and maintaining lane.,2.7565,3.165408,5.5,False,None,0.0
14,14_scenario_5,A white SchoolBus is crossing the road (far) and switching lane.,3.023707,5.531983,18.48,False,None,0.0
14,14_scenario_6,A red Jeep is overtaking (near) the ego vehicle and switching lane.,1.141301,13.025974,5.4,False,None,0.0
14,14_scenario_7,A white BoxTruck is overtaking (far) the ego vehicle and switching lane.,1.463917,19.685855,6.24,False,None,0.0
14,14_scenario_8,A black Jeep is driving ahead (near) of the ego vehicle and switching lane.,1.002315,7.926422,7.54,False,None,0.0
14,14_scenario_9,A black Hatchback is overtaking (near) the ego vehicle and switching lane.,12.502647,2.905877,3.42,False,None,0.0
14,14_scenario_10,A black Sedan is driving ahead (near) of the ego vehicle and maintaining lane.,1.470736,6.342507,5.98,False,None,0.0
14,14_scenario_11,A red SUV is overtaking (near) the ego vehicle and maintaining lane.,0.513255,4.23078,9.98,False,None,0.0
14,14_scenario_12,A red Sedan is overtaking (near) the ego vehicle and maintaining lane.,3.617693,2.899319,5.68,False,None,0.0
14,14_scenario_13,A pedestrian is crossing the road from right to left.,25.302071,2.618131,6.48,False,None,0.0
14,14_scenario_14,A red SUV is overtaking (near) the ego vehicle and maintaining lane.,1.140161,5.004849,6.38,False,None,0.0
14,14_scenario_15,A pedestrian is crossing the road from right to left.,100000.0,4.018583,5.62,False,None,0.0
14,14_scenario_16,A pink BoxTruck is driving ahead (near) of the ego vehicle and maintaining lane.,2.389052,3.390856,8.92,False,None,0.0
14,14_scenario_17,A red SchoolBus is overtaking (far) the ego vehicle and switching lane.,100000.0,6.596673,2.54,False,None,0.0
14,14_scenario_18_npc_vehicle,A pedestrian is crossing the road from right to left.,0.0,4.801225,4.88,True,npc_vehicle,3.713591284490609
15,15_scenario_0,A skyblue SUV is driving from the opposite direction (near) and maintaining lane.,100000.0,8.234693,4.22,False,None,0.0
15,15_scenario_1_npc_vehicle,A black Jeep is driving ahead (near) of the ego vehicle and switching lane.,0.0,4.749212,9.96,True,npc_vehicle,1.3357405460819267
16,16_scenario_0,A pink Sedan is driving from the opposite direction (near) and maintaining lane.,100000.0,8.124566,2.8200000000000003,False,None,0.0
16,16_scenario_1_npc_vehicle,A black Jeep is driving ahead (near) of the ego vehicle and switching lane.,0.0,4.552492,10.1,True,npc_vehicle,1.2108951216656516
17,17_scenario_0,A red SchoolBus is driving from the opposite direction (near) and maintaining lane.,100000.0,8.114511,2.22,False,None,0.0
17,17_scenario_1,A skyblue BoxTruck is driving ahead (near) of the ego vehicle and switching lane.,0.535435,10.241776,5.74,False,None,0.0
17,17_scenario_2,A black SchoolBus is overtaking (near) the ego vehicle and maintaining lane.,100000.0,4.90144,7.92,False,None,0.0
17,17_scenario_3,A black Jeep is overtaking (far) the ego vehicle and maintaining lane.,100000.0,4.037057,4.619999999999999,False,None,0.0
17,17_scenario_4,A black Jeep is overtaking (far) the ego vehicle and maintaining lane.,2.548751,3.893972,3.76,False,None,0.0
17,17_scenario_5,A red SUV is overtaking (near) the ego vehicle and maintaining lane.,1.600432,3.184948,5.9,False,None,0.0
17,17_scenario_6,A black SUV is crossing the road (near) and switching lane.,1.191581,14.818011,5.36,False,None,0.0
17,17_scenario_7_obstacle,A red SchoolBus is overtaking (far) the ego vehicle and switching lane.,0.0,8.378734,1.88,True,obstacle,1.7606957671199226
18,18_scenario_0,A yellow SUV is driving from the opposite direction (near) and switching lane.,100000.0,11.321892,2.18,False,None,0.0
18,18_scenario_1,A red BoxTruck is driving ahead (far) of the ego vehicle and maintaining lane.,3.552205,28.628754,3.94,False,None,0.0
18,18_scenario_2,A pedestrian is crossing the road from left to right.,100000.0,8.486774,3.66,False,None,0.0
18,18_scenario_3_pedestrian,A pink SUV is crossing the road (far) and switching lane.,0.0,1.995846,8.02,True,pedestrian,5.875202008000199
19,19_scenario_0,A yellow SUV is overtaking (far) the ego vehicle and switching lane.,100000.0,39.475055,5.34,False,None,0.0
19,19_scenario_1,A yellow SUV is overtaking (far) the ego vehicle and switching lane.,100000.0,34.097013,1.4800000000000002,False,None,0.0
19,19_scenario_2,A red SUV is driving ahead (far) of the ego vehicle and maintaining lane.,1.558151,20.891777,9.12,False,None,0.0
19,19_scenario_3_pedestrian,A pedestrian is crossing the road from right to left.,0.0,1.770369,12.12,True,pedestrian,3.5039309646372967
