Execution,ScenarioID,Configuration_API_Description,Attribute[TTC],Attribute[DTO],Attribute[Jerk],Attribute[COL],Attribute[COLT],Attribute[SAC]
0,0_scenario_0,A pink Hatchback is driving ahead (near) of the ego vehicle and switching lane.,10.846902,12.869846,3.3,False,None,0.0
0,0_scenario_1,A yellow Hatchback is driving ahead (near) of the ego vehicle and maintaining lane.,100000.0,16.955937,3.24,False,None,0.0
0,0_scenario_2,A skyblue BoxTruck is driving ahead (near) of the ego vehicle and switching lane.,3.094016,8.687845,4.2,False,None,0.0
0,0_scenario_3,A red Hatchback is crossing the road (near) and switching lane.,3.149133,7.59299,13.12,False,None,0.0
0,0_scenario_4,A white Jeep is driving ahead (near) of the ego vehicle and maintaining lane.,4.766299,8.548441,4.08,False,None,0.0
0,0_scenario_5,A red SchoolBus is overtaking (far) the ego vehicle and switching lane.,7.449779,13.874822,0.32,False,None,0.0
0,0_scenario_6,A red Hatchback is crossing the road (far) and switching lane.,13.766268,16.347235,5.960000000000001,False,None,0.0
0,0_scenario_7,A white Sedan is driving ahead (far) of the ego vehicle and switching lane.,7.426106,9.239827,4.64,False,None,0.0
0,0_scenario_8,A red SchoolBus is overtaking (far) the ego vehicle and switching lane.,13.887885,7.793243,0.32,False,None,0.0
0,0_scenario_9,A skyblue Sedan is overtaking (far) the ego vehicle and switching lane.,8.128212,7.841818,0.4599999999999998,False,None,0.0
0,0_scenario_10,A pedestrian is crossing the road from left to right.,13.633933,4.077599,5.62,False,None,0.0
0,0_scenario_11,A pink Jeep is crossing the road (near) and switching lane.,8.881095,4.841249,10.18,False,None,0.0
0,0_scenario_12,A black Jeep is overtaking (far) the ego vehicle and maintaining lane.,5.346912,8.357991,5.58,False,None,0.0
0,0_scenario_13,A yellow Sedan is crossing the road (far) and switching lane.,4.046023,18.443052,5.94,False,None,0.0
0,0_scenario_14,A white SchoolBus is driving ahead (far) of the ego vehicle and maintaining lane.,6.167289,13.639782,5.14,False,None,0.0
0,0_scenario_15,A pink SchoolBus is driving from the opposite direction (far) and maintaining lane.,11.485834,10.90102,1.98,False,None,0.0
0,0_scenario_16,A skyblue Sedan is driving ahead (near) of the ego vehicle and switching lane.,2.395529,11.016654,1.56,False,None,0.0
1,1_scenario_0,A pink SUV is overtaking (far) the ego vehicle and maintaining lane.,100000.0,16.506095,8.82,False,None,0.0
1,1_scenario_1,A pink Hatchback is driving ahead (near) of the ego vehicle and switching lane.,3.92114,3.828262,5.44,False,None,0.0
1,1_scenario_2,A yellow SchoolBus is driving from the opposite direction (near) and switching lane.,1.489317,9.708028,3.58,False,None,0.0
1,1_scenario_3,A black Jeep is driving ahead (far) of the ego vehicle and switching lane.,2.377733,20.298061,14.94,False,None,0.0
1,1_scenario_4,A yellow SUV is driving from the opposite direction (near) and switching lane.,2.230572,21.801983,8.06,False,None,0.0
1,1_scenario_5,A black Sedan is driving ahead (near) of the ego vehicle and maintaining lane.,1.314381,5.0345,13.76,False,None,0.0
1,1_scenario_6,A yellow SchoolBus is overtaking (far) the ego vehicle and maintaining lane.,1.755225,6.91097,1.98,False,None,0.0
1,1_scenario_7,A white BoxTruck is overtaking (far) the ego vehicle and switching lane.,4.316359,11.399731,10.84,False,None,0.0
1,1_scenario_8,A red BoxTruck is overtaking (near) the ego vehicle and maintaining lane.,4.642579,8.048593,4.68,False,None,0.0
1,1_scenario_9,A white Hatchback is driving ahead (far) of the ego vehicle and switching lane.,1.51346,4.805585,10.36,False,None,0.0
1,1_scenario_10,A skyblue Hatchback is driving ahead (far) of the ego vehicle and maintaining lane.,1.700318,14.048301,5.46,False,None,0.0
1,1_scenario_11,A black Jeep is overtaking (near) the ego vehicle and maintaining lane.,3.166246,31.517845,1.02,False,None,0.0
1,1_scenario_12,A yellow Sedan is driving from the opposite direction (near) and switching lane.,2.286446,14.929419,13.98,False,None,0.0
1,1_scenario_13,A skyblue BoxTruck is driving ahead (near) of the ego vehicle and switching lane.,2.991158,10.657617,4.92,False,None,0.0
1,1_scenario_14,A pink SUV is overtaking (far) the ego vehicle and maintaining lane.,6.985893,8.983175,1.3199999999999998,False,None,0.0
1,1_scenario_15,A red BoxTruck is driving ahead (far) of the ego vehicle and switching lane.,13.895765,5.150964,14.16,False,None,0.0
1,1_scenario_16,A white SUV is driving ahead (far) of the ego vehicle and switching lane.,0.615121,12.585087,1.68,False,None,0.0
1,1_scenario_17,A red BoxTruck is driving ahead (far) of the ego vehicle and switching lane.,4.280788,34.08951,1.74,False,None,0.0
1,1_scenario_18,A red SchoolBus is overtaking (near) the ego vehicle and switching lane.,14.306885,7.784806,1.46,False,None,0.0
1,1_scenario_19,A yellow SUV is overtaking (far) the ego vehicle and switching lane.,0.944619,3.383769,1.86,False,None,0.0
1,1_scenario_20,A pink Hatchback is driving from the opposite direction (far) and switching lane.,1.425031,7.929752,4.76,False,None,0.0
2,2_scenario_0,A red BoxTruck is driving ahead (far) of the ego vehicle and maintaining lane.,100000.0,43.475853,3.12,False,None,0.0
2,2_scenario_1,A yellow Sedan is crossing the road (far) and switching lane.,100000.0,17.589574,4.8,False,None,0.0
2,2_scenario_2,A pink Hatchback is driving ahead (near) of the ego vehicle and switching lane.,1.857753,14.84225,10.36,False,None,0.0
2,2_scenario_3,A pink Jeep is driving ahead (far) of the ego vehicle and maintaining lane.,13.312744,23.586463,12.0,False,None,0.0
2,2_scenario_4,A red SUV is overtaking (near) the ego vehicle and maintaining lane.,0.842391,4.587964,2.02,False,None,0.0
2,2_scenario_5,A white Hatchback is overtaking (far) the ego vehicle and maintaining lane.,2.18069,18.76986,3.8,False,None,0.0
2,2_scenario_6,A black SUV is crossing the road (near) and switching lane.,2.228186,8.886077,13.98,False,None,0.0
2,2_scenario_7,A pink Sedan is driving from the opposite direction (far) and maintaining lane.,4.69864,7.976738,10.94,False,None,0.0
2,2_scenario_8,A pink Jeep is crossing the road (near) and switching lane.,7.127542,7.759032,0.3399999999999999,False,None,0.0
2,2_scenario_9,A skyblue Sedan is overtaking (far) the ego vehicle and switching lane.,11.093729,8.17077,0.3199999999999998,False,None,0.0
2,2_scenario_10,A yellow Sedan is overtaking (far) the ego vehicle and maintaining lane.,14.25523,9.24247,3.8,False,None,0.0
2,2_scenario_11,A pink Jeep is driving ahead (far) of the ego vehicle and maintaining lane.,5.227846,9.225654,2.78,False,None,0.0
2,2_scenario_12,A white Hatchback is driving ahead (far) of the ego vehicle and switching lane.,4.650128,9.470251,2.96,False,None,0.0
2,2_scenario_13,A red SchoolBus is overtaking (near) the ego vehicle and switching lane.,9.606107,9.159691,4.24,False,None,0.0
2,2_scenario_14,A pedestrian is crossing the road from right to left.,12.723591,9.083933,3.22,False,None,0.0
2,2_scenario_15,A pink SUV is overtaking (far) the ego vehicle and maintaining lane.,11.948472,8.932562,1.06,False,None,0.0
2,2_scenario_16,A skyblue Sedan is overtaking (far) the ego vehicle and switching lane.,0.494085,3.541918,2.56,False,None,0.0
2,2_scenario_17,A yellow SUV is driving from the opposite direction (near) and switching lane.,0.925984,5.63522,5.66,False,None,0.0
3,3_scenario_0,A red BoxTruck is overtaking (near) the ego vehicle and maintaining lane.,100000.0,3.963066,2.76,False,None,0.0
3,3_scenario_1,A yellow Hatchback is crossing the road (near) and maintaining lane.,1.078687,4.632026,4.4,False,None,0.0
3,3_scenario_2,A pedestrian is crossing the road from left to right.,1.865093,10.268186,6.279999999999999,False,None,0.0
3,3_scenario_3,A yellow SUV is driving from the opposite direction (near) and switching lane.,100000.0,8.907915,2.9400000000000004,False,None,0.0
3,3_scenario_4,A black Jeep is overtaking (far) the ego vehicle and maintaining lane.,9.40455,7.532663,4.0200000000000005,False,None,0.0
3,3_scenario_5,A white BoxTruck is overtaking (near) the ego vehicle and switching lane.,3.675388,6.45301,0.5199999999999999,False,None,0.0
3,3_scenario_6,A pink BoxTruck is driving ahead (near) of the ego vehicle and maintaining lane.,1.793179,4.919676,9.3,False,None,0.0
3,3_scenario_7,A black Jeep is driving ahead (far) of the ego vehicle and switching lane.,2.073861,3.749407,6.94,False,None,0.0
3,3_scenario_8,A black Jeep is overtaking (far) the ego vehicle and maintaining lane.,2.010027,9.844955,9.3,False,None,0.0
3,3_scenario_9,A red SchoolBus is overtaking (near) the ego vehicle and switching lane.,2.314054,18.173525,2.24,False,None,0.0
3,3_scenario_10,A red SUV is driving ahead (far) of the ego vehicle and maintaining lane.,4.953595,44.195806,1.92,False,None,0.0
3,3_scenario_11,A pedestrian is crossing the road from left to right.,19.653816,3.434264,12.78,False,None,0.0
3,3_scenario_12,A red BoxTruck is driving ahead (far) of the ego vehicle and maintaining lane.,14.476384,3.003449,6.64,False,None,0.0
3,3_scenario_13,A black SchoolBus is driving ahead (near) of the ego vehicle and maintaining lane.,1.702977,7.129064,13.38,False,None,0.0
3,3_scenario_14,A red Jeep is overtaking (near) the ego vehicle and switching lane.,1.936941,7.026883,1.9,False,None,0.0
3,3_scenario_15,A pink Jeep is crossing the road (near) and switching lane.,1.836229,7.959518,3.72,False,None,0.0
3,3_scenario_16,A yellow SchoolBus is overtaking (far) the ego vehicle and maintaining lane.,1.621471,26.32523,1.4200000000000002,False,None,0.0
3,3_scenario_17,A red SUV is driving ahead (far) of the ego vehicle and maintaining lane.,0.532317,4.136196,4.36,False,None,0.0
3,3_scenario_18,A red SUV is overtaking (near) the ego vehicle and maintaining lane.,1.412731,4.216435,0.5,False,None,0.0
3,3_scenario_19,A red Hatchback is crossing the road (far) and switching lane.,8.738465,4.61944,1.36,False,None,0.0
3,3_scenario_20,A red SchoolBus is overtaking (near) the ego vehicle and switching lane.,1.656075,8.42481,6.52,False,None,0.0
4,4_scenario_0,A black SchoolBus is overtaking (near) the ego vehicle and maintaining lane.,100000.0,4.272727,2.6,False,None,0.0
4,4_scenario_1,A pink SUV is driving from the opposite direction (far) and maintaining lane.,1.829168,6.117814,4.86,False,None,0.0
4,4_scenario_2,A black Jeep is driving ahead (near) of the ego vehicle and switching lane.,2.054385,16.000791,1.2799999999999998,False,None,0.0
4,4_scenario_3,A yellow SUV is overtaking (near) the ego vehicle and switching lane.,6.86312,15.592754,7.34,False,None,0.0
4,4_scenario_4,A pink BoxTruck is driving ahead (near) of the ego vehicle and maintaining lane.,2.094228,10.049866,11.64,False,None,0.0
4,4_scenario_5,A white BoxTruck is driving from the opposite direction (far) and switching lane.,11.351104,17.867635,5.5200000000000005,False,None,0.0
4,4_scenario_6,A white Jeep is crossing the road (far) and maintaining lane.,1.433664,13.92744,9.4,False,None,0.0
4,4_scenario_7,A pink Jeep is driving ahead (far) of the ego vehicle and maintaining lane.,1.467479,7.283057,4.88,False,None,0.0
4,4_scenario_8,A white Hatchback is overtaking (far) the ego vehicle and maintaining lane.,8.342813,3.96962,2.8,False,None,0.0
4,4_scenario_9_npc_vehicle,A white Jeep is driving ahead (near) of the ego vehicle and maintaining lane.,0.0,3.911946,13.66,True,npc_vehicle,1.4369476153796004
5,5_scenario_0,A red BoxTruck is driving ahead (far) of the ego vehicle and maintaining lane.,100000.0,41.919993,2.72,False,None,0.0
5,5_scenario_1,A white Hatchback is driving ahead (far) of the ego vehicle and switching lane.,4.946777,16.555465,4.5600000000000005,False,None,0.0
5,5_scenario_2,A black Jeep is driving ahead (near) of the ego vehicle and switching lane.,5.397734,17.195007,3.5000000000000004,False,None,0.0
5,5_scenario_3,A skyblue BoxTruck is driving ahead (near) of the ego vehicle and switching lane.,2.843126,10.622262,9.74,False,None,0.0
5,5_scenario_4,A red Sedan is overtaking (near) the ego vehicle and maintaining lane.,5.710521,4.157385,0.3600000000000001,False,None,0.0
5,5_scenario_5,A skyblue Sedan is overtaking (far) the ego vehicle and switching lane.,0.845115,8.712197,8.959999999999999,False,None,0.0
5,5_scenario_6,A black Sedan is driving ahead (near) of the ego vehicle and maintaining lane.,2.017512,11.14867,9.66,False,None,0.0
5,5_scenario_7,A yellow SchoolBus is overtaking (far) the ego vehicle and maintaining lane.,3.11353,12.202756,5.540000000000001,False,None,0.0
5,5_scenario_8,A skyblue BoxTruck is driving ahead (near) of the ego vehicle and switching lane.,6.814487,10.282023,2.38,False,None,0.0
5,5_scenario_9,A red Hatchback is crossing the road (far) and switching lane.,10.614795,10.409058,3.56,False,None,0.0
5,5_scenario_10,A skyblue Sedan is overtaking (far) the ego vehicle and switching lane.,17.322289,7.742657,2.24,False,None,0.0
5,5_scenario_11,A skyblue SchoolBus is driving ahead (far) of the ego vehicle and switching lane.,5.434715,8.262287,5.3,False,None,0.0
5,5_scenario_12,A yellow Hatchback is overtaking (near) the ego vehicle and maintaining lane.,3.64418,9.256613,4.62,False,None,0.0
5,5_scenario_13,A black SUV is driving from the opposite direction (far) and switching lane.,5.094404,9.076576,3.62,False,None,0.0
5,5_scenario_14,A red BoxTruck is driving ahead (far) of the ego vehicle and switching lane.,12.040371,9.012082,1.64,False,None,0.0
5,5_scenario_15,A white SchoolBus is driving ahead (far) of the ego vehicle and maintaining lane.,11.654282,8.935135,1.34,False,None,0.0
5,5_scenario_16,A red Jeep is overtaking (near) the ego vehicle and switching lane.,18.653376,8.760821,4.5600000000000005,False,None,0.0
6,6_scenario_0,A skyblue SUV is crossing the road (far) and maintaining lane.,100000.0,16.573918,2.66,False,None,0.0
6,6_scenario_1,A yellow Sedan is overtaking (near) the ego vehicle and switching lane.,1.731372,3.87347,2.8000000000000003,False,None,0.0
6,6_scenario_2,A red SUV is driving ahead (far) of the ego vehicle and maintaining lane.,2.798634,3.826474,4.52,False,None,0.0
6,6_scenario_3,A red SUV is driving ahead (far) of the ego vehicle and maintaining lane.,13.147411,3.589994,8.34,False,None,0.0
6,6_scenario_4,A yellow SchoolBus is overtaking (far) the ego vehicle and maintaining lane.,2.84269,5.205465,2.54,False,None,0.0
6,6_scenario_5_npc_vehicle,A skyblue Sedan is driving ahead (near) of the ego vehicle and switching lane.,0.0,3.007561,4.62,True,npc_vehicle,6.580536912271788
7,7_scenario_0,A red SchoolBus is overtaking (near) the ego vehicle and switching lane.,100000.0,8.417876,2.84,False,None,0.0
7,7_scenario_1,A pink Jeep is driving ahead (far) of the ego vehicle and maintaining lane.,5.570746,7.468487,4.4,False,None,0.0
7,7_scenario_2,A black Hatchback is overtaking (near) the ego vehicle and switching lane.,3.077981,6.85693,7.860000000000001,False,None,0.0
7,7_scenario_3,A white SchoolBus is driving from the opposite direction (far) and switching lane.,7.559757,6.842973,3.5,False,None,0.0
7,7_scenario_4,A red SchoolBus is overtaking (far) the ego vehicle and switching lane.,8.200833,7.670398,3.34,False,None,0.0
7,7_scenario_5,A yellow Hatchback is driving ahead (near) of the ego vehicle and maintaining lane.,11.055171,9.411936,1.04,False,None,0.0
7,7_scenario_6,A red Hatchback is driving from the opposite direction (near) and switching lane.,1.138895,7.224073,6.0,False,None,0.0
7,7_scenario_7,A white Jeep is driving ahead (near) of the ego vehicle and maintaining lane.,1.464838,6.238895,11.64,False,None,0.0
7,7_scenario_8,A black Sedan is driving ahead (far) of the ego vehicle and maintaining lane.,3.035206,9.031395,6.12,False,None,0.0
7,7_scenario_9,A black Jeep is overtaking (far) the ego vehicle and maintaining lane.,17.284154,7.339573,0.5399999999999999,False,None,0.0
7,7_scenario_10,A red BoxTruck is overtaking (near) the ego vehicle and maintaining lane.,4.227791,7.366361,0.52,False,None,0.0
7,7_scenario_11,A pink Hatchback is driving from the opposite direction (far) and switching lane.,0.64302,4.653895,9.06,False,None,0.0
7,7_scenario_12,A yellow Sedan is driving from the opposite direction (near) and switching lane.,1.074703,7.049321,5.54,False,None,0.0
7,7_scenario_13,A yellow Jeep is driving from the opposite direction (far) and switching lane.,2.95068,27.804883,3.2,False,None,0.0
7,7_scenario_14,A yellow SUV is overtaking (far) the ego vehicle and switching lane.,5.79903,15.294367,3.08,False,None,0.0
7,7_scenario_15,A pink Sedan is driving from the opposite direction (far) and maintaining lane.,1.472686,8.845981,1.16,False,None,0.0
7,7_scenario_16,A black Sedan is driving ahead (near) of the ego vehicle and maintaining lane.,2.389129,12.035146,2.36,False,None,0.0
7,7_scenario_17,A skyblue BoxTruck is driving ahead (near) of the ego vehicle and switching lane.,2.621454,15.80921,4.9,False,None,0.0
8,8_scenario_0,A skyblue Jeep is overtaking (far) the ego vehicle and switching lane.,100000.0,16.839191,8.18,False,None,0.0
8,8_scenario_1,A yellow SchoolBus is overtaking (far) the ego vehicle and maintaining lane.,1.302739,7.352734,4.46,False,None,0.0
8,8_scenario_2,A yellow SUV is overtaking (near) the ego vehicle and switching lane.,0.798752,6.669643,9.66,False,None,0.0
8,8_scenario_3,A pink SUV is crossing the road (far) and switching lane.,0.667375,8.195253,9.22,False,None,0.0
8,8_scenario_4,A black SchoolBus is overtaking (near) the ego vehicle and maintaining lane.,3.358083,8.703538,0.6000000000000001,False,None,0.0
8,8_scenario_5,A white Hatchback is driving ahead (far) of the ego vehicle and switching lane.,2.360286,10.818813,12.8,False,None,0.0
8,8_scenario_6,A white Jeep is driving ahead (near) of the ego vehicle and maintaining lane.,4.030437,13.133306,13.24,False,None,0.0
8,8_scenario_7,A red Hatchback is crossing the road (near) and switching lane.,7.20525,10.113298,0.3799999999999999,False,None,0.0
8,8_scenario_8_npc_vehicle,A skyblue Sedan is driving ahead (near) of the ego vehicle and switching lane.,0.0,2.136691,0.6799999999999999,True,npc_vehicle,8.676369103560463
9,9_scenario_0,A black Sedan is driving ahead (far) of the ego vehicle and maintaining lane.,100000.0,26.139192,3.08,False,None,0.0
9,9_scenario_1,A skyblue BoxTruck is driving ahead (near) of the ego vehicle and switching lane.,2.795287,23.247047,4.24,False,None,0.0
9,9_scenario_2,A black Jeep is driving ahead (near) of the ego vehicle and switching lane.,2.090723,17.394698,4.68,False,None,0.0
9,9_scenario_3,A yellow SUV is driving from the opposite direction (near) and switching lane.,1.981106,20.759328,5.46,False,None,0.0
9,9_scenario_4,A pink SUV is overtaking (far) the ego vehicle and maintaining lane.,4.629305,35.896806,1.12,False,None,0.0
9,9_scenario_5,A yellow Hatchback is driving ahead (near) of the ego vehicle and maintaining lane.,1.629238,4.981617,14.32,False,None,0.0
9,9_scenario_6,A red BoxTruck is overtaking (near) the ego vehicle and maintaining lane.,1.381915,3.720071,4.74,False,None,0.0
9,9_scenario_7,A yellow Sedan is driving from the opposite direction (near) and switching lane.,1.326059,4.826253,11.24,False,None,0.0
9,9_scenario_8,A black Jeep is driving ahead (far) of the ego vehicle and switching lane.,2.454435,23.5345,0.7000000000000002,False,None,0.0
9,9_scenario_9,A yellow SUV is overtaking (near) the ego vehicle and switching lane.,4.138306,6.710906,0.68,False,None,0.0
9,9_scenario_10,A skyblue BoxTruck is driving ahead (near) of the ego vehicle and switching lane.,7.285929,17.589575,5.319999999999999,False,None,0.0
9,9_scenario_11,A red BoxTruck is overtaking (near) the ego vehicle and maintaining lane.,6.255023,17.32786,2.58,False,None,0.0
9,9_scenario_12,A black Sedan is driving ahead (near) of the ego vehicle and maintaining lane.,0.775562,4.963205,8.56,False,None,0.0
9,9_scenario_13,A pink BoxTruck is crossing the road (near) and switching lane.,2.218482,9.042039,2.9600000000000004,False,None,0.0
9,9_scenario_14,A skyblue BoxTruck is driving ahead (near) of the ego vehicle and switching lane.,2.118663,25.931438,1.7,False,None,0.0
9,9_scenario_15,A black Jeep is driving ahead (far) of the ego vehicle and switching lane.,12.193898,43.771048,1.2799999999999998,False,None,0.0
9,9_scenario_16,A white SchoolBus is driving from the opposite direction (far) and switching lane.,10.605575,41.917775,1.74,False,None,0.0
9,9_scenario_17,A pink Hatchback is crossing the road (far) and maintaining lane.,1.427051,10.127482,1.36,False,None,0.0
10,10_scenario_0,A red SUV is overtaking (near) the ego vehicle and maintaining lane.,1.018643,6.308045,3.78,False,None,0.0
10,10_scenario_1,A pink Sedan is driving from the opposite direction (near) and maintaining lane.,2.654667,6.76645,6.2,False,None,0.0
10,10_scenario_2,A pink Jeep is driving ahead (far) of the ego vehicle and maintaining lane.,1.895688,8.445188,2.06,False,None,0.0
10,10_scenario_3,A red BoxTruck is overtaking (near) the ego vehicle and maintaining lane.,1.718612,6.837857,10.04,False,None,0.0
10,10_scenario_4,A pink SUV is crossing the road (far) and switching lane.,7.948976,13.638641,1.6,False,None,0.0
10,10_scenario_5,A white BoxTruck is driving from the opposite direction (far) and switching lane.,2.402696,15.959599,0.1799999999999999,False,None,0.0
10,10_scenario_6,A red SchoolBus is overtaking (near) the ego vehicle and switching lane.,1.914396,13.08658,14.12,False,None,0.0
10,10_scenario_7,A red SchoolBus is driving from the opposite direction (near) and maintaining lane.,9.37928,8.283699,2.68,False,None,0.0
10,10_scenario_8,A yellow SUV is overtaking (far) the ego vehicle and switching lane.,16.845981,7.814146,0.4799999999999998,False,None,0.0
10,10_scenario_9,A pink Hatchback is driving from the opposite direction (far) and switching lane.,7.086602,8.023323,0.82,False,None,0.0
10,10_scenario_10_npc_vehicle,A black Jeep is driving ahead (near) of the ego vehicle and switching lane.,0.0,4.178186,3.92,True,npc_vehicle,5.761023299078285
11,11_scenario_0,A red BoxTruck is driving ahead (far) of the ego vehicle and maintaining lane.,100000.0,24.519928,1.92,False,None,0.0
11,11_scenario_1,A yellow SUV is overtaking (far) the ego vehicle and switching lane.,2.840979,22.281137,4.38,False,None,0.0
11,11_scenario_2,A black Hatchback is overtaking (near) the ego vehicle and switching lane.,2.490798,10.439494,4.0,False,None,0.0
11,11_scenario_3,A white Jeep is crossing the road (far) and maintaining lane.,3.970695,11.820143,4.4,False,None,0.0
11,11_scenario_4_npc_vehicle,A skyblue Sedan is driving ahead (near) of the ego vehicle and switching lane.,0.0,3.327849,13.3,True,npc_vehicle,7.009879140519448
12,12_scenario_0,A pink Jeep is driving ahead (far) of the ego vehicle and maintaining lane.,100000.0,41.998491,3.18,False,None,0.0
12,12_scenario_1,A black Hatchback is overtaking (near) the ego vehicle and switching lane.,5.723012,3.507893,4.319999999999999,False,None,0.0
12,12_scenario_2,A pink Jeep is driving ahead (far) of the ego vehicle and maintaining lane.,3.359544,4.294972,5.16,False,None,0.0
12,12_scenario_3,A white SchoolBus is driving ahead (near) of the ego vehicle and switching lane.,3.586974,8.614127,2.7,False,None,0.0
12,12_scenario_4,A pink SUV is overtaking (far) the ego vehicle and maintaining lane.,7.997729,17.837929,3.32,False,None,0.0
12,12_scenario_5,A white BoxTruck is overtaking (far) the ego vehicle and switching lane.,8.475803,22.004859,6.08,False,None,0.0
12,12_scenario_6,A white Jeep is driving ahead (near) of the ego vehicle and maintaining lane.,12.559058,15.900996,7.0,False,None,0.0
12,12_scenario_7,A yellow BoxTruck is overtaking (far) the ego vehicle and maintaining lane.,15.698326,12.801921,1.8599999999999997,False,None,0.0
12,12_scenario_8,A skyblue Jeep is overtaking (far) the ego vehicle and switching lane.,7.883725,9.935321,0.5599999999999999,False,None,0.0
12,12_scenario_9,A black SchoolBus is overtaking (near) the ego vehicle and maintaining lane.,13.19222,7.532318,0.54,False,None,0.0
12,12_scenario_10,A black Jeep is driving ahead (far) of the ego vehicle and switching lane.,0.948686,4.632462,10.94,False,None,0.0
12,12_scenario_11_npc_vehicle,A black SUV is driving ahead (near) of the ego vehicle and maintaining lane.,0.0,3.466773,7.640000000000001,True,npc_vehicle,7.39859232631739
13,13_scenario_0,A skyblue SchoolBus is driving ahead (far) of the ego vehicle and switching lane.,100000.0,43.443829,3.18,False,None,0.0
13,13_scenario_1,A white SchoolBus is driving ahead (near) of the ego vehicle and switching lane.,4.709501,50.430762,4.359999999999999,False,None,0.0
13,13_scenario_2,A red BoxTruck is driving ahead (far) of the ego vehicle and switching lane.,4.785849,18.896869,2.98,False,None,0.0
13,13_scenario_3,A yellow Sedan is driving from the opposite direction (near) and switching lane.,2.48619,19.232775,4.5,False,None,0.0
13,13_scenario_4,A pedestrian is crossing the road from right to left.,3.304255,33.415036,1.7799999999999998,False,None,0.0
13,13_scenario_5,A white SchoolBus is driving ahead (near) of the ego vehicle and switching lane.,2.598419,8.879245,6.52,False,None,0.0
13,13_scenario_6,A black Jeep is overtaking (far) the ego vehicle and maintaining lane.,15.052106,9.005349,7.84,False,None,0.0
13,13_scenario_7,A black SUV is driving from the opposite direction (far) and switching lane.,9.554401,11.882914,2.48,False,None,0.0
13,13_scenario_8,A skyblue Hatchback is driving ahead (far) of the ego vehicle and maintaining lane.,5.447013,9.918658,5.54,False,None,0.0
13,13_scenario_9,A yellow Jeep is driving from the opposite direction (far) and switching lane.,5.41371,10.056881,1.9000000000000004,False,None,0.0
13,13_scenario_10,A yellow Sedan is driving from the opposite direction (near) and switching lane.,2.349763,9.867284,13.02,False,None,0.0
13,13_scenario_11,A white Sedan is driving ahead (far) of the ego vehicle and switching lane.,2.907779,9.512381,4.98,False,None,0.0
13,13_scenario_12,A yellow Sedan is driving from the opposite direction (near) and switching lane.,2.614137,9.051874,5.96,False,None,0.0
13,13_scenario_13,A red SchoolBus is driving from the opposite direction (near) and maintaining lane.,2.359525,8.920809,3.54,False,None,0.0
13,13_scenario_14,A red BoxTruck is overtaking (near) the ego vehicle and maintaining lane.,5.895058,8.833007,4.26,False,None,0.0
13,13_scenario_15,A pink SUV is driving from the opposite direction (far) and maintaining lane.,0.965098,4.354485,4.08,False,None,0.0
13,13_scenario_16,A white BoxTruck is driving from the opposite direction (far) and switching lane.,1.819739,8.433675,1.28,False,None,0.0
13,13_scenario_17,A red SchoolBus is overtaking (near) the ego vehicle and switching lane.,9.708084,7.976638,1.82,False,None,0.0
14,14_scenario_0,A white SUV is driving ahead (far) of the ego vehicle and switching lane.,100000.0,31.524857,5.5,False,None,0.0
14,14_scenario_1,A yellow SchoolBus is driving from the opposite direction (near) and switching lane.,1.793984,22.708973,4.72,False,None,0.0
14,14_scenario_2,A black Sedan is driving ahead (far) of the ego vehicle and maintaining lane.,3.637944,19.630368,3.92,False,None,0.0
14,14_scenario_3,A red BoxTruck is driving ahead (far) of the ego vehicle and maintaining lane.,8.589196,29.463233,9.28,False,None,0.0
14,14_scenario_4,A yellow SUV is driving from the opposite direction (near) and switching lane.,2.009401,14.39219,5.98,False,None,0.0
14,14_scenario_5,A yellow BoxTruck is overtaking (far) the ego vehicle and maintaining lane.,2.335758,29.088409,5.98,False,None,0.0
14,14_scenario_6,A white SchoolBus is driving ahead (far) of the ego vehicle and maintaining lane.,11.253703,42.641673,9.76,False,None,0.0
14,14_scenario_7,A white Jeep is crossing the road (far) and maintaining lane.,10.551305,30.151033,8.92,False,None,0.0
14,14_scenario_8,A skyblue Sedan is overtaking (far) the ego vehicle and switching lane.,12.570736,27.216907,0.7199999999999999,False,None,0.0
14,14_scenario_9,A red Hatchback is crossing the road (far) and switching lane.,64.17012,24.784764,0.32,False,None,0.0
14,14_scenario_10,A yellow SchoolBus is overtaking (far) the ego vehicle and maintaining lane.,27.636024,20.754674,4.88,False,None,0.0
14,14_scenario_11,A black Jeep is overtaking (near) the ego vehicle and maintaining lane.,5.617053,4.719407,0.8399999999999999,False,None,0.0
14,14_scenario_12,A black Sedan is driving ahead (far) of the ego vehicle and maintaining lane.,1.373571,7.696823,5.859999999999999,False,None,0.0
14,14_scenario_13,A pink Sedan is driving from the opposite direction (far) and switching lane.,2.018415,3.939268,3.7600000000000007,False,None,0.0
14,14_scenario_14,A pink Jeep is driving ahead (far) of the ego vehicle and maintaining lane.,2.31958,8.434726,1.46,False,None,0.0
15,15_scenario_0,A red BoxTruck is overtaking (near) the ego vehicle and maintaining lane.,100000.0,5.289477,2.02,False,None,0.0
15,15_scenario_1,A yellow SchoolBus is driving from the opposite direction (near) and switching lane.,1.26823,11.00461,7.880000000000001,False,None,0.0
15,15_scenario_2,A red BoxTruck is driving ahead (far) of the ego vehicle and switching lane.,100000.0,19.557278,2.9200000000000004,False,None,0.0
15,15_scenario_3,A black SchoolBus is overtaking (near) the ego vehicle and maintaining lane.,1.436543,16.424749,5.819999999999999,False,None,0.0
15,15_scenario_4,A black Sedan is driving ahead (near) of the ego vehicle and maintaining lane.,1.464646,6.077067,10.2,False,None,0.0
15,15_scenario_5,A white Hatchback is driving ahead (far) of the ego vehicle and switching lane.,7.824503,4.615514,6.16,False,None,0.0
15,15_scenario_6,A white Sedan is driving ahead (far) of the ego vehicle and switching lane.,1.651426,4.002556,5.6000000000000005,False,None,0.0
15,15_scenario_7,A black SchoolBus is overtaking (near) the ego vehicle and maintaining lane.,1.49267,7.786251,12.18,False,None,0.0
15,15_scenario_8,A pink Jeep is crossing the road (near) and switching lane.,1.882059,10.521402,1.46,False,None,0.0
15,15_scenario_9,A red BoxTruck is driving ahead (far) of the ego vehicle and maintaining lane.,2.983839,8.44349,4.440000000000001,False,None,0.0
15,15_scenario_10,A white Sedan is driving ahead (far) of the ego vehicle and switching lane.,7.514892,7.701146,3.6,False,None,0.0
15,15_scenario_11,A black Sedan is driving ahead (near) of the ego vehicle and maintaining lane.,8.333758,7.650864,0.1999999999999999,False,None,0.0
15,15_scenario_12,A white BoxTruck is overtaking (far) the ego vehicle and switching lane.,9.11173,6.733768,0.4200000000000001,False,None,0.0
15,15_scenario_13,A red SchoolBus is overtaking (far) the ego vehicle and switching lane.,1.977772,6.311385,5.02,False,None,0.0
15,15_scenario_14,A white BoxTruck is driving from the opposite direction (far) and switching lane.,1.66212,8.426441,2.9800000000000004,False,None,0.0
15,15_scenario_15,A pink Sedan is driving from the opposite direction (far) and switching lane.,2.212572,11.28481,1.9,False,None,0.0
15,15_scenario_16,A yellow SUV is overtaking (far) the ego vehicle and switching lane.,1.207333,11.10053,2.04,False,None,0.0
16,16_scenario_0,A pink BoxTruck is driving ahead (near) of the ego vehicle and maintaining lane.,1.85113,15.836429,4.04,False,None,0.0
16,16_scenario_1,A white Hatchback is driving ahead (far) of the ego vehicle and switching lane.,1.996414,17.213326,2.06,False,None,0.0
16,16_scenario_2,A black Jeep is overtaking (far) the ego vehicle and maintaining lane.,1.307605,14.463151,7.540000000000001,False,None,0.0
16,16_scenario_3,A pedestrian is crossing the road from right to left.,0.783394,7.903109,7.98,False,None,0.0
16,16_scenario_4,A yellow Sedan is overtaking (near) the ego vehicle and switching lane.,16.854416,6.965902,0.8200000000000001,False,None,0.0
16,16_scenario_5,A black SUV is crossing the road (near) and switching lane.,2.500696,8.537276,0.6400000000000001,False,None,0.0
16,16_scenario_6,A black Jeep is overtaking (far) the ego vehicle and maintaining lane.,3.656669,8.545523,10.260000000000002,False,None,0.0
16,16_scenario_7,A yellow SUV is overtaking (far) the ego vehicle and switching lane.,31.647281,16.015256,2.1,False,None,0.0
16,16_scenario_8,A red Hatchback is crossing the road (near) and switching lane.,60.243065,7.771656,0.7199999999999999,False,None,0.0
16,16_scenario_9_npc_vehicle,A black Sedan is driving ahead (near) of the ego vehicle and maintaining lane.,0.0,4.868957,11.46,True,npc_vehicle,1.0133182001370613
17,17_scenario_0,A red SchoolBus is overtaking (far) the ego vehicle and switching lane.,100000.0,30.330805,2.84,False,None,0.0
17,17_scenario_1,A black Jeep is overtaking (far) the ego vehicle and maintaining lane.,100000.0,4.161971,4.48,False,None,0.0
17,17_scenario_2,A pink BoxTruck is driving ahead (near) of the ego vehicle and maintaining lane.,1.125439,3.03571,6.92,False,None,0.0
17,17_scenario_3,A red BoxTruck is overtaking (near) the ego vehicle and maintaining lane.,2.226701,3.093594,13.3,False,None,0.0
17,17_scenario_4,A red BoxTruck is driving ahead (far) of the ego vehicle and maintaining lane.,5.577031,3.865091,7.439999999999999,False,None,0.0
17,17_scenario_5,A yellow Sedan is overtaking (far) the ego vehicle and maintaining lane.,2.699378,7.93872,6.42,False,None,0.0
17,17_scenario_6,A white SchoolBus is driving from the opposite direction (far) and switching lane.,2.427919,6.204953,4.319999999999999,False,None,0.0
17,17_scenario_7,A skyblue Jeep is driving from the opposite direction (far) and maintaining lane.,5.257137,4.033301,12.7,False,None,0.0
17,17_scenario_8_npc_vehicle,A pink BoxTruck is driving ahead (near) of the ego vehicle and maintaining lane.,0.0,6.760783,8.26,True,npc_vehicle,0.2162882392712988
18,18_scenario_0,A red SchoolBus is overtaking (far) the ego vehicle and switching lane.,100000.0,28.337075,2.8800000000000003,False,None,0.0
18,18_scenario_1,A red SUV is crossing the road (near) and maintaining lane.,3.320052,7.715973,6.52,False,None,0.0
18,18_scenario_2,A red SUV is overtaking (near) the ego vehicle and maintaining lane.,1.230098,7.272662,5.720000000000001,False,None,0.0
18,18_scenario_3,A white SchoolBus is driving ahead (far) of the ego vehicle and maintaining lane.,0.538568,6.595611,3.74,False,None,0.0
18,18_scenario_4,A red BoxTruck is driving ahead (far) of the ego vehicle and maintaining lane.,4.74743,7.676495,8.02,False,None,0.0
18,18_scenario_5,A white Jeep is driving ahead (near) of the ego vehicle and maintaining lane.,2.864739,7.903426,5.5600000000000005,False,None,0.0
18,18_scenario_6,A black SchoolBus is crossing the road (near) and maintaining lane.,2.792728,7.497601,13.78,False,None,0.0
18,18_scenario_7,A yellow SchoolBus is overtaking (far) the ego vehicle and maintaining lane.,2.282392,4.008065,13.16,False,None,0.0
18,18_scenario_8,A pink SUV is crossing the road (far) and switching lane.,3.25793,5.41639,0.4399999999999999,False,None,0.0
18,18_scenario_9,A black SchoolBus is crossing the road (far) and maintaining lane.,5.979261,9.845595,0.24,False,None,0.0
18,18_scenario_10,A pink Jeep is driving ahead (far) of the ego vehicle and maintaining lane.,5.335814,12.186662,5.0200000000000005,False,None,0.0
18,18_scenario_11,A white BoxTruck is overtaking (near) the ego vehicle and switching lane.,5.332352,15.244476,4.98,False,None,0.0
18,18_scenario_12,A white BoxTruck is overtaking (far) the ego vehicle and switching lane.,0.8925,4.298279,4.46,False,None,0.0
18,18_scenario_13,A white SchoolBus is driving from the opposite direction (far) and switching lane.,3.528211,7.932761,5.32,False,None,0.0
18,18_scenario_14,A yellow SUV is overtaking (far) the ego vehicle and switching lane.,3.086743,12.433414,4.04,False,None,0.0
18,18_scenario_15,A pink SUV is overtaking (far) the ego vehicle and maintaining lane.,0.708455,4.300205,3.42,False,None,0.0
18,18_scenario_16,A red SchoolBus is overtaking (far) the ego vehicle and switching lane.,0.50483,3.540448,1.34,False,None,0.0
19,19_scenario_0,A black Jeep is overtaking (far) the ego vehicle and maintaining lane.,100000.0,17.224729,8.82,False,None,0.0
19,19_scenario_1,A white Jeep is crossing the road (far) and maintaining lane.,2.472656,4.340773,4.34,False,None,0.0
19,19_scenario_2,A pink Hatchback is driving ahead (near) of the ego vehicle and switching lane.,1.095515,7.826743,2.3599999999999994,False,None,0.0
19,19_scenario_3,A red SchoolBus is overtaking (far) the ego vehicle and switching lane.,2.560594,18.081859,3.08,False,None,0.0
19,19_scenario_4,A skyblue SchoolBus is driving ahead (far) of the ego vehicle and switching lane.,10.629156,26.819675,2.12,False,None,0.0
19,19_scenario_5,A black SchoolBus is crossing the road (near) and maintaining lane.,2.301508,13.732791,1.6,False,None,0.0
19,19_scenario_6,A black SchoolBus is overtaking (near) the ego vehicle and maintaining lane.,1.886548,4.009461,11.260000000000002,False,None,0.0
19,19_scenario_7,A red BoxTruck is driving from the opposite direction (far) and maintaining lane.,4.400227,6.347056,6.74,False,None,0.0
19,19_scenario_8,A white Sedan is driving ahead (far) of the ego vehicle and switching lane.,5.218823,11.182186,1.0000000000000002,False,None,0.0
19,19_scenario_9,A white Jeep is driving ahead (near) of the ego vehicle and maintaining lane.,18.696974,6.762622,0.3999999999999999,False,None,0.0
19,19_scenario_10,A red BoxTruck is driving ahead (far) of the ego vehicle and switching lane.,10.63999,5.930755,5.48,False,None,0.0
19,19_scenario_11,A yellow Sedan is overtaking (far) the ego vehicle and maintaining lane.,3.647925,7.108682,2.22,False,None,0.0
19,19_scenario_12,A yellow SchoolBus is overtaking (far) the ego vehicle and maintaining lane.,3.370045,5.404059,5.58,False,None,0.0
19,19_scenario_13,A red SchoolBus is overtaking (far) the ego vehicle and switching lane.,0.546866,4.233571,3.64,False,None,0.0
19,19_scenario_14,A red Sedan is overtaking (near) the ego vehicle and maintaining lane.,1.199129,4.4303,3.12,False,None,0.0
19,19_scenario_15,A red BoxTruck is overtaking (near) the ego vehicle and maintaining lane.,1.725528,11.088115,1.4,False,None,0.0
19,19_scenario_16,A black Jeep is overtaking (far) the ego vehicle and maintaining lane.,8.968393,11.082818,1.14,False,None,0.0
