Execution,ScenarioID,Configuration_API_Description,Attribute[TTC],Attribute[DTO],Attribute[Jerk],Attribute[COL],Attribute[COLT],Attribute[SAC]
0,0_scenario_0,A yellow Hatchback is driving ahead (near) of the ego vehicle and maintaining lane.,1.695291,8.552799,5.44,False,None,0.0
0,0_scenario_1,A black Jeep is driving ahead (near) of the ego vehicle and switching lane.,100000.0,10.431735,1.4400000000000002,False,None,0.0
0,0_scenario_2,A red BoxTruck is driving from the opposite direction (near) and maintaining lane.,6.003752,7.646527,0.42,False,None,0.0
0,0_scenario_3_npc_vehicle,A skyblue Sedan is driving ahead (near) of the ego vehicle and switching lane.,0.0,3.309454,4.0,True,npc_vehicle,2.962453628631456
1,1_scenario_0,A red SUV is driving ahead (far) of the ego vehicle and maintaining lane.,12.05072,50.657279,4.76,False,None,0.0
1,1_scenario_1,A white SchoolBus is driving ahead (far) of the ego vehicle and maintaining lane.,32.582528,56.883074,2.92,False,None,0.0
1,1_scenario_2,A yellow SUV is driving from the opposite direction (near) and switching lane.,100000.0,16.904152,0.3399999999999998,False,None,0.0
1,1_scenario_3,A black Jeep is driving ahead (far) of the ego vehicle and switching lane.,3.649489,27.300366,3.28,False,None,0.0
1,1_scenario_4,A red SchoolBus is overtaking (far) the ego vehicle and switching lane.,11.448842,32.834139,5.0,False,None,0.0
1,1_scenario_5,A yellow Hatchback is driving ahead (near) of the ego vehicle and maintaining lane.,0.682217,7.329149,8.22,False,None,0.0
1,1_scenario_6,A red BoxTruck is driving from the opposite direction (near) and maintaining lane.,2.954134,10.492477,8.48,False,None,0.0
1,1_scenario_7,A skyblue Jeep is overtaking (far) the ego vehicle and switching lane.,2.995876,11.076302,10.1,False,None,0.0
1,1_scenario_8,A white SchoolBus is driving ahead (near) of the ego vehicle and switching lane.,4.907673,11.383296,11.06,False,None,0.0
1,1_scenario_9,A yellow Sedan is crossing the road (far) and switching lane.,4.781805,17.312006,9.96,False,None,0.0
1,1_scenario_10,A white BoxTruck is overtaking (near) the ego vehicle and switching lane.,6.42412,10.096722,9.48,False,None,0.0
1,1_scenario_11,A white SchoolBus is crossing the road (far) and switching lane.,8.716211,3.851678,1.34,False,None,0.0
1,1_scenario_12,A pedestrian is crossing the road from right to left.,19.119312,17.463095,6.04,False,None,0.0
1,1_scenario_13,A white SchoolBus is driving ahead (far) of the ego vehicle and maintaining lane.,100000.0,13.547438,5.8,False,None,0.0
1,1_scenario_14,A pink SchoolBus is driving from the opposite direction (far) and maintaining lane.,100000.0,9.875611,2.28,False,None,0.0
1,1_scenario_15,A pink Sedan is driving from the opposite direction (near) and maintaining lane.,6.23374,6.109199,1.48,False,None,0.0
1,1_scenario_16,A yellow SchoolBus is driving from the opposite direction (near) and switching lane.,5.513926,4.475344,1.14,False,None,0.0
2,2_scenario_0,A pedestrian is crossing the road from left to right.,100000.0,15.288706,3.94,False,None,0.0
2,2_scenario_1,A yellow Hatchback is overtaking (far) the ego vehicle and switching lane.,3.092961,4.555519,8.719999999999999,False,None,0.0
2,2_scenario_2,A yellow SUV is overtaking (far) the ego vehicle and switching lane.,1.473634,3.301438,4.340000000000001,False,None,0.0
2,2_scenario_3,A pink Jeep is driving ahead (far) of the ego vehicle and maintaining lane.,12.696884,4.020932,3.2,False,None,0.0
2,2_scenario_4,A pink BoxTruck is driving ahead (near) of the ego vehicle and maintaining lane.,2.057019,8.518052,10.080000000000002,False,None,0.0
2,2_scenario_5,A pink SUV is overtaking (far) the ego vehicle and maintaining lane.,4.680925,8.526043,5.68,False,None,0.0
2,2_scenario_6,A yellow SUV is overtaking (far) the ego vehicle and switching lane.,3.289939,8.554762,3.86,False,None,0.0
2,2_scenario_7,A skyblue Hatchback is driving ahead (far) of the ego vehicle and maintaining lane.,2.138047,11.161814,6.98,False,None,0.0
2,2_scenario_8,A pink SchoolBus is driving from the opposite direction (far) and maintaining lane.,3.99171,8.448221,7.02,False,None,0.0
2,2_scenario_9,A skyblue Sedan is overtaking (far) the ego vehicle and switching lane.,2.824598,8.522941,6.319999999999999,False,None,0.0
2,2_scenario_10,A skyblue BoxTruck is driving ahead (near) of the ego vehicle and switching lane.,2.663749,11.722887,14.18,False,None,0.0
2,2_scenario_11,A red BoxTruck is overtaking (near) the ego vehicle and maintaining lane.,4.080217,7.441196,5.86,False,None,0.0
2,2_scenario_12,A red SchoolBus is overtaking (far) the ego vehicle and switching lane.,5.296776,5.43906,10.98,False,None,0.0
2,2_scenario_13,A white Hatchback is overtaking (far) the ego vehicle and maintaining lane.,9.001956,3.375985,4.94,False,None,0.0
2,2_scenario_14,A black Jeep is driving ahead (far) of the ego vehicle and switching lane.,2.972139,6.07781,6.34,False,None,0.0
2,2_scenario_15,A black Jeep is driving ahead (near) of the ego vehicle and switching lane.,5.601232,7.433189,2.7,False,None,0.0
2,2_scenario_16,A pink Hatchback is driving ahead (near) of the ego vehicle and switching lane.,3.5987,3.143286,4.800000000000001,False,None,0.0
2,2_scenario_17,A yellow SUV is overtaking (far) the ego vehicle and switching lane.,3.107561,7.120037,0.92,False,None,0.0
2,2_scenario_18,A black Jeep is overtaking (far) the ego vehicle and maintaining lane.,0.286408,5.815155,1.62,False,None,0.0
3,3_scenario_0,A skyblue SUV is crossing the road (far) and maintaining lane.,0.877096,10.870816,4.359999999999999,False,None,0.0
3,3_scenario_1_npc_vehicle,A yellow Hatchback is driving ahead (near) of the ego vehicle and maintaining lane.,0.0,3.463105,5.82,True,npc_vehicle,2.260544785079383
4,4_scenario_0,A black Jeep is driving ahead (near) of the ego vehicle and switching lane.,4.798419,8.506108,4.72,False,None,0.0
4,4_scenario_1,A skyblue SUV is driving from the opposite direction (near) and maintaining lane.,2.448036,14.795376,1.8799999999999997,False,None,0.0
4,4_scenario_2,A black SUV is driving ahead (near) of the ego vehicle and maintaining lane.,2.122243,10.674761,6.94,False,None,0.0
4,4_scenario_3,A skyblue SUV is driving from the opposite direction (near) and maintaining lane.,5.66837,24.6103,4.92,False,None,0.0
4,4_scenario_4,A black Sedan is driving ahead (near) of the ego vehicle and maintaining lane.,1.488706,6.765631,12.92,False,None,0.0
4,4_scenario_5,A red SUV is overtaking (near) the ego vehicle and maintaining lane.,5.499585,4.844823,4.22,False,None,0.0
4,4_scenario_6,A pink SUV is overtaking (far) the ego vehicle and maintaining lane.,15.427054,4.726979,1.58,False,None,0.0
4,4_scenario_7,A pink SchoolBus is crossing the road (near) and switching lane.,13.239573,4.899607,13.72,False,None,0.0
4,4_scenario_8,A white Hatchback is overtaking (far) the ego vehicle and maintaining lane.,14.20608,5.09523,6.800000000000001,False,None,0.0
4,4_scenario_9,A yellow SUV is overtaking (far) the ego vehicle and switching lane.,9.611922,4.572208,5.279999999999999,False,None,0.0
4,4_scenario_10,A skyblue Hatchback is driving ahead (far) of the ego vehicle and maintaining lane.,5.476263,6.456609,5.780000000000001,False,None,0.0
4,4_scenario_11,A yellow Sedan is crossing the road (far) and maintaining lane.,4.191282,3.894502,4.52,False,None,0.0
4,4_scenario_12,A pink Jeep is driving ahead (far) of the ego vehicle and maintaining lane.,4.128829,18.720817,10.04,False,None,0.0
4,4_scenario_13,A red SchoolBus is overtaking (far) the ego vehicle and switching lane.,7.290373,16.666142,7.98,False,None,0.0
4,4_scenario_14,A pink Sedan is driving from the opposite direction (far) and switching lane.,9.237069,3.830152,3.68,False,None,0.0
4,4_scenario_15,A yellow SUV is overtaking (far) the ego vehicle and switching lane.,3.016723,4.496802,3.56,False,None,0.0
4,4_scenario_16,A white BoxTruck is overtaking (near) the ego vehicle and switching lane.,100000.0,5.905393,2.58,False,None,0.0
4,4_scenario_17,A pink Sedan is driving from the opposite direction (far) and maintaining lane.,100000.0,26.47003,5.86,False,None,0.0
4,4_scenario_18,A red BoxTruck is driving ahead (far) of the ego vehicle and switching lane.,100000.0,40.788612,4.74,False,None,0.0
5,5_scenario_0,A yellow Hatchback is driving ahead (near) of the ego vehicle and maintaining lane.,1.956637,8.788007,6.6,False,None,0.0
5,5_scenario_1,A black SchoolBus is crossing the road (far) and maintaining lane.,0.828448,12.240891,1.7199999999999998,False,None,0.0
5,5_scenario_2,A yellow Sedan is overtaking (far) the ego vehicle and maintaining lane.,11.103945,13.076534,0.8999999999999999,False,None,0.0
5,5_scenario_3,A yellow Sedan is driving from the opposite direction (near) and switching lane.,3.359235,7.982059,4.1,False,None,0.0
5,5_scenario_4,A skyblue SUV is driving from the opposite direction (near) and maintaining lane.,2.161317,8.398524,8.379999999999999,False,None,0.0
5,5_scenario_5,A white SUV is driving ahead (far) of the ego vehicle and switching lane.,12.918925,10.222212,12.46,False,None,0.0
5,5_scenario_6,A white Jeep is driving ahead (near) of the ego vehicle and maintaining lane.,0.578071,6.419582,13.72,False,None,0.0
5,5_scenario_7,A pink Hatchback is crossing the road (far) and maintaining lane.,2.458616,15.893802,3.34,False,None,0.0
5,5_scenario_8,A skyblue Jeep is driving from the opposite direction (far) and maintaining lane.,6.213939,13.78667,6.319999999999999,False,None,0.0
5,5_scenario_9,A black Jeep is driving ahead (near) of the ego vehicle and switching lane.,2.194452,8.370808,13.0,False,None,0.0
5,5_scenario_10,A red SUV is overtaking (near) the ego vehicle and maintaining lane.,2.550644,6.886376,6.5,False,None,0.0
5,5_scenario_11,A pedestrian is crossing the road from left to right.,4.674508,3.350715,4.5,False,None,0.0
5,5_scenario_12,A red BoxTruck is driving from the opposite direction (near) and maintaining lane.,2.220347,9.842483,2.64,False,None,0.0
5,5_scenario_13,A skyblue Hatchback is driving from the opposite direction (far) and maintaining lane.,6.677365,30.009263,1.3,False,None,0.0
5,5_scenario_14,A skyblue Hatchback is driving ahead (far) of the ego vehicle and maintaining lane.,100000.0,41.231861,4.68,False,None,0.0
6,6_scenario_0,A pink Sedan is driving from the opposite direction (far) and switching lane.,4.682084,51.452994,10.24,False,None,0.0
6,6_scenario_1,A white Jeep is driving ahead (near) of the ego vehicle and maintaining lane.,6.86815,9.458362,0.76,False,None,0.0
6,6_scenario_2,A black SchoolBus is crossing the road (near) and maintaining lane.,7.671537,10.882867,0.6599999999999999,False,None,0.0
6,6_scenario_3,A yellow Sedan is overtaking (near) the ego vehicle and switching lane.,1.789872,8.146253,1.56,False,None,0.0
6,6_scenario_4,A white SchoolBus is driving ahead (near) of the ego vehicle and switching lane.,2.247112,8.210673,13.26,False,None,0.0
6,6_scenario_5,A white BoxTruck is overtaking (near) the ego vehicle and switching lane.,2.367779,8.760466,8.22,False,None,0.0
6,6_scenario_6,A yellow Sedan is driving from the opposite direction (near) and switching lane.,1.651449,8.774126,3.12,False,None,0.0
6,6_scenario_7,A white SchoolBus is driving ahead (near) of the ego vehicle and switching lane.,6.862765,6.827026,6.300000000000001,False,None,0.0
6,6_scenario_8,A red SUV is driving ahead (far) of the ego vehicle and maintaining lane.,4.224235,8.788314,9.02,False,None,0.0
6,6_scenario_9,A red SUV is driving ahead (far) of the ego vehicle and maintaining lane.,2.873936,8.775019,5.7,False,None,0.0
6,6_scenario_10_npc_vehicle,A black Jeep is driving ahead (near) of the ego vehicle and switching lane.,0.0,4.499285,9.1,True,npc_vehicle,2.601547699663342
7,7_scenario_0,A yellow Hatchback is crossing the road (near) and maintaining lane.,100000.0,14.130684,5.94,False,None,0.0
7,7_scenario_1,A yellow SUV is overtaking (near) the ego vehicle and switching lane.,1.759639,8.899689,3.96,False,None,0.0
7,7_scenario_2,A red BoxTruck is overtaking (near) the ego vehicle and maintaining lane.,30.77301,9.992531,0.7200000000000002,False,None,0.0
7,7_scenario_3,A black SUV is driving ahead (near) of the ego vehicle and maintaining lane.,1.515767,5.957154,10.66,False,None,0.0
7,7_scenario_4,A skyblue SUV is crossing the road (far) and maintaining lane.,2.679701,8.841406,2.28,False,None,0.0
7,7_scenario_5,A red SchoolBus is overtaking (near) the ego vehicle and switching lane.,3.240247,8.818394,8.36,False,None,0.0
7,7_scenario_6,A white SUV is driving ahead (far) of the ego vehicle and switching lane.,7.660797,8.775083,4.619999999999999,False,None,0.0
7,7_scenario_7,A red SUV is overtaking (near) the ego vehicle and maintaining lane.,2.038284,8.869877,12.9,False,None,0.0
7,7_scenario_8,A yellow SchoolBus is overtaking (far) the ego vehicle and maintaining lane.,3.451135,10.770403,5.779999999999999,False,None,0.0
7,7_scenario_9,A pink SUV is overtaking (far) the ego vehicle and maintaining lane.,15.897668,23.529335,11.92,False,None,0.0
7,7_scenario_10,A white Jeep is crossing the road (far) and maintaining lane.,0.934956,9.79427,11.2,False,None,0.0
7,7_scenario_11_npc_vehicle,A red BoxTruck is driving ahead (far) of the ego vehicle and maintaining lane.,0.0,2.674483,4.9,True,npc_vehicle,0.8622500000043126
8,8_scenario_0,A white Sedan is driving ahead (far) of the ego vehicle and switching lane.,11.303391,50.755101,3.18,False,None,0.0
8,8_scenario_1,A pink SUV is overtaking (far) the ego vehicle and maintaining lane.,38.250938,36.010361,1.2599999999999998,False,None,0.0
8,8_scenario_2,A yellow Sedan is crossing the road (far) and switching lane.,1.965995,29.796564,0.3799999999999999,False,None,0.0
8,8_scenario_3,A pink SchoolBus is driving from the opposite direction (far) and maintaining lane.,9.78866,27.919769,0.5799999999999998,False,None,0.0
8,8_scenario_4,A red SUV is crossing the road (near) and maintaining lane.,0.980954,7.265497,9.1,False,None,0.0
8,8_scenario_5,A white SchoolBus is driving ahead (near) of the ego vehicle and switching lane.,2.84217,3.976193,8.82,False,None,0.0
8,8_scenario_6,A red BoxTruck is driving ahead (far) of the ego vehicle and maintaining lane.,5.129253,8.744285,11.76,False,None,0.0
8,8_scenario_7,A black Sedan is driving ahead (far) of the ego vehicle and maintaining lane.,4.904641,9.530445,6.92,False,None,0.0
8,8_scenario_8,A yellow Hatchback is overtaking (far) the ego vehicle and switching lane.,1.879314,10.203765,3.34,False,None,0.0
8,8_scenario_9,A skyblue Jeep is overtaking (far) the ego vehicle and switching lane.,12.558829,29.110446,10.78,False,None,0.0
8,8_scenario_10,A black Jeep is driving ahead (far) of the ego vehicle and switching lane.,13.852838,51.833823,13.96,False,None,0.0
8,8_scenario_11,A pink Hatchback is crossing the road (far) and maintaining lane.,3.958313,26.472959,6.22,False,None,0.0
8,8_scenario_12,A white SchoolBus is crossing the road (far) and switching lane.,15.429874,44.352954,4.72,False,None,0.0
8,8_scenario_13,A red SUV is driving ahead (far) of the ego vehicle and maintaining lane.,100000.0,37.29664,2.94,False,None,0.0
8,8_scenario_14,A pink BoxTruck is driving ahead (near) of the ego vehicle and maintaining lane.,5.639378,14.907122,2.22,False,None,0.0
8,8_scenario_15,A white Jeep is crossing the road (far) and maintaining lane.,100000.0,30.83108,1.6,False,None,0.0
9,9_scenario_0,A red SchoolBus is overtaking (far) the ego vehicle and switching lane.,100000.0,31.884767,4.54,False,None,0.0
9,9_scenario_1,A red BoxTruck is driving from the opposite direction (near) and maintaining lane.,100000.0,16.333647,0.9599999999999996,False,None,0.0
9,9_scenario_2,A white SchoolBus is crossing the road (far) and switching lane.,3.035896,11.045249,11.2,False,None,0.0
9,9_scenario_3,A black Sedan is driving ahead (near) of the ego vehicle and maintaining lane.,4.698576,8.615546,14.52,False,None,0.0
9,9_scenario_4,A white Sedan is driving ahead (far) of the ego vehicle and switching lane.,5.316527,11.0857,3.42,False,None,0.0
9,9_scenario_5,A red SUV is driving ahead (far) of the ego vehicle and maintaining lane.,3.940886,11.129926,5.64,False,None,0.0
9,9_scenario_6,A skyblue Sedan is overtaking (far) the ego vehicle and switching lane.,2.937276,11.083755,2.2,False,None,0.0
9,9_scenario_7,A white Hatchback is overtaking (far) the ego vehicle and maintaining lane.,2.47782,11.157068,10.68,False,None,0.0
9,9_scenario_8,A yellow SUV is overtaking (near) the ego vehicle and switching lane.,4.289615,13.929303,9.5,False,None,0.0
9,9_scenario_9,A red Hatchback is crossing the road (near) and switching lane.,1.35403,8.708985,13.22,False,None,0.0
9,9_scenario_10,A pedestrian is crossing the road from right to left.,3.718467,6.582487,10.4,False,None,0.0
9,9_scenario_11,A red BoxTruck is overtaking (near) the ego vehicle and maintaining lane.,1.259004,4.331195,4.5600000000000005,False,None,0.0
9,9_scenario_12,A white SchoolBus is driving ahead (far) of the ego vehicle and maintaining lane.,1.771062,4.046472,5.42,False,None,0.0
9,9_scenario_13,A skyblue SchoolBus is driving ahead (far) of the ego vehicle and switching lane.,1.760222,3.058666,4.640000000000001,False,None,0.0
9,9_scenario_14,A black Sedan is driving ahead (far) of the ego vehicle and maintaining lane.,1.652963,11.40741,2.2,False,None,0.0
9,9_scenario_15,A yellow Hatchback is overtaking (far) the ego vehicle and switching lane.,100000.0,7.221982,4.5600000000000005,False,None,0.0
10,10_scenario_0,A red BoxTruck is driving ahead (far) of the ego vehicle and switching lane.,16.880032,50.321113,10.54,False,None,0.0
10,10_scenario_1,A yellow Hatchback is driving ahead (near) of the ego vehicle and maintaining lane.,6.880093,8.617064,1.82,False,None,0.0
10,10_scenario_2,A black Hatchback is overtaking (near) the ego vehicle and switching lane.,7.613715,9.823376,0.6400000000000001,False,None,0.0
10,10_scenario_3,A pink SUV is driving from the opposite direction (far) and maintaining lane.,1017.3054,7.974656,2.06,False,None,0.0
10,10_scenario_4,A skyblue Hatchback is driving ahead (far) of the ego vehicle and maintaining lane.,25.711808,7.999764,3.42,False,None,0.0
10,10_scenario_5,A yellow Sedan is driving from the opposite direction (near) and switching lane.,10.976602,8.845751,8.68,False,None,0.0
10,10_scenario_6,A red BoxTruck is overtaking (near) the ego vehicle and maintaining lane.,6.801543,12.916955,7.9,False,None,0.0
10,10_scenario_7,A yellow Hatchback is crossing the road (near) and maintaining lane.,4.572362,16.311631,3.9,False,None,0.0
10,10_scenario_8,A yellow Sedan is crossing the road (far) and switching lane.,4.110547,6.752428,5.18,False,None,0.0
10,10_scenario_9,A black Sedan is driving ahead (far) of the ego vehicle and maintaining lane.,4.2054,3.608459,8.98,False,None,0.0
10,10_scenario_10,A white SchoolBus is driving ahead (far) of the ego vehicle and maintaining lane.,2.391398,9.820347,5.42,False,None,0.0
10,10_scenario_11,A skyblue BoxTruck is driving ahead (near) of the ego vehicle and switching lane.,4.621247,12.770365,9.44,False,None,0.0
10,10_scenario_12,A red BoxTruck is driving from the opposite direction (far) and maintaining lane.,5.183952,24.004459,0.92,False,None,0.0
10,10_scenario_13,A white SUV is driving ahead (far) of the ego vehicle and switching lane.,100000.0,33.743333,5.14,False,None,0.0
10,10_scenario_14,A black SchoolBus is overtaking (near) the ego vehicle and maintaining lane.,5.863077,9.370761,2.02,False,None,0.0
10,10_scenario_15,A yellow Hatchback is crossing the road (near) and maintaining lane.,5.950841,3.276563,1.8,False,None,0.0
11,11_scenario_0,A skyblue SUV is crossing the road (far) and maintaining lane.,100000.0,17.686042,2.22,False,None,0.0
11,11_scenario_1,A black Sedan is driving ahead (near) of the ego vehicle and maintaining lane.,1.07656,10.981511,3.6,False,None,0.0
11,11_scenario_2,A white Sedan is driving ahead (far) of the ego vehicle and switching lane.,49.698608,31.420897,1.88,False,None,0.0
11,11_scenario_3,A black SchoolBus is crossing the road (near) and maintaining lane.,1.35196,7.854796,1.68,False,None,0.0
11,11_scenario_4,A red BoxTruck is driving from the opposite direction (near) and maintaining lane.,2.810089,17.012119,2.46,False,None,0.0
11,11_scenario_5,A white Sedan is driving ahead (far) of the ego vehicle and switching lane.,10.870434,36.928598,5.6,False,None,0.0
11,11_scenario_6,A black Sedan is driving ahead (near) of the ego vehicle and maintaining lane.,3.915135,8.018886,11.4,False,None,0.0
11,11_scenario_7,A red SchoolBus is overtaking (near) the ego vehicle and switching lane.,5.042683,13.874925,12.88,False,None,0.0
11,11_scenario_8,A white BoxTruck is overtaking (near) the ego vehicle and switching lane.,8.518335,12.370151,3.26,False,None,0.0
11,11_scenario_9,A red BoxTruck is driving from the opposite direction (far) and maintaining lane.,5.298352,10.023299,10.9,False,None,0.0
11,11_scenario_10,A yellow Hatchback is overtaking (near) the ego vehicle and maintaining lane.,10.089234,4.648364,2.92,False,None,0.0
11,11_scenario_11,A white Jeep is driving ahead (near) of the ego vehicle and maintaining lane.,7.499655,7.256723,5.68,False,None,0.0
11,11_scenario_12,A white Jeep is crossing the road (far) and maintaining lane.,4.000525,20.294373,2.8599999999999994,False,None,0.0
11,11_scenario_13,A white Jeep is driving ahead (near) of the ego vehicle and maintaining lane.,2.70199,12.084978,4.26,False,None,0.0
11,11_scenario_14,A black SchoolBus is crossing the road (near) and maintaining lane.,7.934515,14.691773,1.36,False,None,0.0
12,12_scenario_0,A white BoxTruck is overtaking (near) the ego vehicle and switching lane.,2.4143,11.704226,3.72,False,None,0.0
12,12_scenario_1,A red SUV is overtaking (near) the ego vehicle and maintaining lane.,28.019647,13.27276,2.32,False,None,0.0
12,12_scenario_2,A pink SUV is crossing the road (far) and switching lane.,2.817995,11.621726,5.12,False,None,0.0
12,12_scenario_3,A pink SchoolBus is driving from the opposite direction (far) and maintaining lane.,4.816456,11.591797,2.72,False,None,0.0
12,12_scenario_4_npc_vehicle,A black SchoolBus is crossing the road (near) and maintaining lane.,0.0,6.994668,3.66,True,npc_vehicle,1.4564289116633278
13,13_scenario_0,A pink Jeep is driving ahead (far) of the ego vehicle and maintaining lane.,16.773121,50.19325,3.86,False,None,0.0
13,13_scenario_1,A white BoxTruck is overtaking (near) the ego vehicle and switching lane.,47.69027,16.219437,0.52,False,None,0.0
13,13_scenario_2,A black Hatchback is overtaking (near) the ego vehicle and switching lane.,100000.0,12.882057,1.02,False,None,0.0
13,13_scenario_3,A red SchoolBus is overtaking (far) the ego vehicle and switching lane.,8.252929,11.599967,1.58,False,None,0.0
13,13_scenario_4,A pink Hatchback is crossing the road (far) and maintaining lane.,4.925683,11.531313,8.44,False,None,0.0
13,13_scenario_5,A yellow Hatchback is overtaking (far) the ego vehicle and switching lane.,4.191601,11.491223,8.64,False,None,0.0
13,13_scenario_6,A yellow BoxTruck is overtaking (far) the ego vehicle and maintaining lane.,4.833948,13.733032,9.0,False,None,0.0
13,13_scenario_7,A skyblue Hatchback is driving ahead (far) of the ego vehicle and maintaining lane.,2.38521,27.564499,3.74,False,None,0.0
13,13_scenario_8,A skyblue Hatchback is driving ahead (far) of the ego vehicle and maintaining lane.,3.4106,18.405149,9.96,False,None,0.0
13,13_scenario_9,A yellow SchoolBus is overtaking (far) the ego vehicle and maintaining lane.,6.885754,4.654673,7.08,False,None,0.0
13,13_scenario_10,A black Jeep is overtaking (near) the ego vehicle and maintaining lane.,2.147043,4.200576,4.1,False,None,0.0
13,13_scenario_11,A red SchoolBus is overtaking (near) the ego vehicle and switching lane.,8.303085,4.576214,1.56,False,None,0.0
13,13_scenario_12,A black SchoolBus is driving ahead (near) of the ego vehicle and maintaining lane.,100000.0,10.831209,1.84,False,None,0.0
13,13_scenario_13,A skyblue Sedan is overtaking (far) the ego vehicle and switching lane.,100000.0,7.798919,1.68,False,None,0.0
14,14_scenario_0,A skyblue Jeep is overtaking (far) the ego vehicle and switching lane.,1.322713,7.460286,2.8,False,None,0.0
14,14_scenario_1,A yellow Sedan is driving from the opposite direction (near) and switching lane.,3.244768,9.97234,4.32,False,None,0.0
14,14_scenario_2,A black SUV is driving from the opposite direction (far) and switching lane.,3.838904,8.606079,0.6400000000000001,False,None,0.0
14,14_scenario_3,A yellow Sedan is crossing the road (far) and maintaining lane.,9.82993,3.924845,0.6000000000000001,False,None,0.0
14,14_scenario_4,A red BoxTruck is driving from the opposite direction (far) and maintaining lane.,2.767033,8.555878,2.9000000000000004,False,None,0.0
14,14_scenario_5,A pink Sedan is driving from the opposite direction (far) and switching lane.,2.429717,8.553342,10.52,False,None,0.0
14,14_scenario_6,A white BoxTruck is overtaking (near) the ego vehicle and switching lane.,3.730763,10.826287,3.7,False,None,0.0
14,14_scenario_7,A black SchoolBus is driving ahead (near) of the ego vehicle and maintaining lane.,4.389426,7.313206,10.92,False,None,0.0
14,14_scenario_8,A skyblue Hatchback is driving from the opposite direction (far) and maintaining lane.,3.090271,9.917576,11.4,False,None,0.0
14,14_scenario_9,A red BoxTruck is driving ahead (far) of the ego vehicle and switching lane.,2.651392,18.282076,4.82,False,None,0.0
14,14_scenario_10,A pink SUV is driving from the opposite direction (far) and maintaining lane.,7.238771,37.756143,1.7599999999999998,False,None,0.0
14,14_scenario_11,A pink BoxTruck is driving ahead (near) of the ego vehicle and maintaining lane.,2.89938,13.999509,5.119999999999999,False,None,0.0
14,14_scenario_12,A red SUV is driving ahead (far) of the ego vehicle and maintaining lane.,8.911475,30.408536,0.74,False,None,0.0
14,14_scenario_13,A black Jeep is driving ahead (far) of the ego vehicle and switching lane.,100000.0,39.363052,0.6400000000000001,False,None,0.0
14,14_scenario_14,A black Jeep is overtaking (far) the ego vehicle and maintaining lane.,1.30325,5.987165,6.44,False,None,0.0
15,15_scenario_0,A skyblue Sedan is overtaking (far) the ego vehicle and switching lane.,2.983453,9.558491,10.58,False,None,0.0
15,15_scenario_1,A white Hatchback is driving ahead (far) of the ego vehicle and switching lane.,21.021566,10.221309,3.52,False,None,0.0
15,15_scenario_2,A pedestrian is crossing the road from left to right.,22.988068,2.664276,5.88,False,None,0.0
15,15_scenario_3,A pink Jeep is driving ahead (far) of the ego vehicle and maintaining lane.,1.524357,3.284793,10.48,False,None,0.0
15,15_scenario_4,A black Sedan is driving ahead (near) of the ego vehicle and maintaining lane.,0.904494,8.028592,7.1,False,None,0.0
15,15_scenario_5,A black Jeep is driving ahead (far) of the ego vehicle and switching lane.,3.348745,8.6567,4.12,False,None,0.0
15,15_scenario_6,A black Jeep is driving ahead (near) of the ego vehicle and switching lane.,2.456974,8.653219,10.24,False,None,0.0
15,15_scenario_7,A red SUV is driving ahead (near) of the ego vehicle and switching lane.,2.528303,8.676562,5.12,False,None,0.0
15,15_scenario_8,A black Hatchback is overtaking (near) the ego vehicle and switching lane.,4.226503,8.69022,3.16,False,None,0.0
15,15_scenario_9,A pink Sedan is driving from the opposite direction (far) and switching lane.,1.969435,8.705948,5.34,False,None,0.0
15,15_scenario_10,A red Hatchback is driving from the opposite direction (near) and switching lane.,5.803834,10.970481,8.66,False,None,0.0
15,15_scenario_11,A pink Hatchback is crossing the road (far) and maintaining lane.,2.705615,28.200271,10.1,False,None,0.0
15,15_scenario_12,A white SchoolBus is driving ahead (far) of the ego vehicle and maintaining lane.,4.931741,43.835034,13.14,False,None,0.0
15,15_scenario_13,A white SUV is driving ahead (far) of the ego vehicle and switching lane.,10.590056,45.096595,3.18,False,None,0.0
15,15_scenario_14,A skyblue Hatchback is driving ahead (far) of the ego vehicle and maintaining lane.,100000.0,50.007819,5.88,False,None,0.0
15,15_scenario_15,A black Sedan is driving ahead (near) of the ego vehicle and maintaining lane.,2.594168,11.829275,4.22,False,None,0.0
15,15_scenario_16,A yellow BoxTruck is overtaking (far) the ego vehicle and maintaining lane.,4.192669,17.935415,1.16,False,None,0.0
15,15_scenario_17,A red SUV is driving ahead (far) of the ego vehicle and maintaining lane.,100000.0,6.702073,1.98,False,None,0.0
16,16_scenario_0,A red Hatchback is driving from the opposite direction (near) and switching lane.,1.770416,25.145914,9.92,False,None,0.0
16,16_scenario_1,A pink BoxTruck is driving ahead (near) of the ego vehicle and maintaining lane.,7.754729,10.270171,7.1,False,None,0.0
16,16_scenario_2,A skyblue SchoolBus is driving ahead (far) of the ego vehicle and switching lane.,7.072771,16.49058,1.16,False,None,0.0
16,16_scenario_3,A white Sedan is driving ahead (far) of the ego vehicle and switching lane.,12.623253,26.498324,2.8200000000000003,False,None,0.0
16,16_scenario_4,A yellow SUV is driving from the opposite direction (near) and switching lane.,12.123869,28.8247,5.88,False,None,0.0
16,16_scenario_5,A skyblue Hatchback is driving ahead (far) of the ego vehicle and maintaining lane.,29.890038,31.690401,3.54,False,None,0.0
16,16_scenario_6,A pink Hatchback is driving ahead (near) of the ego vehicle and switching lane.,1.134959,6.173555,11.26,False,None,0.0
16,16_scenario_7,A white SchoolBus is driving ahead (near) of the ego vehicle and switching lane.,2.265382,12.755888,4.7,False,None,0.0
16,16_scenario_8,A pink Jeep is driving ahead (far) of the ego vehicle and maintaining lane.,10.359477,34.012583,2.64,False,None,0.0
16,16_scenario_9,A black SchoolBus is driving ahead (near) of the ego vehicle and maintaining lane.,3.279036,7.802283,4.880000000000001,False,None,0.0
16,16_scenario_10,A red Hatchback is crossing the road (far) and switching lane.,2.54912,11.225914,7.700000000000001,False,None,0.0
16,16_scenario_11,A black Jeep is driving ahead (far) of the ego vehicle and switching lane.,4.775892,24.887115,13.42,False,None,0.0
16,16_scenario_12,A black SchoolBus is crossing the road (near) and maintaining lane.,1.356624,9.356607,7.62,False,None,0.0
16,16_scenario_13,A white Jeep is driving ahead (near) of the ego vehicle and maintaining lane.,3.523534,10.418044,7.6,False,None,0.0
16,16_scenario_14,A yellow Hatchback is crossing the road (near) and maintaining lane.,2.928328,18.157877,7.800000000000001,False,None,0.0
17,17_scenario_0,A black Sedan is driving ahead (near) of the ego vehicle and maintaining lane.,1.830592,8.581783,4.72,False,None,0.0
17,17_scenario_1,A black SUV is driving from the opposite direction (far) and switching lane.,5.159832,10.947084,0.96,False,None,0.0
17,17_scenario_2,A red BoxTruck is overtaking (near) the ego vehicle and maintaining lane.,2.970528,11.938279,0.2999999999999998,False,None,0.0
17,17_scenario_3,A red BoxTruck is driving from the opposite direction (far) and maintaining lane.,5.870266,10.819098,0.4200000000000001,False,None,0.0
17,17_scenario_4,A white SchoolBus is driving ahead (far) of the ego vehicle and maintaining lane.,15.97967,10.714255,5.6000000000000005,False,None,0.0
17,17_scenario_5,A black Sedan is driving ahead (near) of the ego vehicle and maintaining lane.,0.372995,5.527989,13.26,False,None,0.0
17,17_scenario_6,A yellow SUV is overtaking (near) the ego vehicle and switching lane.,4.267919,8.5583,12.2,False,None,0.0
17,17_scenario_7,A pink Sedan is driving from the opposite direction (far) and maintaining lane.,12.677219,9.590789,5.9,False,None,0.0
17,17_scenario_8,A white BoxTruck is overtaking (far) the ego vehicle and switching lane.,3.591163,17.607488,2.56,False,None,0.0
17,17_scenario_9,A red SchoolBus is overtaking (far) the ego vehicle and switching lane.,9.96051,29.989024,2.04,False,None,0.0
17,17_scenario_10,A pink Sedan is driving from the opposite direction (far) and switching lane.,8.334521,39.828405,4.619999999999999,False,None,0.0
17,17_scenario_11,A pedestrian is crossing the road from right to left.,19.506197,21.306038,5.92,False,None,0.0
17,17_scenario_12,A red SUV is overtaking (near) the ego vehicle and maintaining lane.,1.517841,6.776894,3.92,False,None,0.0
17,17_scenario_13,A yellow SchoolBus is overtaking (far) the ego vehicle and maintaining lane.,4.379996,12.628784,1.1,False,None,0.0
18,18_scenario_0,A black SchoolBus is overtaking (near) the ego vehicle and maintaining lane.,100000.0,6.96336,6.98,False,None,0.0
18,18_scenario_1,A white Jeep is driving ahead (near) of the ego vehicle and maintaining lane.,7.735484,3.936272,2.6,False,None,0.0
18,18_scenario_2,A pink SchoolBus is crossing the road (near) and switching lane.,8.361653,5.243371,0.3799999999999999,False,None,0.0
18,18_scenario_3,A white Hatchback is overtaking (far) the ego vehicle and maintaining lane.,100000.0,9.220737,0.5800000000000001,False,None,0.0
18,18_scenario_4,A pink SUV is driving from the opposite direction (far) and maintaining lane.,100000.0,9.787584,4.64,False,None,0.0
18,18_scenario_5,A red Sedan is overtaking (near) the ego vehicle and maintaining lane.,5.662306,4.642941,10.5,False,None,0.0
18,18_scenario_6,A skyblue Hatchback is driving ahead (far) of the ego vehicle and maintaining lane.,5.030651,4.920202,2.62,False,None,0.0
18,18_scenario_7,A skyblue SchoolBus is driving ahead (far) of the ego vehicle and switching lane.,4.493119,13.688763,4.68,False,None,0.0
18,18_scenario_8,A pink Jeep is crossing the road (near) and switching lane.,0.994319,11.160358,4.08,False,None,0.0
18,18_scenario_9,A pink SUV is overtaking (far) the ego vehicle and maintaining lane.,3.756859,43.018848,3.28,False,None,0.0
18,18_scenario_10,A pink SUV is overtaking (far) the ego vehicle and maintaining lane.,19.787619,4.137748,5.46,False,None,0.0
18,18_scenario_11,A white Sedan is driving ahead (far) of the ego vehicle and switching lane.,0.723529,6.70045,4.02,False,None,0.0
18,18_scenario_12,A black Jeep is overtaking (far) the ego vehicle and maintaining lane.,100000.0,5.024706,4.18,False,None,0.0
18,18_scenario_13,A pink SUV is crossing the road (far) and switching lane.,2.0371,8.300355,2.3,False,None,0.0
19,19_scenario_0,A white SchoolBus is driving from the opposite direction (far) and switching lane.,4.910111,51.429632,4.84,False,None,0.0
19,19_scenario_1,A pink SUV is overtaking (far) the ego vehicle and maintaining lane.,8.41019,36.04315,4.18,False,None,0.0
19,19_scenario_2,A yellow BoxTruck is overtaking (far) the ego vehicle and maintaining lane.,9.294873,31.095437,0.56,False,None,0.0
19,19_scenario_3,A pink SUV is overtaking (far) the ego vehicle and maintaining lane.,35.680192,28.391952,8.0,False,None,0.0
19,19_scenario_4,A red BoxTruck is driving from the opposite direction (near) and maintaining lane.,6.1224,18.460715,1.32,False,None,0.0
19,19_scenario_5,A yellow Hatchback is crossing the road (near) and maintaining lane.,0.580143,5.516287,11.74,False,None,0.0
19,19_scenario_6,A pink Jeep is crossing the road (near) and switching lane.,1.899665,3.868539,8.26,False,None,0.0
19,19_scenario_7,A white SchoolBus is driving ahead (far) of the ego vehicle and maintaining lane.,5.679603,7.94743,8.5,False,None,0.0
19,19_scenario_8,A red BoxTruck is overtaking (near) the ego vehicle and maintaining lane.,3.835753,10.190091,6.859999999999999,False,None,0.0
19,19_scenario_9,A white Hatchback is overtaking (far) the ego vehicle and maintaining lane.,4.06477,22.41207,2.4200000000000004,False,None,0.0
19,19_scenario_10,A red SchoolBus is driving from the opposite direction (near) and maintaining lane.,2.726476,20.247681,3.1,False,None,0.0
19,19_scenario_11,A pink SUV is overtaking (far) the ego vehicle and maintaining lane.,16.97709,22.769563,3.94,False,None,0.0
19,19_scenario_12,A red Hatchback is crossing the road (far) and switching lane.,10.789801,5.857974,5.72,False,None,0.0
19,19_scenario_13,A red Hatchback is driving from the opposite direction (near) and switching lane.,9.844196,3.633522,0.58,False,None,0.0
19,19_scenario_14,A black Sedan is driving ahead (far) of the ego vehicle and maintaining lane.,3.798338,5.907501,0.5200000000000001,False,None,0.0
19,19_scenario_15,A yellow SUV is driving from the opposite direction (near) and switching lane.,6.509532,20.432472,1.6,False,None,0.0
