Execution,ScenarioID,Configuration_API_Description,Attribute[TTC],Attribute[DTO],Attribute[Jerk],Attribute[COL],Attribute[COLT],Attribute[SAC]
0,0_scenario_0,A black Sedan is driving ahead (near) of the ego vehicle and maintaining lane.,13.826381,12.736114,3.42,False,None,0.0
0,0_scenario_1,A red SchoolBus is overtaking (far) the ego vehicle and switching lane.,100000.0,17.592983,2.4400000000000004,False,None,0.0
0,0_scenario_2,A white Jeep is driving ahead (near) of the ego vehicle and maintaining lane.,3.172961,14.20199,0.9800000000000002,False,None,0.0
0,0_scenario_3,A yellow SUV is overtaking (far) the ego vehicle and switching lane.,1.25661,11.861916,8.84,False,None,0.0
0,0_scenario_4,A skyblue SUV is crossing the road (far) and maintaining lane.,1.001764,11.90015,3.5,False,None,0.0
0,0_scenario_5,A black SchoolBus is crossing the road (near) and maintaining lane.,6.056346,21.238633,0.58,False,None,0.0
0,0_scenario_6,A red Sedan is overtaking (near) the ego vehicle and maintaining lane.,1.484963,4.052099,10.14,False,None,0.0
0,0_scenario_7,A red SUV is driving ahead (far) of the ego vehicle and maintaining lane.,1.057462,7.110423,10.68,False,None,0.0
0,0_scenario_8,A white Hatchback is overtaking (far) the ego vehicle and maintaining lane.,15.570249,19.453523,6.1,False,None,0.0
0,0_scenario_9,A pink Hatchback is crossing the road (far) and maintaining lane.,5.78391,11.365471,2.94,False,None,0.0
0,0_scenario_10,A red SUV is overtaking (near) the ego vehicle and maintaining lane.,0.63733,4.865078,0.4200000000000001,False,None,0.0
0,0_scenario_11,A black Jeep is overtaking (far) the ego vehicle and maintaining lane.,2.102077,5.703071,0.4600000000000001,False,None,0.0
0,0_scenario_12,A red SUV is driving ahead (far) of the ego vehicle and maintaining lane.,11.155883,3.846577,5.84,False,None,0.0
0,0_scenario_13,A skyblue BoxTruck is driving ahead (near) of the ego vehicle and switching lane.,2.027496,7.254877,12.88,False,None,0.0
0,0_scenario_14,A white BoxTruck is overtaking (far) the ego vehicle and switching lane.,2.773841,4.028055,3.86,False,None,0.0
0,0_scenario_15,A red SUV is driving ahead (far) of the ego vehicle and maintaining lane.,1.375088,8.489828,1.04,False,None,0.0
0,0_scenario_16,A skyblue SchoolBus is driving ahead (far) of the ego vehicle and switching lane.,6.769873,11.671555,7.1,False,None,0.0
0,0_scenario_17,A pink SchoolBus is driving from the opposite direction (far) and maintaining lane.,11.042436,11.391766,5.86,False,None,0.0
1,1_scenario_0,A white Hatchback is overtaking (far) the ego vehicle and maintaining lane.,100000.0,18.00853,2.3000000000000003,False,None,0.0
1,1_scenario_1,A yellow SUV is overtaking (near) the ego vehicle and switching lane.,0.998077,3.961322,3.38,False,None,0.0
1,1_scenario_2,A white SUV is driving ahead (far) of the ego vehicle and switching lane.,1.150246,4.323337,9.02,False,None,0.0
1,1_scenario_3,A skyblue Hatchback is driving ahead (far) of the ego vehicle and maintaining lane.,4.037955,6.96778,6.66,False,None,0.0
1,1_scenario_4,A pink SUV is crossing the road (far) and switching lane.,9.850329,15.318518,2.38,False,None,0.0
1,1_scenario_5,A skyblue Jeep is overtaking (far) the ego vehicle and switching lane.,1.872497,19.393621,10.56,False,None,0.0
1,1_scenario_6,A yellow SUV is overtaking (near) the ego vehicle and switching lane.,3.243479,10.597452,12.06,False,None,0.0
1,1_scenario_7,A white SchoolBus is driving from the opposite direction (far) and switching lane.,10.439776,5.176245,2.64,False,None,0.0
1,1_scenario_8,A pink Sedan is driving from the opposite direction (near) and maintaining lane.,2.689319,3.830592,0.42,False,None,0.0
1,1_scenario_9,A black Jeep is overtaking (near) the ego vehicle and maintaining lane.,4.507471,3.700259,4.34,False,None,0.0
1,1_scenario_10,A yellow Jeep is driving from the opposite direction (far) and switching lane.,5.923418,3.928583,5.94,False,None,0.0
1,1_scenario_11,A yellow Sedan is driving from the opposite direction (near) and switching lane.,2.531035,3.862181,6.9,False,None,0.0
1,1_scenario_12,A skyblue Sedan is overtaking (far) the ego vehicle and switching lane.,2.64275,9.425081,4.36,False,None,0.0
1,1_scenario_13,A pink Jeep is driving ahead (far) of the ego vehicle and maintaining lane.,1.484766,8.666154,2.66,False,None,0.0
1,1_scenario_14,A red BoxTruck is driving ahead (far) of the ego vehicle and maintaining lane.,5.220867,34.134881,1.98,False,None,0.0
1,1_scenario_15,A skyblue Hatchback is driving ahead (far) of the ego vehicle and maintaining lane.,11.590611,44.29378,0.6600000000000001,False,None,0.0
1,1_scenario_16,A pink Sedan is driving from the opposite direction (far) and maintaining lane.,11.32545,54.047234,6.02,False,None,0.0
2,2_scenario_0,A yellow SchoolBus is overtaking (far) the ego vehicle and maintaining lane.,100000.0,28.169565,3.86,False,None,0.0
2,2_scenario_1,A black Jeep is overtaking (far) the ego vehicle and maintaining lane.,100000.0,3.804845,4.66,False,None,0.0
2,2_scenario_2,A red BoxTruck is overtaking (near) the ego vehicle and maintaining lane.,0.843658,4.607407,5.140000000000001,False,None,0.0
2,2_scenario_3,A white SchoolBus is driving ahead (far) of the ego vehicle and maintaining lane.,1.037074,10.731148,11.52,False,None,0.0
2,2_scenario_4,A pink SchoolBus is crossing the road (near) and switching lane.,3.695037,14.524656,1.94,False,None,0.0
2,2_scenario_5,A white BoxTruck is overtaking (near) the ego vehicle and switching lane.,1.918677,18.837705,2.56,False,None,0.0
2,2_scenario_6,A pink Jeep is crossing the road (near) and switching lane.,8.50099,9.100133,14.04,False,None,0.0
2,2_scenario_7,A black Jeep is driving ahead (far) of the ego vehicle and switching lane.,6.186295,7.882272,1.78,False,None,0.0
2,2_scenario_8,A pink Hatchback is driving from the opposite direction (far) and switching lane.,15.396006,7.986915,3.3,False,None,0.0
2,2_scenario_9,A white SchoolBus is driving ahead (far) of the ego vehicle and maintaining lane.,4.803939,12.241226,4.640000000000001,False,None,0.0
2,2_scenario_10,A yellow Sedan is overtaking (far) the ego vehicle and maintaining lane.,7.903477,22.010383,0.66,False,None,0.0
2,2_scenario_11,A white Hatchback is overtaking (far) the ego vehicle and maintaining lane.,0.503342,4.333113,6.42,False,None,0.0
2,2_scenario_12,A yellow SUV is overtaking (near) the ego vehicle and switching lane.,1.39456,6.567655,4.72,False,None,0.0
2,2_scenario_13,A skyblue Sedan is overtaking (far) the ego vehicle and switching lane.,0.851541,12.364045,3.6,False,None,0.0
2,2_scenario_14,A white Sedan is driving ahead (far) of the ego vehicle and switching lane.,0.665141,4.597781,3.04,False,None,0.0
2,2_scenario_15,A yellow Sedan is overtaking (near) the ego vehicle and switching lane.,1.414937,7.846835,2.66,False,None,0.0
2,2_scenario_16,A yellow Hatchback is crossing the road (near) and maintaining lane.,1.129119,3.928972,0.86,False,None,0.0
2,2_scenario_17,A yellow Sedan is overtaking (far) the ego vehicle and maintaining lane.,1.019302,4.020261,6.84,False,None,0.0
3,3_scenario_0,A yellow Hatchback is crossing the road (near) and maintaining lane.,100000.0,14.311903,4.0,False,None,0.0
3,3_scenario_1,A skyblue Sedan is overtaking (far) the ego vehicle and switching lane.,100000.0,17.716432,4.48,False,None,0.0
3,3_scenario_2,A yellow Sedan is crossing the road (far) and maintaining lane.,0.778658,9.833688,8.86,False,None,0.0
3,3_scenario_3,A red BoxTruck is driving ahead (far) of the ego vehicle and switching lane.,0.885531,6.635548,13.58,False,None,0.0
3,3_scenario_4,A yellow SchoolBus is overtaking (far) the ego vehicle and maintaining lane.,14.344974,4.039418,1.74,False,None,0.0
3,3_scenario_5,A pink BoxTruck is driving ahead (near) of the ego vehicle and maintaining lane.,1.721549,4.056228,9.36,False,None,0.0
3,3_scenario_6,A white Hatchback is driving ahead (far) of the ego vehicle and switching lane.,1.576195,11.318256,8.82,False,None,0.0
3,3_scenario_7,A red SUV is overtaking (near) the ego vehicle and maintaining lane.,3.474352,14.881281,11.2,False,None,0.0
3,3_scenario_8,A yellow SchoolBus is overtaking (far) the ego vehicle and maintaining lane.,10.527108,18.279407,4.24,False,None,0.0
3,3_scenario_9,A pink Jeep is driving ahead (far) of the ego vehicle and maintaining lane.,31.190458,18.458302,0.6799999999999999,False,None,0.0
3,3_scenario_10,A pink Sedan is driving from the opposite direction (near) and maintaining lane.,2.711619,16.67312,1.0,False,None,0.0
3,3_scenario_11,A red SchoolBus is overtaking (far) the ego vehicle and switching lane.,4.221425,15.505766,4.0600000000000005,False,None,0.0
3,3_scenario_12_npc_vehicle,A white SchoolBus is driving ahead (near) of the ego vehicle and switching lane.,0.0,7.022718,11.92,True,npc_vehicle,3.864482132733301
4,4_scenario_0,A black Jeep is overtaking (near) the ego vehicle and maintaining lane.,100000.0,5.38726,2.8,False,None,0.0
4,4_scenario_1,A white SchoolBus is driving ahead (far) of the ego vehicle and maintaining lane.,1.598866,12.599467,3.6,False,None,0.0
4,4_scenario_2,A yellow Sedan is overtaking (far) the ego vehicle and maintaining lane.,1.293442,11.003095,5.859999999999999,False,None,0.0
4,4_scenario_3,A white Hatchback is driving ahead (far) of the ego vehicle and switching lane.,7.431569,17.593279,5.14,False,None,0.0
4,4_scenario_4_npc_vehicle,A skyblue Sedan is driving ahead (near) of the ego vehicle and switching lane.,0.0,4.396229,7.879999999999999,True,npc_vehicle,2.5137611643637983
5,5_scenario_0,A pink Sedan is driving from the opposite direction (far) and maintaining lane.,100000.0,43.714926,2.6,False,None,0.0
5,5_scenario_1,A skyblue Hatchback is driving ahead (far) of the ego vehicle and maintaining lane.,4.02154,13.312102,3.88,False,None,0.0
5,5_scenario_2,A pink SchoolBus is driving from the opposite direction (far) and maintaining lane.,100000.0,11.659398,7.279999999999999,False,None,0.0
5,5_scenario_3,A white Jeep is driving ahead (near) of the ego vehicle and maintaining lane.,3.177852,8.382761,9.52,False,None,0.0
5,5_scenario_4,A red SUV is driving ahead (near) of the ego vehicle and switching lane.,2.999144,10.952542,8.48,False,None,0.0
5,5_scenario_5,A white Jeep is crossing the road (far) and maintaining lane.,3.275935,5.046946,4.5600000000000005,False,None,0.0
5,5_scenario_6,A yellow SchoolBus is driving from the opposite direction (near) and switching lane.,2.324541,3.760789,6.16,False,None,0.0
5,5_scenario_7,A black Jeep is overtaking (far) the ego vehicle and maintaining lane.,2.237266,3.850398,2.92,False,None,0.0
5,5_scenario_8,A black SchoolBus is crossing the road (near) and maintaining lane.,1.211626,4.359491,6.02,False,None,0.0
5,5_scenario_9,A black Jeep is driving ahead (near) of the ego vehicle and switching lane.,1.939245,5.557154,7.919999999999999,False,None,0.0
5,5_scenario_10,A red BoxTruck is driving ahead (far) of the ego vehicle and maintaining lane.,1.951572,4.264591,5.539999999999999,False,None,0.0
5,5_scenario_11,A pink BoxTruck is driving ahead (near) of the ego vehicle and maintaining lane.,3.162061,16.217458,2.4000000000000004,False,None,0.0
5,5_scenario_12,A pink BoxTruck is driving ahead (near) of the ego vehicle and maintaining lane.,7.445198,12.153044,2.78,False,None,0.0
5,5_scenario_13,A skyblue Jeep is overtaking (far) the ego vehicle and switching lane.,8.738029,14.960495,0.8799999999999999,False,None,0.0
5,5_scenario_14,A red BoxTruck is driving ahead (far) of the ego vehicle and maintaining lane.,5.252617,4.139852,3.3,False,None,0.0
5,5_scenario_15,A skyblue Jeep is overtaking (far) the ego vehicle and switching lane.,0.806191,17.400835,4.42,False,None,0.0
5,5_scenario_16,A skyblue SchoolBus is driving ahead (far) of the ego vehicle and switching lane.,7.001735,10.369814,4.3,False,None,0.0
5,5_scenario_17,A black Sedan is driving ahead (near) of the ego vehicle and maintaining lane.,5.174307,9.813064,5.36,False,None,0.0
5,5_scenario_18,A yellow SchoolBus is driving from the opposite direction (near) and switching lane.,3.146753,9.274349,0.76,False,None,0.0
5,5_scenario_19,A pink Jeep is crossing the road (near) and switching lane.,1.451334,7.949882,6.84,False,None,0.0
6,6_scenario_0,A white Hatchback is overtaking (far) the ego vehicle and maintaining lane.,100000.0,17.644598,1.98,False,None,0.0
6,6_scenario_1,A white Hatchback is driving ahead (far) of the ego vehicle and switching lane.,1.107215,4.875882,3.76,False,None,0.0
6,6_scenario_2,A white BoxTruck is overtaking (near) the ego vehicle and switching lane.,1.188457,10.68213,7.76,False,None,0.0
6,6_scenario_3,A black Jeep is overtaking (near) the ego vehicle and maintaining lane.,6.062734,17.500377,6.92,False,None,0.0
6,6_scenario_4,A skyblue SUV is crossing the road (far) and maintaining lane.,7.311518,29.443944,3.26,False,None,0.0
6,6_scenario_5,A skyblue BoxTruck is driving ahead (near) of the ego vehicle and switching lane.,3.399621,8.966649,6.1,False,None,0.0
6,6_scenario_6,A skyblue BoxTruck is driving ahead (near) of the ego vehicle and switching lane.,2.457087,14.104133,6.12,False,None,0.0
6,6_scenario_7,A white Hatchback is driving ahead (far) of the ego vehicle and switching lane.,7.475756,10.644739,8.98,False,None,0.0
6,6_scenario_8,A skyblue Hatchback is driving ahead (far) of the ego vehicle and maintaining lane.,38.950295,8.327263,0.6600000000000001,False,None,0.0
6,6_scenario_9,A white Jeep is crossing the road (far) and maintaining lane.,6.629662,7.707382,0.48,False,None,0.0
6,6_scenario_10,A white Hatchback is driving ahead (far) of the ego vehicle and switching lane.,10.620763,7.611402,7.88,False,None,0.0
6,6_scenario_11,A white BoxTruck is driving from the opposite direction (far) and switching lane.,5.856129,6.049693,5.16,False,None,0.0
6,6_scenario_12,A white Sedan is driving ahead (far) of the ego vehicle and switching lane.,1.912028,3.863756,6.16,False,None,0.0
6,6_scenario_13,A red BoxTruck is overtaking (near) the ego vehicle and maintaining lane.,0.620555,4.486744,3.7,False,None,0.0
6,6_scenario_14,A white Jeep is driving ahead (near) of the ego vehicle and maintaining lane.,1.572874,24.500115,2.3400000000000003,False,None,0.0
6,6_scenario_15,A yellow SUV is overtaking (near) the ego vehicle and switching lane.,9.248213,6.081998,0.76,False,None,0.0
6,6_scenario_16,A red BoxTruck is driving ahead (far) of the ego vehicle and maintaining lane.,1.15124,3.77992,5.98,False,None,0.0
7,7_scenario_0,A yellow SchoolBus is overtaking (far) the ego vehicle and maintaining lane.,100000.0,27.942491,3.2,False,None,0.0
7,7_scenario_1,A white BoxTruck is overtaking (far) the ego vehicle and switching lane.,2.609888,3.887371,4.260000000000001,False,None,0.0
7,7_scenario_2,A red Hatchback is crossing the road (far) and switching lane.,1.47457,5.920962,6.02,False,None,0.0
7,7_scenario_3,A black SchoolBus is overtaking (near) the ego vehicle and maintaining lane.,3.690792,7.601966,9.58,False,None,0.0
7,7_scenario_4,A skyblue Sedan is overtaking (far) the ego vehicle and switching lane.,6.138115,10.077679,4.140000000000001,False,None,0.0
7,7_scenario_5,A yellow SUV is overtaking (near) the ego vehicle and switching lane.,2.562909,5.179017,2.52,False,None,0.0
7,7_scenario_6,A red BoxTruck is driving ahead (far) of the ego vehicle and maintaining lane.,2.563396,11.361051,10.04,False,None,0.0
7,7_scenario_7,A pink SUV is driving from the opposite direction (far) and maintaining lane.,4.971221,7.922951,2.5,False,None,0.0
7,7_scenario_8,A red Jeep is overtaking (near) the ego vehicle and switching lane.,14.528753,8.010382,0.5800000000000001,False,None,0.0
7,7_scenario_9,A pink BoxTruck is driving ahead (near) of the ego vehicle and maintaining lane.,2.097173,7.836165,11.14,False,None,0.0
7,7_scenario_10,A skyblue Jeep is overtaking (far) the ego vehicle and switching lane.,3.661323,11.430333,5.3,False,None,0.0
7,7_scenario_11,A yellow BoxTruck is overtaking (far) the ego vehicle and maintaining lane.,7.964196,14.883207,0.64,False,None,0.0
7,7_scenario_12,A red SUV is crossing the road (near) and maintaining lane.,34.694841,15.952096,2.54,False,None,0.0
7,7_scenario_13,A yellow Sedan is overtaking (far) the ego vehicle and maintaining lane.,1.057105,4.930383,4.38,False,None,0.0
7,7_scenario_14,A red BoxTruck is overtaking (near) the ego vehicle and maintaining lane.,0.523638,3.708881,4.62,False,None,0.0
8,8_scenario_0,A yellow BoxTruck is overtaking (far) the ego vehicle and maintaining lane.,100000.0,29.804849,3.0,False,None,0.0
8,8_scenario_1,A black SUV is driving from the opposite direction (far) and switching lane.,2.527755,4.030867,8.56,False,None,0.0
8,8_scenario_2,A white Sedan is driving ahead (far) of the ego vehicle and switching lane.,1.615176,5.929976,8.64,False,None,0.0
8,8_scenario_3,A yellow Hatchback is overtaking (far) the ego vehicle and switching lane.,3.898694,17.367849,10.079999999999998,False,None,0.0
8,8_scenario_4,A yellow SUV is driving from the opposite direction (near) and switching lane.,3.703047,14.552378,6.2,False,None,0.0
8,8_scenario_5,A white Jeep is driving ahead (near) of the ego vehicle and maintaining lane.,2.789526,12.365106,5.9,False,None,0.0
8,8_scenario_6,A black SchoolBus is overtaking (near) the ego vehicle and maintaining lane.,1.672148,12.19825,5.92,False,None,0.0
8,8_scenario_7,A skyblue BoxTruck is driving ahead (near) of the ego vehicle and switching lane.,1.660035,8.1919,8.58,False,None,0.0
8,8_scenario_8,A red SchoolBus is overtaking (far) the ego vehicle and switching lane.,11.089099,9.35823,2.8200000000000003,False,None,0.0
8,8_scenario_9,A red Hatchback is crossing the road (near) and switching lane.,25.756792,9.391579,0.8400000000000001,False,None,0.0
8,8_scenario_10,A white SUV is driving ahead (far) of the ego vehicle and switching lane.,205.404784,9.541147,3.3,False,None,0.0
8,8_scenario_11,A yellow Sedan is overtaking (near) the ego vehicle and switching lane.,2.990014,4.147548,4.739999999999999,False,None,0.0
8,8_scenario_12,A white SUV is driving ahead (far) of the ego vehicle and switching lane.,1.124463,8.201382,5.94,False,None,0.0
8,8_scenario_13,A red Sedan is overtaking (near) the ego vehicle and maintaining lane.,4.586052,7.702273,5.34,False,None,0.0
8,8_scenario_14,A skyblue SUV is crossing the road (far) and maintaining lane.,4.492132,11.268879,4.28,False,None,0.0
8,8_scenario_15,A yellow Hatchback is overtaking (far) the ego vehicle and switching lane.,1.188462,3.921527,3.24,False,None,0.0
8,8_scenario_16,A skyblue Sedan is driving ahead (near) of the ego vehicle and switching lane.,1.611361,8.58932,3.12,False,None,0.0
8,8_scenario_17,A yellow Sedan is overtaking (far) the ego vehicle and maintaining lane.,3.42297,9.369341,1.0,False,None,0.0
8,8_scenario_18,A skyblue Hatchback is driving ahead (far) of the ego vehicle and maintaining lane.,0.896187,3.566289,4.38,False,None,0.0
9,9_scenario_0,A black SchoolBus is overtaking (near) the ego vehicle and maintaining lane.,100000.0,4.351933,3.6,False,None,0.0
9,9_scenario_1,A yellow Hatchback is overtaking (far) the ego vehicle and switching lane.,1.584427,5.474923,5.619999999999999,False,None,0.0
9,9_scenario_2,A black Jeep is overtaking (far) the ego vehicle and maintaining lane.,1.105676,8.181575,3.94,False,None,0.0
9,9_scenario_3,A yellow SUV is driving from the opposite direction (near) and switching lane.,0.693293,8.767406,10.66,False,None,0.0
9,9_scenario_4,A yellow BoxTruck is overtaking (far) the ego vehicle and maintaining lane.,4.208018,6.168389,3.46,False,None,0.0
9,9_scenario_5,A red Hatchback is crossing the road (near) and switching lane.,2.898748,3.818612,5.6000000000000005,False,None,0.0
9,9_scenario_6,A black SchoolBus is crossing the road (near) and maintaining lane.,2.881086,4.125062,13.38,False,None,0.0
9,9_scenario_7,A pink SUV is overtaking (far) the ego vehicle and maintaining lane.,1.02234,5.846899,12.82,False,None,0.0
9,9_scenario_8,A red SchoolBus is overtaking (far) the ego vehicle and switching lane.,2.437646,9.362943,0.5999999999999999,False,None,0.0
9,9_scenario_9,A yellow SchoolBus is overtaking (far) the ego vehicle and maintaining lane.,5.112784,12.170512,0.7200000000000001,False,None,0.0
9,9_scenario_10,A white Sedan is driving ahead (far) of the ego vehicle and switching lane.,5.624512,13.843911,5.58,False,None,0.0
9,9_scenario_11,A red Hatchback is crossing the road (near) and switching lane.,3.715677,7.62636,7.24,False,None,0.0
9,9_scenario_12,A white Jeep is driving ahead (near) of the ego vehicle and maintaining lane.,5.152525,8.812648,3.8,False,None,0.0
9,9_scenario_13,A pink SUV is overtaking (far) the ego vehicle and maintaining lane.,5.918687,7.74409,3.78,False,None,0.0
9,9_scenario_14,A red BoxTruck is driving from the opposite direction (near) and maintaining lane.,2.151818,8.843289,3.76,False,None,0.0
9,9_scenario_15,A pink Jeep is crossing the road (near) and switching lane.,3.725454,8.848681,2.18,False,None,0.0
9,9_scenario_16,A white Hatchback is driving ahead (far) of the ego vehicle and switching lane.,11.667044,8.845064,0.6799999999999999,False,None,0.0
9,9_scenario_17,A red Jeep is overtaking (near) the ego vehicle and switching lane.,20.123062,8.798998,4.74,False,None,0.0
10,10_scenario_0,A black Hatchback is overtaking (near) the ego vehicle and switching lane.,100000.0,5.264202,3.42,False,None,0.0
10,10_scenario_1,A pink Sedan is driving from the opposite direction (near) and maintaining lane.,2.094555,14.202901,3.98,False,None,0.0
10,10_scenario_2,A red SUV is overtaking (near) the ego vehicle and maintaining lane.,1.215429,8.739108,9.6,False,None,0.0
10,10_scenario_3,A white BoxTruck is overtaking (near) the ego vehicle and switching lane.,0.80951,10.16132,4.140000000000001,False,None,0.0
10,10_scenario_4,A red SchoolBus is overtaking (near) the ego vehicle and switching lane.,4.581085,10.778575,0.8,False,None,0.0
10,10_scenario_5,A yellow Sedan is crossing the road (far) and switching lane.,2.335338,10.509813,5.6000000000000005,False,None,0.0
10,10_scenario_6,A white Sedan is driving ahead (far) of the ego vehicle and switching lane.,7.960879,10.382264,9.96,False,None,0.0
10,10_scenario_7,A white Jeep is driving ahead (near) of the ego vehicle and maintaining lane.,1.434401,5.827681,11.06,False,None,0.0
10,10_scenario_8,A black SchoolBus is overtaking (near) the ego vehicle and maintaining lane.,2.799655,9.249228,5.42,False,None,0.0
10,10_scenario_9,A pink SUV is driving from the opposite direction (far) and maintaining lane.,5.778252,10.3884,1.56,False,None,0.0
10,10_scenario_10,A white SchoolBus is driving ahead (far) of the ego vehicle and maintaining lane.,7.627631,10.559319,4.48,False,None,0.0
10,10_scenario_11_npc_vehicle,A black SchoolBus is driving ahead (near) of the ego vehicle and maintaining lane.,0.0,5.327167,10.74,True,npc_vehicle,6.408145306798118
11,11_scenario_0,A white SchoolBus is crossing the road (far) and switching lane.,100000.0,25.280497,4.48,False,None,0.0
11,11_scenario_1,A black Sedan is driving ahead (far) of the ego vehicle and maintaining lane.,100000.0,16.583379,2.06,False,None,0.0
11,11_scenario_2,A pink BoxTruck is driving ahead (near) of the ego vehicle and maintaining lane.,2.922081,14.39618,1.36,False,None,0.0
11,11_scenario_3,A red SUV is crossing the road (near) and maintaining lane.,5.635884,13.53897,5.28,False,None,0.0
11,11_scenario_4,A black Jeep is driving ahead (near) of the ego vehicle and switching lane.,1.738545,4.696331,10.66,False,None,0.0
11,11_scenario_5,A black Jeep is driving ahead (far) of the ego vehicle and switching lane.,1.860921,4.049478,3.86,False,None,0.0
11,11_scenario_6,A red SchoolBus is overtaking (far) the ego vehicle and switching lane.,3.948743,25.320694,5.56,False,None,0.0
11,11_scenario_7,A black SchoolBus is overtaking (near) the ego vehicle and maintaining lane.,11.965619,3.487703,5.340000000000001,False,None,0.0
11,11_scenario_8,A skyblue BoxTruck is driving ahead (near) of the ego vehicle and switching lane.,1.29661,3.846172,4.98,False,None,0.0
11,11_scenario_9,A skyblue SchoolBus is driving ahead (far) of the ego vehicle and switching lane.,2.390335,22.184465,2.08,False,None,0.0
11,11_scenario_10,A yellow SUV is overtaking (near) the ego vehicle and switching lane.,2.390726,6.46174,0.82,False,None,0.0
11,11_scenario_11,A yellow Hatchback is driving ahead (near) of the ego vehicle and maintaining lane.,1.081091,3.882638,2.9,False,None,0.0
11,11_scenario_12,A yellow SchoolBus is driving from the opposite direction (near) and switching lane.,1.965763,6.880313,7.14,False,None,0.0
11,11_scenario_13,A pink Sedan is driving from the opposite direction (near) and maintaining lane.,2.397561,16.238578,4.5600000000000005,False,None,0.0
11,11_scenario_14,A yellow Hatchback is overtaking (far) the ego vehicle and switching lane.,6.77292,9.585332,3.86,False,None,0.0
11,11_scenario_15,A pink Jeep is crossing the road (near) and switching lane.,7.147164,7.92856,3.34,False,None,0.0
11,11_scenario_16,A skyblue Jeep is overtaking (far) the ego vehicle and switching lane.,2.617945,8.553121,2.7,False,None,0.0
11,11_scenario_17,A red SchoolBus is overtaking (far) the ego vehicle and switching lane.,3.785536,8.752398,1.0,False,None,0.0
11,11_scenario_18,A red SchoolBus is overtaking (far) the ego vehicle and switching lane.,1.488431,7.96889,6.04,False,None,0.0
11,11_scenario_19,A black Jeep is overtaking (near) the ego vehicle and maintaining lane.,7.924362,7.950995,6.6,False,None,0.0
12,12_scenario_0,A skyblue Sedan is driving ahead (near) of the ego vehicle and switching lane.,10.588571,13.135632,6.140000000000001,False,None,0.0
12,12_scenario_1,A white Jeep is driving ahead (near) of the ego vehicle and maintaining lane.,100000.0,19.631892,2.66,False,None,0.0
12,12_scenario_2,A white Jeep is driving ahead (near) of the ego vehicle and maintaining lane.,100000.0,28.890196,2.74,False,None,0.0
12,12_scenario_3,A skyblue SUV is crossing the road (far) and maintaining lane.,2.087819,14.249803,6.16,False,None,0.0
12,12_scenario_4,A white Jeep is crossing the road (far) and maintaining lane.,1.780901,4.153084,11.42,False,None,0.0
12,12_scenario_5,A skyblue Sedan is overtaking (far) the ego vehicle and switching lane.,21.537474,7.823381,0.56,False,None,0.0
12,12_scenario_6,A white Jeep is driving ahead (near) of the ego vehicle and maintaining lane.,14.28867,13.229717,0.7,False,None,0.0
12,12_scenario_7,A pink BoxTruck is driving ahead (near) of the ego vehicle and maintaining lane.,5.359909,12.374585,10.62,False,None,0.0
12,12_scenario_8,A white Jeep is driving ahead (near) of the ego vehicle and maintaining lane.,6.417269,5.385473,10.6,False,None,0.0
12,12_scenario_9,A black SUV is crossing the road (near) and switching lane.,18.765884,3.783182,0.66,False,None,0.0
12,12_scenario_10,A skyblue Jeep is overtaking (far) the ego vehicle and switching lane.,43.896183,3.788965,2.52,False,None,0.0
12,12_scenario_11,A black SUV is driving ahead (near) of the ego vehicle and maintaining lane.,1.637523,3.936666,6.119999999999999,False,None,0.0
12,12_scenario_12,A black Jeep is driving ahead (far) of the ego vehicle and switching lane.,1.527562,3.755658,8.16,False,None,0.0
12,12_scenario_13,A black Jeep is overtaking (near) the ego vehicle and maintaining lane.,1.429768,6.319621,4.5,False,None,0.0
12,12_scenario_14,A white Jeep is driving ahead (near) of the ego vehicle and maintaining lane.,1.577835,19.407869,3.26,False,None,0.0
12,12_scenario_15,A red SchoolBus is overtaking (near) the ego vehicle and switching lane.,4.963874,7.957428,3.54,False,None,0.0
12,12_scenario_16,A skyblue Jeep is driving from the opposite direction (far) and maintaining lane.,1.587288,13.141165,1.18,False,None,0.0
12,12_scenario_17,A red BoxTruck is driving from the opposite direction (near) and maintaining lane.,2.046935,22.255676,0.72,False,None,0.0
12,12_scenario_18,A pedestrian is crossing the road from left to right.,10.636845,28.96902,5.9,False,None,0.0
13,13_scenario_0,A skyblue Hatchback is driving ahead (far) of the ego vehicle and maintaining lane.,100000.0,41.88203,1.86,False,None,0.0
13,13_scenario_1,A skyblue BoxTruck is driving ahead (near) of the ego vehicle and switching lane.,5.152172,45.857508,4.02,False,None,0.0
13,13_scenario_2,A yellow SchoolBus is overtaking (far) the ego vehicle and maintaining lane.,1.979323,29.597557,6.12,False,None,0.0
13,13_scenario_3,A red Hatchback is crossing the road (near) and switching lane.,2.113466,24.843465,3.26,False,None,0.0
13,13_scenario_4,A red Sedan is overtaking (near) the ego vehicle and maintaining lane.,3.703729,4.363188,0.6200000000000001,False,None,0.0
13,13_scenario_5,A red SUV is driving ahead (near) of the ego vehicle and switching lane.,1.019491,6.218476,8.899999999999999,False,None,0.0
13,13_scenario_6,A yellow SUV is overtaking (far) the ego vehicle and switching lane.,2.542794,7.956498,1.74,False,None,0.0
13,13_scenario_7,A red Jeep is overtaking (near) the ego vehicle and switching lane.,75.565285,7.785654,0.7799999999999999,False,None,0.0
13,13_scenario_8,A pink SchoolBus is driving from the opposite direction (far) and maintaining lane.,6.251874,7.624448,0.72,False,None,0.0
13,13_scenario_9,A pink BoxTruck is driving ahead (near) of the ego vehicle and maintaining lane.,2.212756,7.598324,8.16,False,None,0.0
13,13_scenario_10,A black Sedan is driving ahead (near) of the ego vehicle and maintaining lane.,8.24247,7.632197,6.34,False,None,0.0
13,13_scenario_11,A black SchoolBus is crossing the road (far) and maintaining lane.,4.429904,3.982127,5.08,False,None,0.0
13,13_scenario_12,A white BoxTruck is overtaking (far) the ego vehicle and switching lane.,1.953785,4.011619,4.22,False,None,0.0
13,13_scenario_13,A pink SUV is overtaking (far) the ego vehicle and maintaining lane.,1.254442,4.582414,3.02,False,None,0.0
13,13_scenario_14,A pink SUV is overtaking (far) the ego vehicle and maintaining lane.,5.247462,8.258115,2.48,False,None,0.0
13,13_scenario_15,A black Sedan is driving ahead (far) of the ego vehicle and maintaining lane.,1.767248,4.746721,0.78,False,None,0.0
13,13_scenario_16,A red BoxTruck is driving from the opposite direction (near) and maintaining lane.,5.605108,8.849578,5.96,False,None,0.0
14,14_scenario_0,A skyblue Jeep is overtaking (far) the ego vehicle and switching lane.,100000.0,15.751643,2.6,False,None,0.0
14,14_scenario_1,A pink BoxTruck is driving ahead (near) of the ego vehicle and maintaining lane.,100000.0,3.647761,4.54,False,None,0.0
14,14_scenario_2,A yellow Jeep is driving from the opposite direction (far) and switching lane.,0.856824,6.501876,8.72,False,None,0.0
14,14_scenario_3,A white Sedan is driving ahead (far) of the ego vehicle and switching lane.,0.663689,6.779208,11.4,False,None,0.0
14,14_scenario_4,A pink Hatchback is crossing the road (far) and maintaining lane.,7.40918,14.846652,1.5000000000000002,False,None,0.0
14,14_scenario_5,A skyblue BoxTruck is driving ahead (near) of the ego vehicle and switching lane.,2.95657,8.39325,5.44,False,None,0.0
14,14_scenario_6,A white BoxTruck is overtaking (near) the ego vehicle and switching lane.,6.047401,8.24552,8.3,False,None,0.0
14,14_scenario_7,A yellow Sedan is crossing the road (far) and switching lane.,6.227232,10.259497,0.3999999999999999,False,None,0.0
14,14_scenario_8_npc_vehicle,A white SchoolBus is driving ahead (near) of the ego vehicle and switching lane.,0.0,6.382825,8.32,True,npc_vehicle,7.13156714294309
15,15_scenario_0,A red BoxTruck is driving from the opposite direction (near) and maintaining lane.,2.652029,20.356038,7.42,False,None,0.0
15,15_scenario_1,A yellow SUV is overtaking (near) the ego vehicle and switching lane.,2.126938,3.879659,2.8600000000000003,False,None,0.0
15,15_scenario_2,A white SchoolBus is driving ahead (near) of the ego vehicle and switching lane.,4.045182,4.4383,9.3,False,None,0.0
15,15_scenario_3,A white Sedan is driving ahead (far) of the ego vehicle and switching lane.,4.363345,8.105481,4.94,False,None,0.0
15,15_scenario_4,A pedestrian is crossing the road from right to left.,9.927721,2.700329,6.78,False,None,0.0
15,15_scenario_5,A yellow Hatchback is overtaking (near) the ego vehicle and maintaining lane.,3.24292,3.471334,15.079999999999998,False,None,0.0
15,15_scenario_6,A black SUV is driving ahead (near) of the ego vehicle and maintaining lane.,16.325896,4.80892,14.5,False,None,0.0
15,15_scenario_7,A white BoxTruck is driving from the opposite direction (far) and switching lane.,5.845335,4.031207,4.640000000000001,False,None,0.0
15,15_scenario_8,A black Sedan is driving ahead (near) of the ego vehicle and maintaining lane.,4.63802,10.74213,4.1,False,None,0.0
15,15_scenario_9,A black SUV is crossing the road (near) and switching lane.,9.418575,7.819844,0.68,False,None,0.0
15,15_scenario_10,A red BoxTruck is driving ahead (far) of the ego vehicle and maintaining lane.,8.608403,10.035997,4.24,False,None,0.0
15,15_scenario_11,A red BoxTruck is driving from the opposite direction (far) and maintaining lane.,3.45473,12.786835,5.800000000000001,False,None,0.0
15,15_scenario_12,A black Jeep is overtaking (far) the ego vehicle and maintaining lane.,5.821056,24.303371,3.08,False,None,0.0
15,15_scenario_13,A white Sedan is driving ahead (far) of the ego vehicle and switching lane.,0.575708,4.70703,3.62,False,None,0.0
15,15_scenario_14,A white SchoolBus is driving ahead (far) of the ego vehicle and maintaining lane.,1.651916,31.299161,3.3800000000000003,False,None,0.0
15,15_scenario_15,A black SchoolBus is overtaking (near) the ego vehicle and maintaining lane.,12.508339,5.511243,1.18,False,None,0.0
15,15_scenario_16,A yellow Hatchback is overtaking (far) the ego vehicle and switching lane.,1.003242,10.57178,2.02,False,None,0.0
15,15_scenario_17,A white BoxTruck is overtaking (far) the ego vehicle and switching lane.,1.078185,6.653225,7.26,False,None,0.0
16,16_scenario_0,A yellow Hatchback is overtaking (far) the ego vehicle and switching lane.,100000.0,18.983894,2.36,False,None,0.0
16,16_scenario_1,A pink SUV is overtaking (far) the ego vehicle and maintaining lane.,100000.0,8.16177,4.46,False,None,0.0
16,16_scenario_2,A yellow Sedan is crossing the road (far) and switching lane.,0.707001,7.044112,3.06,False,None,0.0
16,16_scenario_3,A red BoxTruck is driving ahead (far) of the ego vehicle and maintaining lane.,0.705192,7.407876,9.72,False,None,0.0
16,16_scenario_4,A white BoxTruck is overtaking (far) the ego vehicle and switching lane.,4.383851,7.578133,1.52,False,None,0.0
16,16_scenario_5,A black Jeep is overtaking (near) the ego vehicle and maintaining lane.,25.512262,8.310767,12.4,False,None,0.0
16,16_scenario_6,A pink Sedan is driving from the opposite direction (near) and maintaining lane.,1.353094,8.044975,11.58,False,None,0.0
16,16_scenario_7,A yellow Sedan is crossing the road (far) and maintaining lane.,6.746898,7.902759,6.300000000000001,False,None,0.0
16,16_scenario_8,A black Jeep is overtaking (far) the ego vehicle and maintaining lane.,23.225031,8.859064,13.8,False,None,0.0
16,16_scenario_9,A red BoxTruck is driving from the opposite direction (near) and maintaining lane.,2.586089,11.413256,1.7799999999999998,False,None,0.0
16,16_scenario_10,A black SchoolBus is crossing the road (far) and maintaining lane.,5.305093,15.919941,0.5800000000000001,False,None,0.0
16,16_scenario_11,A black SUV is crossing the road (near) and switching lane.,10.130301,7.913836,4.62,False,None,0.0
16,16_scenario_12,A black SchoolBus is overtaking (near) the ego vehicle and maintaining lane.,3.764875,9.345492,4.02,False,None,0.0
17,17_scenario_0,A red BoxTruck is driving ahead (far) of the ego vehicle and maintaining lane.,100000.0,41.363342,2.24,False,None,0.0
17,17_scenario_1,A skyblue Jeep is overtaking (far) the ego vehicle and switching lane.,100000.0,26.456523,4.36,False,None,0.0
17,17_scenario_2,A white SchoolBus is driving ahead (far) of the ego vehicle and maintaining lane.,3.1784,10.120098,11.1,False,None,0.0
17,17_scenario_3,A white Jeep is driving ahead (near) of the ego vehicle and maintaining lane.,3.986669,6.58983,4.3,False,None,0.0
17,17_scenario_4,A red BoxTruck is overtaking (near) the ego vehicle and maintaining lane.,4.254274,4.407759,14.42,False,None,0.0
17,17_scenario_5,A pink SUV is overtaking (far) the ego vehicle and maintaining lane.,9.550599,5.160329,12.36,False,None,0.0
17,17_scenario_6,A pink BoxTruck is driving ahead (near) of the ego vehicle and maintaining lane.,1.608028,8.238842,6.06,False,None,0.0
17,17_scenario_7,A skyblue SUV is crossing the road (far) and maintaining lane.,2.121736,9.338221,0.7000000000000001,False,None,0.0
17,17_scenario_8,A yellow SUV is driving from the opposite direction (near) and switching lane.,2.360342,3.906675,11.48,False,None,0.0
17,17_scenario_9,A red BoxTruck is driving ahead (far) of the ego vehicle and maintaining lane.,1.907864,4.348107,6.26,False,None,0.0
17,17_scenario_10,A red Hatchback is crossing the road (near) and switching lane.,4.942466,13.663298,1.62,False,None,0.0
17,17_scenario_11,A black Jeep is overtaking (near) the ego vehicle and maintaining lane.,8.311223,11.653543,0.7000000000000001,False,None,0.0
17,17_scenario_12,A white BoxTruck is overtaking (near) the ego vehicle and switching lane.,4.813938,4.234069,6.64,False,None,0.0
17,17_scenario_13,A skyblue Hatchback is driving ahead (far) of the ego vehicle and maintaining lane.,1.712142,4.337738,4.42,False,None,0.0
17,17_scenario_14,A white Hatchback is driving ahead (far) of the ego vehicle and switching lane.,8.939032,24.138402,6.6,False,None,0.0
18,18_scenario_0,A white SUV is driving ahead (far) of the ego vehicle and switching lane.,100000.0,43.676791,2.52,False,None,0.0
18,18_scenario_1,A skyblue Sedan is overtaking (far) the ego vehicle and switching lane.,5.032865,26.514482,4.1,False,None,0.0
18,18_scenario_2,A black Jeep is driving ahead (far) of the ego vehicle and switching lane.,2.810979,11.976886,10.1,False,None,0.0
18,18_scenario_3,A yellow Hatchback is overtaking (far) the ego vehicle and switching lane.,5.826198,15.106529,2.72,False,None,0.0
18,18_scenario_4,A black SchoolBus is crossing the road (far) and maintaining lane.,6.345172,27.790408,0.78,False,None,0.0
18,18_scenario_5,A red Hatchback is crossing the road (near) and switching lane.,18.661371,8.002801,12.12,False,None,0.0
18,18_scenario_6,A white BoxTruck is overtaking (far) the ego vehicle and switching lane.,27.297031,8.036982,3.64,False,None,0.0
18,18_scenario_7,A pink Jeep is driving ahead (far) of the ego vehicle and maintaining lane.,87.286095,10.555867,0.96,False,None,0.0
18,18_scenario_8,A red SchoolBus is overtaking (near) the ego vehicle and switching lane.,100000.0,12.824938,2.2,False,None,0.0
18,18_scenario_9,A skyblue SchoolBus is driving ahead (far) of the ego vehicle and switching lane.,32.593145,14.230789,3.08,False,None,0.0
18,18_scenario_10,A white Hatchback is driving ahead (far) of the ego vehicle and switching lane.,30.439273,12.831283,0.5799999999999998,False,None,0.0
18,18_scenario_11,A skyblue Sedan is overtaking (far) the ego vehicle and switching lane.,5.962514,8.255979,4.82,False,None,0.0
18,18_scenario_12,A black SchoolBus is overtaking (near) the ego vehicle and maintaining lane.,3.849605,4.059727,4.88,False,None,0.0
18,18_scenario_13,A black SchoolBus is crossing the road (near) and maintaining lane.,1.578091,4.336453,2.88,False,None,0.0
18,18_scenario_14,A red SUV is driving ahead (far) of the ego vehicle and maintaining lane.,2.513362,8.67473,6.6,False,None,0.0
19,19_scenario_0,A red SchoolBus is overtaking (near) the ego vehicle and switching lane.,9.036304,13.741147,1.94,False,None,0.0
19,19_scenario_1,A red Jeep is overtaking (near) the ego vehicle and switching lane.,98.872728,14.067009,3.74,False,None,0.0
19,19_scenario_2,A pink SchoolBus is driving from the opposite direction (far) and maintaining lane.,1.339748,12.678024,7.72,False,None,0.0
19,19_scenario_3,A white SchoolBus is driving ahead (far) of the ego vehicle and maintaining lane.,1.146555,13.388832,3.3600000000000003,False,None,0.0
19,19_scenario_4,A skyblue SUV is crossing the road (far) and maintaining lane.,5.629064,23.784098,0.4800000000000002,False,None,0.0
19,19_scenario_5,A skyblue Hatchback is driving ahead (far) of the ego vehicle and maintaining lane.,16.742799,19.10885,9.86,False,None,0.0
19,19_scenario_6,A yellow SUV is overtaking (near) the ego vehicle and switching lane.,4.337498,12.281144,13.28,False,None,0.0
19,19_scenario_7,A black SUV is crossing the road (near) and switching lane.,11.161037,8.570468,1.54,False,None,0.0
19,19_scenario_8,A red SchoolBus is overtaking (near) the ego vehicle and switching lane.,74.736682,5.982616,0.8999999999999999,False,None,0.0
19,19_scenario_9,A white Sedan is driving ahead (far) of the ego vehicle and switching lane.,43.378231,4.416971,4.76,False,None,0.0
19,19_scenario_10,A skyblue Hatchback is driving ahead (far) of the ego vehicle and maintaining lane.,42.426668,3.710839,0.3599999999999999,False,None,0.0
19,19_scenario_11,A yellow SchoolBus is overtaking (far) the ego vehicle and maintaining lane.,10.226605,5.120428,3.78,False,None,0.0
19,19_scenario_12,A pink Jeep is crossing the road (near) and switching lane.,2.037952,4.082044,4.46,False,None,0.0
19,19_scenario_13,A pink SchoolBus is crossing the road (near) and switching lane.,1.632786,5.401261,0.98,False,None,0.0
19,19_scenario_14,A yellow Sedan is overtaking (near) the ego vehicle and switching lane.,3.285341,11.138695,6.46,False,None,0.0
