Execution,ScenarioID,Configuration_API_Description,Attribute[TTC],Attribute[DTO],Attribute[Jerk],Attribute[COL],Attribute[COLT],Attribute[SAC]
0,0_scenario_0,A pink BoxTruck is crossing the road (near) and switching lane.,100000.0,15.231615,3.64,False,None,0.0
0,0_scenario_1,A red SUV is driving ahead (far) of the ego vehicle and maintaining lane.,100000.0,13.508811,3.7,False,None,0.0
0,0_scenario_2,A white SchoolBus is driving from the opposite direction (far) and switching lane.,3.323501,13.308185,10.9,False,None,0.0
0,0_scenario_3,A red Jeep is overtaking (near) the ego vehicle and switching lane.,2.632796,18.001978,7.899999999999999,False,None,0.0
0,0_scenario_4,A pink Jeep is driving ahead (far) of the ego vehicle and maintaining lane.,12.386062,28.806954,0.4400000000000001,False,None,0.0
0,0_scenario_5,A red SchoolBus is overtaking (far) the ego vehicle and switching lane.,10.754942,33.072,14.0,False,None,0.0
0,0_scenario_6,A black Jeep is overtaking (far) the ego vehicle and maintaining lane.,9.324862,28.156878,13.260000000000002,False,None,0.0
0,0_scenario_7,A red BoxTruck is driving ahead (far) of the ego vehicle and maintaining lane.,12.002374,21.202197,8.84,False,None,0.0
0,0_scenario_8,A red Jeep is overtaking (near) the ego vehicle and switching lane.,3.315884,6.781635,0.6600000000000001,False,None,0.0
0,0_scenario_9,A white Jeep is driving ahead (near) of the ego vehicle and maintaining lane.,2.170497,6.025564,1.94,False,None,0.0
0,0_scenario_10,A yellow Hatchback is overtaking (near) the ego vehicle and maintaining lane.,0.868114,6.180442,4.86,False,None,0.0
0,0_scenario_11,A black Jeep is overtaking (far) the ego vehicle and maintaining lane.,0.621606,3.639836,8.66,False,None,0.0
0,0_scenario_12,A red SUV is driving ahead (far) of the ego vehicle and maintaining lane.,0.648601,3.827548,4.18,False,None,0.0
0,0_scenario_13,A red Hatchback is crossing the road (near) and switching lane.,2.51263,8.341635,2.92,False,None,0.0
0,0_scenario_14,A white Jeep is driving ahead (near) of the ego vehicle and maintaining lane.,1.684326,12.190959,1.08,False,None,0.0
0,0_scenario_15,A red BoxTruck is driving ahead (far) of the ego vehicle and maintaining lane.,3.257824,21.80417,0.4600000000000001,False,None,0.0
0,0_scenario_16,A red BoxTruck is overtaking (near) the ego vehicle and maintaining lane.,1.837479,3.072928,6.22,False,None,0.0
1,1_scenario_0,A yellow BoxTruck is overtaking (far) the ego vehicle and maintaining lane.,100000.0,16.16221,3.4200000000000004,False,None,0.0
1,1_scenario_1_npc_vehicle,A pedestrian is crossing the road from left to right.,0.0,3.915629,5.44,True,npc_vehicle,0.9540601065993268
2,2_scenario_0,A yellow Sedan is driving from the opposite direction (near) and switching lane.,12.167418,20.185842,5.08,False,None,0.0
2,2_scenario_1,A red SUV is crossing the road (near) and maintaining lane.,100000.0,11.51105,9.68,False,None,0.0
2,2_scenario_2,A yellow Hatchback is overtaking (near) the ego vehicle and maintaining lane.,1.194357,7.462301,5.32,False,None,0.0
2,2_scenario_3,A yellow Sedan is overtaking (near) the ego vehicle and switching lane.,0.689017,6.618463,9.1,False,None,0.0
2,2_scenario_4,A white SchoolBus is driving ahead (near) of the ego vehicle and switching lane.,2.333715,8.158067,1.82,False,None,0.0
2,2_scenario_5,A skyblue SchoolBus is driving ahead (far) of the ego vehicle and switching lane.,1.845762,7.587933,0.5599999999999999,False,None,0.0
2,2_scenario_6,A pink Jeep is driving ahead (far) of the ego vehicle and maintaining lane.,4.580259,8.01793,15.48,False,None,0.0
2,2_scenario_7,A yellow SchoolBus is driving from the opposite direction (near) and switching lane.,1.791041,8.048571,7.1,False,None,0.0
2,2_scenario_8,A skyblue Jeep is overtaking (far) the ego vehicle and switching lane.,4.633188,8.600125,2.54,False,None,0.0
2,2_scenario_9,A skyblue Hatchback is driving ahead (far) of the ego vehicle and maintaining lane.,7.189109,8.529787,0.4199999999999999,False,None,0.0
2,2_scenario_10,A yellow SchoolBus is overtaking (far) the ego vehicle and maintaining lane.,11.871404,8.535367,2.3,False,None,0.0
2,2_scenario_11,A black Jeep is overtaking (far) the ego vehicle and maintaining lane.,14.878465,8.535007,3.16,False,None,0.0
2,2_scenario_12,A red SUV is overtaking (near) the ego vehicle and maintaining lane.,5.759269,8.52945,4.1,False,None,0.0
2,2_scenario_13,A red BoxTruck is overtaking (near) the ego vehicle and maintaining lane.,5.729141,8.512616,4.32,False,None,0.0
2,2_scenario_14,A red SchoolBus is overtaking (far) the ego vehicle and switching lane.,16.270369,8.52518,3.5,False,None,0.0
2,2_scenario_15,A black Jeep is driving ahead (near) of the ego vehicle and switching lane.,2.209185,8.526157,0.78,False,None,0.0
2,2_scenario_16,A pink Hatchback is driving ahead (near) of the ego vehicle and switching lane.,2.47977,8.462099,6.42,False,None,0.0
3,3_scenario_0,A black SchoolBus is overtaking (near) the ego vehicle and maintaining lane.,100000.0,4.609111,10.5,False,None,0.0
3,3_scenario_1,A white BoxTruck is overtaking (far) the ego vehicle and switching lane.,1.30249,11.147735,15.34,False,None,0.0
3,3_scenario_2,A yellow SUV is driving from the opposite direction (near) and switching lane.,2.208762,6.846284,2.4399999999999995,False,None,0.0
3,3_scenario_3_npc_vehicle,A white Sedan is driving ahead (far) of the ego vehicle and switching lane.,0.0,3.691902,16.64,True,npc_vehicle,3.4018063785379784
4,4_scenario_0,A black SchoolBus is crossing the road (far) and maintaining lane.,100000.0,17.8369,3.34,False,None,0.0
4,4_scenario_1,A black SchoolBus is crossing the road (near) and maintaining lane.,2.039724,6.528721,2.84,False,None,0.0
4,4_scenario_2,A black Sedan is driving ahead (far) of the ego vehicle and maintaining lane.,1.487961,8.811669,5.64,False,None,0.0
4,4_scenario_3,A white SUV is driving ahead (far) of the ego vehicle and switching lane.,7.495251,35.285982,12.16,False,None,0.0
4,4_scenario_4,A white SchoolBus is driving from the opposite direction (far) and switching lane.,20.727942,40.70676,1.34,False,None,0.0
4,4_scenario_5,A skyblue Jeep is driving from the opposite direction (far) and maintaining lane.,2.603487,30.049071,0.6599999999999999,False,None,0.0
4,4_scenario_6,A red SchoolBus is overtaking (far) the ego vehicle and switching lane.,2.205852,29.223247,13.88,False,None,0.0
4,4_scenario_7,A yellow SchoolBus is overtaking (far) the ego vehicle and maintaining lane.,20.711983,26.569124,12.6,False,None,0.0
4,4_scenario_8,A yellow SUV is driving from the opposite direction (near) and switching lane.,2.378908,15.644995,10.16,False,None,0.0
4,4_scenario_9,A white SUV is driving ahead (far) of the ego vehicle and switching lane.,2.901475,7.185843,5.92,False,None,0.0
4,4_scenario_10,A black Jeep is driving ahead (far) of the ego vehicle and switching lane.,10.957042,3.787191,5.859999999999999,False,None,0.0
4,4_scenario_11,A yellow Hatchback is overtaking (far) the ego vehicle and switching lane.,1.517994,6.163916,4.700000000000001,False,None,0.0
4,4_scenario_12,A red BoxTruck is driving ahead (far) of the ego vehicle and maintaining lane.,5.623319,7.264094,3.9,False,None,0.0
4,4_scenario_13,A pedestrian is crossing the road from left to right.,1.402732,13.996127,4.32,False,None,0.0
4,4_scenario_14,A skyblue SUV is crossing the road (far) and maintaining lane.,5.967616,7.431689,5.04,False,None,0.0
4,4_scenario_15,A red Hatchback is crossing the road (far) and switching lane.,0.491395,4.059885,7.02,False,None,0.0
4,4_scenario_16,A pink Hatchback is crossing the road (far) and maintaining lane.,1.596598,2.742727,4.220000000000001,False,None,0.0
4,4_scenario_17,A black Sedan is driving ahead (near) of the ego vehicle and maintaining lane.,2.585445,4.322121,3.24,False,None,0.0
4,4_scenario_18,A red BoxTruck is driving ahead (far) of the ego vehicle and switching lane.,3.821762,9.140091,1.12,False,None,0.0
4,4_scenario_19,A yellow SchoolBus is driving from the opposite direction (near) and switching lane.,2.4189,11.782284,7.2,False,None,0.0
4,4_scenario_20,A skyblue BoxTruck is driving ahead (near) of the ego vehicle and switching lane.,2.619783,13.402185,6.98,False,None,0.0
5,5_scenario_0,A yellow Hatchback is driving ahead (near) of the ego vehicle and maintaining lane.,1.418526,13.29539,2.14,False,None,0.0
5,5_scenario_1,A red BoxTruck is driving ahead (far) of the ego vehicle and maintaining lane.,1.617806,14.140071,3.28,False,None,0.0
5,5_scenario_2,A yellow Hatchback is driving ahead (near) of the ego vehicle and maintaining lane.,3.070074,15.227042,11.14,False,None,0.0
5,5_scenario_3,A red SUV is driving ahead (far) of the ego vehicle and maintaining lane.,4.864023,26.114165,4.94,False,None,0.0
5,5_scenario_4,A yellow SchoolBus is overtaking (far) the ego vehicle and maintaining lane.,11.288387,30.502543,1.34,False,None,0.0
5,5_scenario_5,A skyblue Jeep is overtaking (far) the ego vehicle and switching lane.,2.700367,15.148516,1.4,False,None,0.0
5,5_scenario_6,A red BoxTruck is overtaking (near) the ego vehicle and maintaining lane.,12.79879,4.646232,14.32,False,None,0.0
5,5_scenario_7,A skyblue SchoolBus is driving ahead (far) of the ego vehicle and switching lane.,6.306544,8.691123,12.66,False,None,0.0
5,5_scenario_8,A skyblue Hatchback is driving from the opposite direction (far) and maintaining lane.,7.977017,15.588519,0.4799999999999998,False,None,0.0
5,5_scenario_9,A black Jeep is driving ahead (far) of the ego vehicle and switching lane.,22.201465,19.302899,0.48,False,None,0.0
5,5_scenario_10,A yellow SchoolBus is overtaking (far) the ego vehicle and maintaining lane.,8.679401,21.104777,2.78,False,None,0.0
5,5_scenario_11,A skyblue Hatchback is driving ahead (far) of the ego vehicle and maintaining lane.,4.740997,9.037194,10.14,False,None,0.0
5,5_scenario_12,A skyblue Jeep is driving from the opposite direction (far) and maintaining lane.,0.783269,3.782368,6.800000000000001,False,None,0.0
5,5_scenario_13,A black Jeep is driving ahead (far) of the ego vehicle and switching lane.,2.092692,9.019986,2.98,False,None,0.0
5,5_scenario_14,A red BoxTruck is driving ahead (far) of the ego vehicle and maintaining lane.,3.051132,23.546393,3.1,False,None,0.0
5,5_scenario_15,A black SUV is driving from the opposite direction (far) and switching lane.,10.639439,45.435488,0.78,False,None,0.0
5,5_scenario_16,A skyblue Jeep is overtaking (far) the ego vehicle and switching lane.,0.955643,14.506144,5.58,False,None,0.0
6,6_scenario_0,A yellow SUV is overtaking (near) the ego vehicle and switching lane.,100000.0,5.222497,2.08,False,None,0.0
6,6_scenario_1,A black Hatchback is overtaking (near) the ego vehicle and switching lane.,12.499713,4.084787,3.44,False,None,0.0
6,6_scenario_2,A white Sedan is driving ahead (far) of the ego vehicle and switching lane.,5.457578,4.282919,7.7,False,None,0.0
6,6_scenario_3,A red BoxTruck is overtaking (near) the ego vehicle and maintaining lane.,4.836298,7.842286,9.76,False,None,0.0
6,6_scenario_4,A white SUV is driving ahead (far) of the ego vehicle and switching lane.,3.939191,10.195163,6.62,False,None,0.0
6,6_scenario_5,A red BoxTruck is driving ahead (far) of the ego vehicle and switching lane.,1.212712,3.976796,6.8,False,None,0.0
6,6_scenario_6,A black Jeep is overtaking (near) the ego vehicle and maintaining lane.,2.242878,5.957036,4.319999999999999,False,None,0.0
6,6_scenario_7,A skyblue Jeep is overtaking (far) the ego vehicle and switching lane.,1.125594,4.380323,10.8,False,None,0.0
6,6_scenario_8,A yellow Hatchback is crossing the road (near) and maintaining lane.,1.523908,14.013509,9.3,False,None,0.0
6,6_scenario_9,A white BoxTruck is overtaking (near) the ego vehicle and switching lane.,3.560918,10.276777,0.4000000000000001,False,None,0.0
6,6_scenario_10,A red SchoolBus is overtaking (far) the ego vehicle and switching lane.,6.369523,8.540645,1.58,False,None,0.0
6,6_scenario_11_npc_vehicle,A white Jeep is driving ahead (near) of the ego vehicle and maintaining lane.,0.0,4.459974,10.06,True,npc_vehicle,1.5484143676002138
7,7_scenario_0,A black SchoolBus is overtaking (near) the ego vehicle and maintaining lane.,100000.0,4.755548,7.62,False,None,0.0
7,7_scenario_1,A pink Jeep is driving ahead (far) of the ego vehicle and maintaining lane.,1.77384,11.208981,10.92,False,None,0.0
7,7_scenario_2,A red SchoolBus is overtaking (near) the ego vehicle and switching lane.,0.743727,10.539067,7.5,False,None,0.0
7,7_scenario_3,A black Sedan is driving ahead (far) of the ego vehicle and maintaining lane.,0.815413,9.222036,8.18,False,None,0.0
7,7_scenario_4,A pink BoxTruck is crossing the road (near) and switching lane.,0.899223,12.037937,4.279999999999999,False,None,0.0
7,7_scenario_5,A yellow Sedan is overtaking (near) the ego vehicle and switching lane.,2.825325,13.509865,0.3,False,None,0.0
7,7_scenario_6,A white Hatchback is driving ahead (far) of the ego vehicle and switching lane.,2.756589,11.073964,5.9,False,None,0.0
7,7_scenario_7,A black Sedan is driving ahead (near) of the ego vehicle and maintaining lane.,12.540447,12.588564,11.48,False,None,0.0
7,7_scenario_8,A white SchoolBus is driving from the opposite direction (far) and switching lane.,9.182923,9.718497,0.5999999999999999,False,None,0.0
7,7_scenario_9,A black SchoolBus is crossing the road (near) and maintaining lane.,18.900219,8.17765,0.7400000000000001,False,None,0.0
7,7_scenario_10,A yellow SUV is overtaking (far) the ego vehicle and switching lane.,16.049485,7.600549,4.24,False,None,0.0
7,7_scenario_11,A yellow Hatchback is driving ahead (near) of the ego vehicle and maintaining lane.,25.389014,7.754007,0.4599999999999999,False,None,0.0
7,7_scenario_12,A black Sedan is driving ahead (far) of the ego vehicle and maintaining lane.,2.861055,7.867272,4.359999999999999,False,None,0.0
7,7_scenario_13,A white Jeep is driving ahead (near) of the ego vehicle and maintaining lane.,2.291563,8.221992,4.06,False,None,0.0
7,7_scenario_14,A yellow Hatchback is overtaking (far) the ego vehicle and switching lane.,2.144741,11.017969,7.04,False,None,0.0
8,8_scenario_0,A yellow SchoolBus is driving from the opposite direction (near) and switching lane.,10.149146,20.489724,2.58,False,None,0.0
8,8_scenario_1,A yellow Sedan is driving from the opposite direction (near) and switching lane.,3.04766,23.989627,5.96,False,None,0.0
8,8_scenario_2,A red SchoolBus is overtaking (far) the ego vehicle and switching lane.,3.169179,18.166541,2.5,False,None,0.0
8,8_scenario_3,A white BoxTruck is overtaking (near) the ego vehicle and switching lane.,8.418261,16.241875,10.42,False,None,0.0
8,8_scenario_4,A yellow SchoolBus is overtaking (far) the ego vehicle and maintaining lane.,7.766299,19.899452,2.92,False,None,0.0
8,8_scenario_5,A skyblue Hatchback is driving ahead (far) of the ego vehicle and maintaining lane.,2.282454,29.626262,0.3599999999999999,False,None,0.0
8,8_scenario_6,A white SUV is driving ahead (far) of the ego vehicle and switching lane.,1.718133,22.475745,7.02,False,None,0.0
8,8_scenario_7,A white SchoolBus is driving ahead (near) of the ego vehicle and switching lane.,3.452297,13.971741,8.84,False,None,0.0
8,8_scenario_8,A black Jeep is overtaking (far) the ego vehicle and maintaining lane.,3.445614,7.91794,6.859999999999999,False,None,0.0
8,8_scenario_9,A black Sedan is driving ahead (far) of the ego vehicle and maintaining lane.,10.658865,11.059809,2.8200000000000003,False,None,0.0
8,8_scenario_10,A yellow SUV is driving from the opposite direction (near) and switching lane.,2.312401,11.084549,6.32,False,None,0.0
8,8_scenario_11,A black SchoolBus is overtaking (near) the ego vehicle and maintaining lane.,5.155384,11.130963,2.9,False,None,0.0
8,8_scenario_12,A yellow Hatchback is overtaking (far) the ego vehicle and switching lane.,15.730647,11.125313,4.54,False,None,0.0
8,8_scenario_13,A skyblue Jeep is overtaking (far) the ego vehicle and switching lane.,12.596722,11.079167,3.22,False,None,0.0
8,8_scenario_14,A pink SUV is crossing the road (far) and switching lane.,21.760965,4.276009,4.74,False,None,0.0
8,8_scenario_15,A pink SchoolBus is crossing the road (near) and switching lane.,0.894699,8.025104,3.4799999999999995,False,None,0.0
8,8_scenario_16,A red SchoolBus is overtaking (far) the ego vehicle and switching lane.,3.166207,11.084274,2.44,False,None,0.0
8,8_scenario_17,A pink Sedan is driving from the opposite direction (far) and switching lane.,11.820826,11.086141,0.98,False,None,0.0
8,8_scenario_18,A yellow Sedan is overtaking (near) the ego vehicle and switching lane.,6.684794,10.999906,6.24,False,None,0.0
8,8_scenario_19,A pink Hatchback is crossing the road (far) and maintaining lane.,1.07051,9.816204,6.6,False,None,0.0
9,9_scenario_0,A black Sedan is driving ahead (near) of the ego vehicle and maintaining lane.,8.065892,12.732842,4.34,False,None,0.0
9,9_scenario_1,A red SUV is driving ahead (near) of the ego vehicle and switching lane.,100000.0,18.793305,1.12,False,None,0.0
9,9_scenario_2,A white BoxTruck is overtaking (near) the ego vehicle and switching lane.,3.317652,3.850247,1.78,False,None,0.0
9,9_scenario_3_npc_vehicle,A yellow SUV is overtaking (near) the ego vehicle and switching lane.,0.0,2.635287,9.3,True,npc_vehicle,3.819863514112981
10,10_scenario_0,A red BoxTruck is driving ahead (far) of the ego vehicle and maintaining lane.,100000.0,42.122279,2.76,False,None,0.0
10,10_scenario_1,A white Jeep is crossing the road (far) and maintaining lane.,2.408368,15.265386,3.78,False,None,0.0
10,10_scenario_2,A pink SUV is overtaking (far) the ego vehicle and maintaining lane.,2.132901,6.62926,11.44,False,None,0.0
10,10_scenario_3,A yellow Sedan is overtaking (near) the ego vehicle and switching lane.,2.438123,16.57584,10.44,False,None,0.0
10,10_scenario_4,A red BoxTruck is driving ahead (far) of the ego vehicle and maintaining lane.,5.953526,24.38096,7.32,False,None,0.0
10,10_scenario_5,A pink BoxTruck is driving ahead (near) of the ego vehicle and maintaining lane.,4.847155,11.500479,6.720000000000001,False,None,0.0
10,10_scenario_6,A yellow SchoolBus is overtaking (far) the ego vehicle and maintaining lane.,1.536236,4.045069,7.1,False,None,0.0
10,10_scenario_7,A white SchoolBus is driving ahead (far) of the ego vehicle and maintaining lane.,12.02809,5.617412,12.24,False,None,0.0
10,10_scenario_8,A skyblue Jeep is overtaking (far) the ego vehicle and switching lane.,2.81877,12.990383,0.7,False,None,0.0
10,10_scenario_9,A skyblue BoxTruck is driving ahead (near) of the ego vehicle and switching lane.,17.787792,17.273665,0.3799999999999999,False,None,0.0
10,10_scenario_10,A red BoxTruck is overtaking (near) the ego vehicle and maintaining lane.,5.32556,17.806083,3.14,False,None,0.0
10,10_scenario_11,A yellow SUV is overtaking (near) the ego vehicle and switching lane.,11.719136,12.969016,0.32,False,None,0.0
10,10_scenario_12,A red SchoolBus is overtaking (far) the ego vehicle and switching lane.,5.301038,12.558544,3.32,False,None,0.0
10,10_scenario_13,A skyblue Sedan is driving ahead (near) of the ego vehicle and switching lane.,3.736482,4.116572,2.9200000000000004,False,None,0.0
10,10_scenario_14,A black SchoolBus is overtaking (near) the ego vehicle and maintaining lane.,1.575441,10.628197,4.72,False,None,0.0
11,11_scenario_0,A black Sedan is driving ahead (near) of the ego vehicle and maintaining lane.,1.651483,13.450436,4.96,False,None,0.0
11,11_scenario_1,A red SUV is overtaking (near) the ego vehicle and maintaining lane.,0.873201,4.346694,1.98,False,None,0.0
11,11_scenario_2,A red BoxTruck is driving ahead (far) of the ego vehicle and maintaining lane.,1.290914,11.665204,5.48,False,None,0.0
11,11_scenario_3,A white Jeep is driving ahead (near) of the ego vehicle and maintaining lane.,6.018937,8.951644,9.36,False,None,0.0
11,11_scenario_4,A skyblue Jeep is driving from the opposite direction (far) and maintaining lane.,15.465001,7.282173,7.72,False,None,0.0
11,11_scenario_5,A pink Jeep is driving ahead (far) of the ego vehicle and maintaining lane.,2.491802,6.977642,6.74,False,None,0.0
11,11_scenario_6,A white Sedan is driving ahead (far) of the ego vehicle and switching lane.,1.121863,9.789996,3.7,False,None,0.0
11,11_scenario_7,A black Hatchback is overtaking (near) the ego vehicle and switching lane.,2.47159,13.282815,4.68,False,None,0.0
11,11_scenario_8,A pink SUV is overtaking (far) the ego vehicle and maintaining lane.,15.205959,18.575469,0.6000000000000001,False,None,0.0
11,11_scenario_9,A white SchoolBus is driving ahead (near) of the ego vehicle and switching lane.,170.079974,15.964674,0.3,False,None,0.0
11,11_scenario_10,A yellow SUV is overtaking (far) the ego vehicle and switching lane.,13.545517,14.185742,3.46,False,None,0.0
11,11_scenario_11,A red SchoolBus is overtaking (far) the ego vehicle and switching lane.,6.642441,7.68172,4.12,False,None,0.0
11,11_scenario_12,A red SUV is overtaking (near) the ego vehicle and maintaining lane.,0.476498,4.540562,3.52,False,None,0.0
11,11_scenario_13,A pink SUV is driving from the opposite direction (far) and maintaining lane.,3.009157,9.905831,4.06,False,None,0.0
11,11_scenario_14,A skyblue SchoolBus is driving ahead (far) of the ego vehicle and switching lane.,3.372259,12.310424,1.76,False,None,0.0
11,11_scenario_15,A pink Hatchback is driving ahead (near) of the ego vehicle and switching lane.,4.546861,12.165104,4.22,False,None,0.0
11,11_scenario_16,A pedestrian is crossing the road from left to right.,3.133302,11.189566,6.58,False,None,0.0
12,12_scenario_0,A yellow Hatchback is driving ahead (near) of the ego vehicle and maintaining lane.,1.859943,13.800292,3.94,False,None,0.0
12,12_scenario_1,A black SchoolBus is overtaking (near) the ego vehicle and maintaining lane.,2.106668,5.282935,3.76,False,None,0.0
12,12_scenario_2,A red SchoolBus is overtaking (far) the ego vehicle and switching lane.,1.200585,4.052966,5.52,False,None,0.0
12,12_scenario_3,A red BoxTruck is driving ahead (far) of the ego vehicle and maintaining lane.,2.071004,14.002681,8.54,False,None,0.0
12,12_scenario_4,A yellow SUV is overtaking (far) the ego vehicle and switching lane.,9.33115,23.610304,1.14,False,None,0.0
12,12_scenario_5,A black Jeep is driving ahead (near) of the ego vehicle and switching lane.,1.602601,4.774896,8.68,False,None,0.0
12,12_scenario_6,A black SchoolBus is overtaking (near) the ego vehicle and maintaining lane.,2.142704,3.949071,7.720000000000001,False,None,0.0
12,12_scenario_7,A red BoxTruck is driving ahead (far) of the ego vehicle and maintaining lane.,1.192802,6.432509,9.92,False,None,0.0
12,12_scenario_8,A yellow Hatchback is overtaking (far) the ego vehicle and switching lane.,2.368236,12.262953,3.06,False,None,0.0
12,12_scenario_9_npc_vehicle,A black Sedan is driving ahead (near) of the ego vehicle and maintaining lane.,0.0,3.683574,7.800000000000001,True,npc_vehicle,8.034246853047827
13,13_scenario_0,A pink Hatchback is driving ahead (near) of the ego vehicle and switching lane.,10.058411,13.16398,5.92,False,None,0.0
13,13_scenario_1,A black Sedan is driving ahead (near) of the ego vehicle and maintaining lane.,100000.0,20.139499,2.6,False,None,0.0
13,13_scenario_2,A red Hatchback is crossing the road (near) and switching lane.,3.503757,9.824057,5.200000000000001,False,None,0.0
13,13_scenario_3,A skyblue Sedan is driving ahead (near) of the ego vehicle and switching lane.,2.777992,7.375954,3.36,False,None,0.0
13,13_scenario_4,A red BoxTruck is driving ahead (far) of the ego vehicle and switching lane.,3.366523,21.024853,8.0,False,None,0.0
13,13_scenario_5,A black Jeep is overtaking (near) the ego vehicle and maintaining lane.,100000.0,6.906394,0.0,False,None,0.0
13,13_scenario_6,A yellow BoxTruck is overtaking (far) the ego vehicle and maintaining lane.,7.27281,6.549691,0.0,False,None,0.0
13,13_scenario_7,A skyblue SchoolBus is driving ahead (far) of the ego vehicle and switching lane.,100000.0,6.549691,0.0,False,None,0.0
13,13_scenario_8,A yellow Hatchback is overtaking (far) the ego vehicle and switching lane.,2.255226,6.549691,0.0,False,None,0.0
13,13_scenario_9,A black Jeep is driving ahead (far) of the ego vehicle and switching lane.,9.57684,6.549691,0.0,False,None,0.0
13,13_scenario_10,A pink SUV is crossing the road (far) and switching lane.,100000.0,6.549691,0.0,False,None,0.0
13,13_scenario_11,A red SUV is driving ahead (far) of the ego vehicle and maintaining lane.,6.604709,6.549691,0.0,False,None,0.0
13,13_scenario_12,A red BoxTruck is overtaking (near) the ego vehicle and maintaining lane.,7.044117,6.549691,0.0,False,None,0.0
13,13_scenario_13,A white SchoolBus is driving ahead (near) of the ego vehicle and switching lane.,5.919501,6.523301,0.0,False,None,0.0
14,14_scenario_0,A yellow Sedan is crossing the road (far) and switching lane.,100000.0,23.254083,3.92,False,None,0.0
14,14_scenario_1,A red SchoolBus is overtaking (far) the ego vehicle and switching lane.,100000.0,16.478634,4.0600000000000005,False,None,0.0
14,14_scenario_2,A black Jeep is driving ahead (far) of the ego vehicle and switching lane.,2.433422,8.531307,10.62,False,None,0.0
14,14_scenario_3,A black Sedan is driving ahead (far) of the ego vehicle and maintaining lane.,4.514906,9.160851,9.38,False,None,0.0
14,14_scenario_4,A red Jeep is overtaking (near) the ego vehicle and switching lane.,5.276474,18.275748,0.66,False,None,0.0
14,14_scenario_5,A yellow Hatchback is driving ahead (near) of the ego vehicle and maintaining lane.,2.240137,4.899921,11.38,False,None,0.0
14,14_scenario_6,A red SchoolBus is driving from the opposite direction (near) and maintaining lane.,1.253031,4.267732,9.9,False,None,0.0
14,14_scenario_7,A yellow Jeep is driving from the opposite direction (far) and switching lane.,2.284258,5.879872,0.32,False,None,0.0
14,14_scenario_8,A red BoxTruck is driving ahead (far) of the ego vehicle and maintaining lane.,4.459132,3.814869,8.2,False,None,0.0
14,14_scenario_9,A white Sedan is driving ahead (far) of the ego vehicle and switching lane.,1.959579,4.73116,6.06,False,None,0.0
14,14_scenario_10,A black Sedan is driving ahead (near) of the ego vehicle and maintaining lane.,3.754082,17.787341,2.62,False,None,0.0
14,14_scenario_11,A yellow Hatchback is driving ahead (near) of the ego vehicle and maintaining lane.,100000.0,5.940853,0.78,False,None,0.0
14,14_scenario_12,A yellow Hatchback is overtaking (far) the ego vehicle and switching lane.,1.998598,5.703819,4.960000000000001,False,None,0.0
14,14_scenario_13,A black Jeep is driving ahead (far) of the ego vehicle and switching lane.,2.296275,8.533327,6.06,False,None,0.0
15,15_scenario_0,A red BoxTruck is driving ahead (far) of the ego vehicle and switching lane.,100000.0,43.77644,4.46,False,None,0.0
15,15_scenario_1,A yellow Sedan is driving from the opposite direction (near) and switching lane.,1.821847,22.912231,4.640000000000001,False,None,0.0
15,15_scenario_2,A white SchoolBus is driving ahead (near) of the ego vehicle and switching lane.,2.50418,8.385678,6.18,False,None,0.0
15,15_scenario_3,A black Sedan is driving ahead (near) of the ego vehicle and maintaining lane.,6.396281,7.22086,2.18,False,None,0.0
15,15_scenario_4,A red SchoolBus is overtaking (far) the ego vehicle and switching lane.,4.9295,4.062144,3.92,False,None,0.0
15,15_scenario_5,A pink Jeep is driving ahead (far) of the ego vehicle and maintaining lane.,24.511991,4.373436,5.44,False,None,0.0
15,15_scenario_6,A red BoxTruck is driving from the opposite direction (far) and maintaining lane.,20.757,4.071593,9.44,False,None,0.0
15,15_scenario_7,A pink Sedan is driving from the opposite direction (far) and maintaining lane.,11.511128,4.486153,0.5399999999999999,False,None,0.0
15,15_scenario_8,A red SUV is driving ahead (near) of the ego vehicle and switching lane.,1.505742,3.878348,13.14,False,None,0.0
15,15_scenario_9,A yellow Hatchback is driving ahead (near) of the ego vehicle and maintaining lane.,3.254747,6.81797,4.96,False,None,0.0
15,15_scenario_10,A red SUV is driving ahead (far) of the ego vehicle and maintaining lane.,16.396616,5.665959,0.8199999999999998,False,None,0.0
15,15_scenario_11,A black SchoolBus is driving ahead (near) of the ego vehicle and maintaining lane.,1.99385,5.504775,6.08,False,None,0.0
15,15_scenario_12,A yellow SchoolBus is overtaking (far) the ego vehicle and maintaining lane.,1.511262,3.870573,6.24,False,None,0.0
15,15_scenario_13,A white Sedan is driving ahead (far) of the ego vehicle and switching lane.,0.880386,5.096939,5.28,False,None,0.0
15,15_scenario_14,A red SUV is driving ahead (far) of the ego vehicle and maintaining lane.,6.0134,33.351573,5.62,False,None,0.0
16,16_scenario_0,A white SchoolBus is driving ahead (near) of the ego vehicle and switching lane.,19.819974,15.708538,6.720000000000001,False,None,0.0
16,16_scenario_1,A yellow Sedan is overtaking (far) the ego vehicle and maintaining lane.,1.577661,15.827569,3.1,False,None,0.0
16,16_scenario_2,A white SchoolBus is driving ahead (near) of the ego vehicle and switching lane.,1.30493,6.879881,4.6,False,None,0.0
16,16_scenario_3,A pink Sedan is driving from the opposite direction (far) and switching lane.,3.530157,9.744563,3.54,False,None,0.0
16,16_scenario_4,A red BoxTruck is driving ahead (far) of the ego vehicle and maintaining lane.,13.010198,11.611851,2.62,False,None,0.0
16,16_scenario_5,A yellow Hatchback is crossing the road (near) and maintaining lane.,2.540455,4.094759,5.960000000000001,False,None,0.0
16,16_scenario_6,A white SchoolBus is driving ahead (near) of the ego vehicle and switching lane.,2.148698,3.768919,5.859999999999999,False,None,0.0
16,16_scenario_7,A black SchoolBus is driving ahead (near) of the ego vehicle and maintaining lane.,2.199501,4.551524,12.22,False,None,0.0
16,16_scenario_8,A red BoxTruck is driving ahead (far) of the ego vehicle and switching lane.,4.308488,3.960209,5.5,False,None,0.0
16,16_scenario_9,A yellow BoxTruck is overtaking (far) the ego vehicle and maintaining lane.,4.545445,13.283046,2.2,False,None,0.0
16,16_scenario_10,A yellow Hatchback is overtaking (far) the ego vehicle and switching lane.,8.158828,14.310026,0.72,False,None,0.0
16,16_scenario_11,A skyblue Jeep is overtaking (far) the ego vehicle and switching lane.,12.80148,7.903887,0.7799999999999999,False,None,0.0
16,16_scenario_12,A white SUV is driving ahead (far) of the ego vehicle and switching lane.,9.432272,13.708342,3.54,False,None,0.0
16,16_scenario_13,A red SUV is driving ahead (near) of the ego vehicle and switching lane.,4.533335,10.420025,5.359999999999999,False,None,0.0
16,16_scenario_14,A white Hatchback is overtaking (far) the ego vehicle and maintaining lane.,3.485804,10.208715,5.48,False,None,0.0
16,16_scenario_15,A pedestrian is crossing the road from right to left.,0.495712,3.650976,2.62,False,None,0.0
16,16_scenario_16,A white SchoolBus is driving ahead (far) of the ego vehicle and maintaining lane.,6.754871,9.297706,0.74,False,None,0.0
16,16_scenario_17,A black SchoolBus is driving ahead (near) of the ego vehicle and maintaining lane.,2.319651,8.859921,4.74,False,None,0.0
17,17_scenario_0,A black Sedan is driving ahead (far) of the ego vehicle and maintaining lane.,100000.0,25.6075,3.3400000000000003,False,None,0.0
17,17_scenario_1,A pink SUV is overtaking (far) the ego vehicle and maintaining lane.,2.885474,22.647282,3.98,False,None,0.0
17,17_scenario_2,A black Jeep is driving ahead (far) of the ego vehicle and switching lane.,0.962683,6.733764,7.0200000000000005,False,None,0.0
17,17_scenario_3,A white SchoolBus is crossing the road (far) and switching lane.,0.837891,9.124135,3.3600000000000003,False,None,0.0
17,17_scenario_4,A skyblue SUV is driving from the opposite direction (near) and maintaining lane.,2.894991,16.765608,4.82,False,None,0.0
17,17_scenario_5,A red BoxTruck is driving from the opposite direction (near) and maintaining lane.,1.743529,8.084514,13.38,False,None,0.0
17,17_scenario_6,A black SUV is crossing the road (near) and switching lane.,2.282708,9.74439,3.48,False,None,0.0
17,17_scenario_7,A pink SUV is driving from the opposite direction (far) and maintaining lane.,2.611412,13.105154,0.4600000000000001,False,None,0.0
17,17_scenario_8,A white SchoolBus is crossing the road (far) and switching lane.,5.885571,11.449304,0.6000000000000001,False,None,0.0
17,17_scenario_9,A skyblue Sedan is overtaking (far) the ego vehicle and switching lane.,8.175214,8.601969,3.9,False,None,0.0
17,17_scenario_10,A white Sedan is driving ahead (far) of the ego vehicle and switching lane.,0.885801,3.681361,0.4599999999999999,False,None,0.0
17,17_scenario_11,A skyblue Jeep is overtaking (far) the ego vehicle and switching lane.,1.296499,7.628527,4.44,False,None,0.0
17,17_scenario_12,A white SchoolBus is driving ahead (far) of the ego vehicle and maintaining lane.,9.845208,7.772985,4.9,False,None,0.0
17,17_scenario_13,A white SUV is driving ahead (far) of the ego vehicle and switching lane.,2.934819,8.149521,4.94,False,None,0.0
18,18_scenario_0,A yellow Sedan is crossing the road (far) and maintaining lane.,100000.0,19.084741,4.279999999999999,False,None,0.0
18,18_scenario_1,A white Jeep is crossing the road (far) and maintaining lane.,2.152723,16.801412,6.34,False,None,0.0
18,18_scenario_2,A red SchoolBus is overtaking (near) the ego vehicle and switching lane.,0.796291,8.993261,10.3,False,None,0.0
18,18_scenario_3,A white Hatchback is driving ahead (far) of the ego vehicle and switching lane.,0.83907,9.39019,14.420000000000002,False,None,0.0
18,18_scenario_4,A red Hatchback is crossing the road (far) and switching lane.,4.112474,18.281804,0.7199999999999999,False,None,0.0
18,18_scenario_5,A yellow BoxTruck is overtaking (far) the ego vehicle and maintaining lane.,2.524316,16.675939,12.34,False,None,0.0
18,18_scenario_6,A pink SchoolBus is driving from the opposite direction (far) and maintaining lane.,4.236388,12.034257,11.38,False,None,0.0
18,18_scenario_7,A white SchoolBus is driving ahead (far) of the ego vehicle and maintaining lane.,2.193125,12.456615,2.74,False,None,0.0
18,18_scenario_8,A white SchoolBus is driving ahead (far) of the ego vehicle and maintaining lane.,7.009167,11.125137,0.6000000000000001,False,None,0.0
18,18_scenario_9,A skyblue SUV is crossing the road (far) and maintaining lane.,6.842452,11.13028,3.6,False,None,0.0
18,18_scenario_10,A skyblue SchoolBus is driving ahead (far) of the ego vehicle and switching lane.,21.252582,10.585994,0.6599999999999999,False,None,0.0
18,18_scenario_11,A yellow SUV is overtaking (near) the ego vehicle and switching lane.,1.43718,3.807768,2.4400000000000004,False,None,0.0
18,18_scenario_12,A red BoxTruck is driving ahead (far) of the ego vehicle and switching lane.,2.375985,7.93386,3.06,False,None,0.0
18,18_scenario_13,A black Jeep is overtaking (near) the ego vehicle and maintaining lane.,2.683264,11.019931,4.74,False,None,0.0
19,19_scenario_0,A yellow Jeep is driving from the opposite direction (far) and switching lane.,100000.0,44.107978,2.62,False,None,0.0
19,19_scenario_1,A black Sedan is driving ahead (far) of the ego vehicle and maintaining lane.,100000.0,12.180376,3.78,False,None,0.0
19,19_scenario_2,A black Sedan is driving ahead (far) of the ego vehicle and maintaining lane.,3.524211,10.518476,10.04,False,None,0.0
19,19_scenario_3,A yellow Sedan is overtaking (far) the ego vehicle and maintaining lane.,6.844602,14.324415,6.78,False,None,0.0
19,19_scenario_4,A black Jeep is overtaking (near) the ego vehicle and maintaining lane.,3.106044,8.723681,0.7000000000000001,False,None,0.0
19,19_scenario_5,A pink SUV is overtaking (far) the ego vehicle and maintaining lane.,1.389607,6.507693,13.28,False,None,0.0
19,19_scenario_6,A white BoxTruck is overtaking (near) the ego vehicle and switching lane.,2.751509,9.506733,6.619999999999999,False,None,0.0
19,19_scenario_7,A red Sedan is overtaking (near) the ego vehicle and maintaining lane.,2.862199,13.474485,4.88,False,None,0.0
19,19_scenario_8,A black Sedan is driving ahead (far) of the ego vehicle and maintaining lane.,3.149527,16.953992,2.3999999999999995,False,None,0.0
19,19_scenario_9,A yellow Sedan is crossing the road (far) and maintaining lane.,5.649358,16.011226,0.5399999999999999,False,None,0.0
19,19_scenario_10,A yellow SUV is overtaking (near) the ego vehicle and switching lane.,8.374217,4.061443,1.14,False,None,0.0
19,19_scenario_11,A pink SUV is crossing the road (far) and switching lane.,1.448605,7.337485,6.22,False,None,0.0
19,19_scenario_12,A pink Jeep is driving ahead (far) of the ego vehicle and maintaining lane.,1.674635,8.07181,4.34,False,None,0.0
19,19_scenario_13,A pink Jeep is crossing the road (near) and switching lane.,2.08475,8.101952,3.7,False,None,0.0
19,19_scenario_14,A white Sedan is driving ahead (far) of the ego vehicle and switching lane.,1.469253,9.866614,2.5,False,None,0.0
19,19_scenario_15,A yellow BoxTruck is overtaking (far) the ego vehicle and maintaining lane.,13.269876,9.494392,0.9,False,None,0.0
19,19_scenario_16,A pink Jeep is driving ahead (far) of the ego vehicle and maintaining lane.,0.909421,4.270305,4.86,False,None,0.0
