Execution,ScenarioID,Configuration_API_Description,Attribute[TTC],Attribute[DTO],Attribute[Jerk],Attribute[COL],Attribute[COLT],Attribute[SAC]
0,0_scenario_0,A white SchoolBus is driving ahead (far) of the ego vehicle and maintaining lane.,100000.0,50.176354,2.44,False,None,0.0
0,0_scenario_1,A black Hatchback is overtaking (near) the ego vehicle and switching lane.,100000.0,6.499081,5.5,False,None,0.0
0,0_scenario_2,A red BoxTruck is driving ahead (far) of the ego vehicle and switching lane.,100000.0,4.853055,6.16,False,None,0.0
0,0_scenario_3,A skyblue SUV is driving from the opposite direction (near) and maintaining lane.,0.965073,3.051532,6.319999999999999,False,None,0.0
0,0_scenario_4,A red BoxTruck is overtaking (near) the ego vehicle and maintaining lane.,3.241348,34.102008,5.36,False,None,0.0
0,0_scenario_5,A skyblue Jeep is overtaking (far) the ego vehicle and switching lane.,3.491035,33.406516,2.56,False,None,0.0
0,0_scenario_6,A white BoxTruck is overtaking (near) the ego vehicle and switching lane.,2.290448,17.916137,6.22,False,None,0.0
0,0_scenario_7,A white BoxTruck is overtaking (near) the ego vehicle and switching lane.,5.257353,20.468799,3.32,False,None,0.0
0,0_scenario_8,A red Hatchback is crossing the road (near) and switching lane.,1.587025,14.309363,5.28,False,None,0.0
0,0_scenario_9,A red BoxTruck is driving from the opposite direction (near) and maintaining lane.,2.10083,20.955639,2.78,False,None,0.0
0,0_scenario_10,A pink SchoolBus is crossing the road (near) and switching lane.,1.774071,16.305649,2.76,False,None,0.0
0,0_scenario_11,A black Jeep is driving ahead (far) of the ego vehicle and switching lane.,6.617839,55.739951,2.72,False,None,0.0
0,0_scenario_12,A white Sedan is driving ahead (far) of the ego vehicle and switching lane.,8.571302,49.953925,4.84,False,None,0.0
1,1_scenario_0,A black Jeep is driving ahead (near) of the ego vehicle and switching lane.,2.048037,12.956201,3.58,False,None,0.0
1,1_scenario_1,A white Jeep is driving ahead (near) of the ego vehicle and maintaining lane.,100000.0,11.347629,2.5,False,None,0.0
1,1_scenario_2,A yellow Sedan is driving from the opposite direction (near) and switching lane.,8.285884,19.342615,5.98,False,None,0.0
1,1_scenario_3,A black Jeep is overtaking (far) the ego vehicle and maintaining lane.,1.22234,27.115907,5.36,False,None,0.0
1,1_scenario_4,A white Jeep is crossing the road (far) and maintaining lane.,2.334582,6.026444,4.0,False,None,0.0
1,1_scenario_5,A yellow Hatchback is driving ahead (near) of the ego vehicle and maintaining lane.,100000.0,8.242944,5.579999999999999,False,None,0.0
1,1_scenario_6,A yellow Sedan is crossing the road (far) and switching lane.,2.329461,8.270306,2.44,False,None,0.0
1,1_scenario_7,A black Sedan is driving ahead (near) of the ego vehicle and maintaining lane.,0.817792,8.920882,5.52,False,None,0.0
1,1_scenario_8,A black Jeep is driving ahead (far) of the ego vehicle and switching lane.,0.739303,8.56705,6.18,False,None,0.0
1,1_scenario_9,A black Sedan is driving ahead (far) of the ego vehicle and maintaining lane.,6.443981,14.025077,4.34,False,None,0.0
1,1_scenario_10,A skyblue SUV is driving from the opposite direction (near) and maintaining lane.,2.212383,8.447948,5.16,False,None,0.0
1,1_scenario_11,A red SchoolBus is overtaking (far) the ego vehicle and switching lane.,9.354126,8.480345,4.22,False,None,0.0
1,1_scenario_12,A red BoxTruck is driving from the opposite direction (far) and maintaining lane.,5.719896,8.532835,2.16,False,None,0.0
1,1_scenario_13,A black Jeep is overtaking (near) the ego vehicle and maintaining lane.,8.874798,8.530014,0.78,False,None,0.0
1,1_scenario_14,A yellow Hatchback is overtaking (near) the ego vehicle and maintaining lane.,10.556835,8.434838,7.08,False,None,0.0
2,2_scenario_0,A skyblue Sedan is driving ahead (near) of the ego vehicle and switching lane.,1.634146,12.846433,12.82,False,None,0.0
2,2_scenario_1,A pink SUV is crossing the road (far) and switching lane.,4.28998,22.628032,3.52,False,None,0.0
2,2_scenario_2,A pink Jeep is driving ahead (far) of the ego vehicle and maintaining lane.,8.815141,27.513609,6.640000000000001,False,None,0.0
2,2_scenario_3,A red SchoolBus is overtaking (far) the ego vehicle and switching lane.,3.088179,30.184074,4.76,False,None,0.0
2,2_scenario_4,A black Sedan is driving ahead (far) of the ego vehicle and maintaining lane.,2.943779,3.712186,6.159999999999999,False,None,0.0
2,2_scenario_5,A yellow SUV is overtaking (near) the ego vehicle and switching lane.,3.069606,3.472361,3.58,False,None,0.0
2,2_scenario_6,A red Sedan is overtaking (near) the ego vehicle and maintaining lane.,1.300308,5.278041,5.539999999999999,False,None,0.0
2,2_scenario_7,A skyblue SUV is crossing the road (far) and maintaining lane.,1.203724,12.844765,9.32,False,None,0.0
2,2_scenario_8,A black Sedan is driving ahead (near) of the ego vehicle and maintaining lane.,2.002904,7.091722,6.02,False,None,0.0
2,2_scenario_9,A red BoxTruck is overtaking (near) the ego vehicle and maintaining lane.,2.040465,3.548683,4.92,False,None,0.0
2,2_scenario_10,A red SchoolBus is overtaking (far) the ego vehicle and switching lane.,0.997688,4.530197,4.98,False,None,0.0
2,2_scenario_11,A yellow Sedan is overtaking (near) the ego vehicle and switching lane.,2.435995,4.039246,2.64,False,None,0.0
2,2_scenario_12,A red SUV is driving ahead (far) of the ego vehicle and maintaining lane.,1.264794,10.582963,1.2,False,None,0.0
2,2_scenario_13,A yellow Sedan is crossing the road (far) and maintaining lane.,6.666799,61.455097,6.32,False,None,0.0
2,2_scenario_14,A red BoxTruck is driving from the opposite direction (near) and maintaining lane.,1.96433,22.522154,5.08,False,None,0.0
3,3_scenario_0,A red SchoolBus is overtaking (far) the ego vehicle and switching lane.,9.917681,41.974019,4.739999999999999,False,None,0.0
3,3_scenario_1,A yellow SUV is overtaking (far) the ego vehicle and switching lane.,100000.0,34.510125,5.16,False,None,0.0
3,3_scenario_2,A white SUV is driving ahead (far) of the ego vehicle and switching lane.,100000.0,19.107003,3.8,False,None,0.0
3,3_scenario_3,A skyblue Hatchback is driving from the opposite direction (far) and maintaining lane.,100000.0,6.016754,6.08,False,None,0.0
3,3_scenario_4,A pink SchoolBus is driving from the opposite direction (far) and maintaining lane.,100000.0,3.324459,5.42,False,None,0.0
3,3_scenario_5,A red SchoolBus is driving from the opposite direction (near) and maintaining lane.,100000.0,9.943239,6.640000000000001,False,None,0.0
3,3_scenario_6,A yellow SchoolBus is driving from the opposite direction (near) and switching lane.,100000.0,7.031104,4.94,False,None,0.0
3,3_scenario_7,A black SUV is driving from the opposite direction (far) and switching lane.,5.114763,6.975266,8.42,False,None,0.0
3,3_scenario_8,A black SUV is driving from the opposite direction (far) and switching lane.,3.556595,5.867714,5.76,False,None,0.0
3,3_scenario_9,A red BoxTruck is driving from the opposite direction (far) and maintaining lane.,1.691177,2.85606,8.28,False,None,0.0
3,3_scenario_10,A yellow Hatchback is overtaking (far) the ego vehicle and switching lane.,1.110789,7.507613,6.3,False,None,0.0
3,3_scenario_11,A skyblue Hatchback is driving ahead (far) of the ego vehicle and maintaining lane.,1.158951,7.106483,3.9,False,None,0.0
3,3_scenario_12,A pink Hatchback is crossing the road (far) and maintaining lane.,3.762183,34.966804,4.199999999999999,False,None,0.0
3,3_scenario_13,A pink Jeep is driving ahead (far) of the ego vehicle and maintaining lane.,4.845526,55.058638,3.74,False,None,0.0
3,3_scenario_14,A red BoxTruck is driving from the opposite direction (far) and maintaining lane.,4.91869,51.202149,2.92,False,None,0.0
3,3_scenario_15,A yellow SUV is driving from the opposite direction (near) and switching lane.,1.942262,20.673665,2.36,False,None,0.0
3,3_scenario_16,A pedestrian is crossing the road from left to right.,6.940279,26.471755,0.6400000000000001,False,None,0.0
3,3_scenario_17,A black SUV is driving ahead (near) of the ego vehicle and maintaining lane.,1.980895,12.586453,6.72,False,None,0.0
4,4_scenario_0,A white Jeep is driving ahead (near) of the ego vehicle and maintaining lane.,1.433218,12.208117,8.36,False,None,0.0
4,4_scenario_1,A white SchoolBus is crossing the road (far) and switching lane.,100000.0,18.237295,3.54,False,None,0.0
4,4_scenario_2,A yellow Sedan is overtaking (near) the ego vehicle and switching lane.,3.213331,6.454244,3.68,False,None,0.0
4,4_scenario_3,A pink SUV is overtaking (far) the ego vehicle and maintaining lane.,6.536409,3.520701,7.859999999999999,False,None,0.0
4,4_scenario_4,A yellow BoxTruck is overtaking (far) the ego vehicle and maintaining lane.,2.760924,13.767878,3.4399999999999995,False,None,0.0
4,4_scenario_5,A skyblue Sedan is driving ahead (near) of the ego vehicle and switching lane.,1.525571,6.840638,5.34,False,None,0.0
4,4_scenario_6,A skyblue Jeep is overtaking (far) the ego vehicle and switching lane.,2.600577,14.152736,2.16,False,None,0.0
4,4_scenario_7,A white Sedan is driving ahead (far) of the ego vehicle and switching lane.,1.723899,16.813612,8.48,False,None,0.0
4,4_scenario_8,A black SchoolBus is overtaking (near) the ego vehicle and maintaining lane.,1.65203,17.863323,1.16,False,None,0.0
4,4_scenario_9,A red BoxTruck is overtaking (near) the ego vehicle and maintaining lane.,4.214907,4.164822,5.039999999999999,False,None,0.0
4,4_scenario_10,A white Jeep is driving ahead (near) of the ego vehicle and maintaining lane.,0.657762,10.530162,7.82,False,None,0.0
5,5_scenario_0,A white SchoolBus is driving ahead (near) of the ego vehicle and switching lane.,100000.0,16.184457,3.28,False,None,0.0
5,5_scenario_1,A white BoxTruck is overtaking (near) the ego vehicle and switching lane.,100000.0,13.069131,2.5,False,None,0.0
5,5_scenario_2,A black Sedan is driving ahead (far) of the ego vehicle and maintaining lane.,11.708569,4.86274,2.58,False,None,0.0
5,5_scenario_3,A black Hatchback is overtaking (near) the ego vehicle and switching lane.,100000.0,3.323522,15.62,False,None,0.0
5,5_scenario_4,A red BoxTruck is overtaking (near) the ego vehicle and maintaining lane.,100000.0,15.787404,6.1,False,None,0.0
5,5_scenario_5,A black SchoolBus is overtaking (near) the ego vehicle and maintaining lane.,5.763522,16.537477,2.8200000000000003,False,None,0.0
5,5_scenario_6,A pink SUV is overtaking (far) the ego vehicle and maintaining lane.,4.383027,17.018755,10.48,False,None,0.0
5,5_scenario_7,A yellow Jeep is driving from the opposite direction (far) and switching lane.,2.506859,17.754927,4.4,False,None,0.0
5,5_scenario_8,A yellow SUV is overtaking (far) the ego vehicle and switching lane.,5.247103,19.857353,3.46,False,None,0.0
5,5_scenario_9,A yellow SchoolBus is overtaking (far) the ego vehicle and maintaining lane.,12.782238,4.695965,3.64,False,None,0.0
5,5_scenario_10,A yellow BoxTruck is overtaking (far) the ego vehicle and maintaining lane.,1.228994,3.828766,1.84,False,None,0.0
5,5_scenario_11,A white SchoolBus is driving ahead (far) of the ego vehicle and maintaining lane.,0.450377,8.268587,0.52,False,None,0.0
5,5_scenario_12,A red SchoolBus is overtaking (far) the ego vehicle and switching lane.,1.821486,18.212709,4.88,False,None,0.0
6,6_scenario_0,A skyblue Hatchback is driving ahead (far) of the ego vehicle and maintaining lane.,4.37828,50.421912,5.680000000000001,False,None,0.0
6,6_scenario_1,A yellow SUV is overtaking (near) the ego vehicle and switching lane.,100000.0,5.478481,10.72,False,None,0.0
6,6_scenario_2,A black SUV is crossing the road (near) and switching lane.,3.298993,2.971051,2.34,False,None,0.0
6,6_scenario_3,A skyblue Hatchback is driving ahead (far) of the ego vehicle and maintaining lane.,2.388011,5.431168,3.7,False,None,0.0
6,6_scenario_4,A yellow Hatchback is overtaking (far) the ego vehicle and switching lane.,2.108359,15.191019,5.119999999999999,False,None,0.0
6,6_scenario_5,A skyblue SUV is driving from the opposite direction (near) and maintaining lane.,4.003767,26.03827,16.5,False,None,0.0
6,6_scenario_6,A black SUV is crossing the road (near) and switching lane.,4.642591,29.182466,3.44,False,None,0.0
6,6_scenario_7,A pedestrian is crossing the road from left to right.,9.458488,33.541987,2.16,False,None,0.0
6,6_scenario_8,A red BoxTruck is overtaking (near) the ego vehicle and maintaining lane.,0.767814,4.302086,4.34,False,None,0.0
6,6_scenario_9,A yellow Hatchback is overtaking (far) the ego vehicle and switching lane.,1.210221,3.815308,4.819999999999999,False,None,0.0
6,6_scenario_10,A white BoxTruck is driving from the opposite direction (far) and switching lane.,1.662036,5.918959,2.34,False,None,0.0
6,6_scenario_11,A skyblue SUV is driving from the opposite direction (near) and maintaining lane.,2.039158,21.925275,1.56,False,None,0.0
6,6_scenario_12,A pink Jeep is driving ahead (far) of the ego vehicle and maintaining lane.,6.110409,50.200882,1.26,False,None,0.0
7,7_scenario_0,A red BoxTruck is driving from the opposite direction (near) and maintaining lane.,14.006006,7.614997,4.2,False,None,0.0
7,7_scenario_1,A pedestrian is crossing the road from left to right.,100000.0,5.998723,10.0,False,None,0.0
7,7_scenario_2_pedestrian,A yellow SchoolBus is overtaking (far) the ego vehicle and maintaining lane.,0.0,1.616758,7.680000000000001,True,pedestrian,3.068476741843243
8,8_scenario_0,A pink SUV is crossing the road (far) and switching lane.,6.657163,43.281686,3.92,False,None,0.0
8,8_scenario_1,A black SchoolBus is crossing the road (near) and maintaining lane.,100000.0,11.793954,1.52,False,None,0.0
8,8_scenario_2,A white SUV is driving ahead (far) of the ego vehicle and switching lane.,100000.0,44.582907,0.4400000000000001,False,None,0.0
8,8_scenario_3_npc_vehicle,A black SUV is driving ahead (near) of the ego vehicle and maintaining lane.,0.0,3.555431,3.22,True,npc_vehicle,6.58668447837757
9,9_scenario_0,A red SchoolBus is overtaking (near) the ego vehicle and switching lane.,0.638704,10.062861,3.64,False,None,0.0
9,9_scenario_1,A red SchoolBus is driving from the opposite direction (near) and maintaining lane.,3.791707,7.086849,14.96,False,None,0.0
9,9_scenario_2,A red SUV is driving ahead (far) of the ego vehicle and maintaining lane.,4.301939,3.002656,7.56,False,None,0.0
9,9_scenario_3_npc_vehicle,A pink Jeep is driving ahead (far) of the ego vehicle and maintaining lane.,0.0,3.359573,7.0,True,npc_vehicle,6.026491514283586
10,10_scenario_0,A black Sedan is driving ahead (far) of the ego vehicle and maintaining lane.,100000.0,49.69423,4.3,False,None,0.0
10,10_scenario_1,A red BoxTruck is driving ahead (far) of the ego vehicle and switching lane.,100000.0,49.339097,2.58,False,None,0.0
10,10_scenario_2,A red SUV is driving ahead (far) of the ego vehicle and maintaining lane.,2.63362,41.514438,0.4400000000000001,False,None,0.0
10,10_scenario_3,A yellow Hatchback is driving ahead (near) of the ego vehicle and maintaining lane.,2.551753,6.45998,7.14,False,None,0.0
10,10_scenario_4,A pink Jeep is driving ahead (far) of the ego vehicle and maintaining lane.,18.59243,13.521295,6.94,False,None,0.0
10,10_scenario_5,A pink BoxTruck is driving ahead (near) of the ego vehicle and maintaining lane.,2.2339,19.083918,2.66,False,None,0.0
10,10_scenario_6,A red SchoolBus is overtaking (far) the ego vehicle and switching lane.,1.884265,19.274041,10.92,False,None,0.0
10,10_scenario_7,A skyblue Sedan is driving ahead (near) of the ego vehicle and switching lane.,5.319651,17.879761,10.56,False,None,0.0
10,10_scenario_8,A white Hatchback is driving ahead (far) of the ego vehicle and switching lane.,4.14791,22.66188,5.62,False,None,0.0
10,10_scenario_9,A yellow Hatchback is driving ahead (near) of the ego vehicle and maintaining lane.,1.881638,8.787734,5.4,False,None,0.0
10,10_scenario_10,A white SchoolBus is driving ahead (near) of the ego vehicle and switching lane.,3.693282,25.303618,3.04,False,None,0.0
10,10_scenario_11,A yellow SchoolBus is overtaking (far) the ego vehicle and maintaining lane.,5.890093,4.700197,5.3,False,None,0.0
10,10_scenario_12,A red SUV is overtaking (near) the ego vehicle and maintaining lane.,0.460465,3.70612,2.08,False,None,0.0
10,10_scenario_13,A white BoxTruck is overtaking (near) the ego vehicle and switching lane.,3.990665,6.643018,0.5,False,None,0.0
10,10_scenario_14,A yellow SchoolBus is driving from the opposite direction (near) and switching lane.,2.222096,19.061613,5.46,False,None,0.0
10,10_scenario_15,A red Hatchback is crossing the road (far) and switching lane.,6.284038,56.815457,7.0600000000000005,False,None,0.0
11,11_scenario_0,A white SUV is driving ahead (far) of the ego vehicle and switching lane.,11.060976,51.09934,5.26,False,None,0.0
11,11_scenario_1,A black Sedan is driving ahead (far) of the ego vehicle and maintaining lane.,100000.0,37.88768,2.5,False,None,0.0
11,11_scenario_2,A yellow SUV is overtaking (far) the ego vehicle and switching lane.,17.56932,3.16582,7.42,False,None,0.0
11,11_scenario_3,A white Hatchback is overtaking (far) the ego vehicle and maintaining lane.,2.861288,13.428042,4.0,False,None,0.0
11,11_scenario_4,A pink SUV is overtaking (far) the ego vehicle and maintaining lane.,100000.0,13.020868,7.52,False,None,0.0
11,11_scenario_5,A yellow SUV is overtaking (far) the ego vehicle and switching lane.,2.996086,12.766823,1.96,False,None,0.0
11,11_scenario_6,A red SchoolBus is overtaking (far) the ego vehicle and switching lane.,1.445428,11.767094,7.24,False,None,0.0
11,11_scenario_7,A white Jeep is crossing the road (far) and maintaining lane.,1.338623,15.901616,5.2,False,None,0.0
11,11_scenario_8,A red Sedan is overtaking (near) the ego vehicle and maintaining lane.,5.464581,21.016718,3.6,False,None,0.0
11,11_scenario_9,A yellow BoxTruck is overtaking (far) the ego vehicle and maintaining lane.,8.645847,11.965343,4.7,False,None,0.0
11,11_scenario_10,A red Hatchback is driving from the opposite direction (near) and switching lane.,2.053403,9.949473,3.92,False,None,0.0
11,11_scenario_11,A red SUV is driving ahead (near) of the ego vehicle and switching lane.,3.415746,9.425323,2.18,False,None,0.0
11,11_scenario_12,A red SchoolBus is overtaking (far) the ego vehicle and switching lane.,3.679499,8.85006,6.58,False,None,0.0
11,11_scenario_13,A yellow SchoolBus is overtaking (far) the ego vehicle and maintaining lane.,1.753457,8.545147,4.32,False,None,0.0
12,12_scenario_0,A white SchoolBus is crossing the road (far) and switching lane.,6.890667,42.029015,5.02,False,None,0.0
12,12_scenario_1,A black Jeep is driving ahead (far) of the ego vehicle and switching lane.,100000.0,12.364607,6.0,False,None,0.0
12,12_scenario_2,A black Sedan is driving ahead (near) of the ego vehicle and maintaining lane.,0.532652,5.600331,7.000000000000001,False,None,0.0
12,12_scenario_3,A white SchoolBus is crossing the road (far) and switching lane.,100000.0,10.92914,4.14,False,None,0.0
12,12_scenario_4,A white Hatchback is driving ahead (far) of the ego vehicle and switching lane.,3.257018,25.761378,3.9,False,None,0.0
12,12_scenario_5,A pink Sedan is driving from the opposite direction (far) and switching lane.,12.963721,33.828377,3.64,False,None,0.0
12,12_scenario_6,A pink BoxTruck is driving ahead (near) of the ego vehicle and maintaining lane.,3.131826,23.801706,3.66,False,None,0.0
12,12_scenario_7,A yellow Hatchback is crossing the road (near) and maintaining lane.,1.966907,18.075635,17.38,False,None,0.0
12,12_scenario_8,A black SUV is crossing the road (near) and switching lane.,1.753128,18.563126,7.180000000000001,False,None,0.0
12,12_scenario_9,A black SchoolBus is crossing the road (near) and maintaining lane.,2.029762,15.708999,4.78,False,None,0.0
12,12_scenario_10,A pedestrian is crossing the road from right to left.,3.31843,11.704554,2.78,False,None,0.0
12,12_scenario_11,A pink Hatchback is crossing the road (far) and maintaining lane.,3.344825,11.097022,5.68,False,None,0.0
12,12_scenario_12,A skyblue Sedan is overtaking (far) the ego vehicle and switching lane.,8.188057,9.128063,5.6,False,None,0.0
12,12_scenario_13,A red BoxTruck is driving ahead (far) of the ego vehicle and maintaining lane.,7.054723,3.927559,3.14,False,None,0.0
12,12_scenario_14,A black SchoolBus is crossing the road (near) and maintaining lane.,1.654526,2.731669,0.9000000000000001,False,None,0.0
12,12_scenario_15,A red BoxTruck is driving ahead (far) of the ego vehicle and maintaining lane.,5.921641,3.157745,6.62,False,None,0.0
12,12_scenario_16,A white SchoolBus is driving ahead (near) of the ego vehicle and switching lane.,3.01208,4.982639,7.0,False,None,0.0
13,13_scenario_0,A yellow SUV is overtaking (far) the ego vehicle and switching lane.,2.154898,41.908122,5.42,False,None,0.0
13,13_scenario_1,A yellow BoxTruck is overtaking (far) the ego vehicle and maintaining lane.,2.054603,35.188212,1.88,False,None,0.0
13,13_scenario_2,A black SchoolBus is driving ahead (near) of the ego vehicle and maintaining lane.,1.325173,8.552251,10.08,False,None,0.0
13,13_scenario_3,A black Hatchback is overtaking (near) the ego vehicle and switching lane.,100000.0,3.24603,4.619999999999999,False,None,0.0
13,13_scenario_4,A red BoxTruck is driving ahead (far) of the ego vehicle and switching lane.,15.862768,9.506362,7.68,False,None,0.0
13,13_scenario_5,A white Jeep is driving ahead (near) of the ego vehicle and maintaining lane.,100000.0,9.210287,4.78,False,None,0.0
13,13_scenario_6,A red Hatchback is crossing the road (near) and switching lane.,5.338675,9.377981,4.62,False,None,0.0
13,13_scenario_7,A black Sedan is driving ahead (near) of the ego vehicle and maintaining lane.,2.512239,11.50439,5.92,False,None,0.0
13,13_scenario_8,A skyblue SUV is crossing the road (far) and maintaining lane.,0.85949,10.202491,6.74,False,None,0.0
13,13_scenario_9,A black Jeep is overtaking (far) the ego vehicle and maintaining lane.,2.321249,12.317304,2.42,False,None,0.0
13,13_scenario_10,A white Sedan is driving ahead (far) of the ego vehicle and switching lane.,9.679693,12.766478,4.9,False,None,0.0
13,13_scenario_11,A red SchoolBus is overtaking (near) the ego vehicle and switching lane.,8.761125,9.298286,5.22,False,None,0.0
13,13_scenario_12,A yellow Sedan is overtaking (near) the ego vehicle and switching lane.,9.69157,3.892553,3.22,False,None,0.0
13,13_scenario_13,A yellow BoxTruck is overtaking (far) the ego vehicle and maintaining lane.,0.98343,5.609299,0.88,False,None,0.0
13,13_scenario_14,A black Hatchback is overtaking (near) the ego vehicle and switching lane.,1.254,5.624877,7.1,False,None,0.0
13,13_scenario_15,A skyblue SchoolBus is driving ahead (far) of the ego vehicle and switching lane.,5.731838,8.847347,6.64,False,None,0.0
14,14_scenario_0,A red SUV is overtaking (near) the ego vehicle and maintaining lane.,100000.0,4.239919,5.46,False,None,0.0
14,14_scenario_1,A white SchoolBus is driving from the opposite direction (far) and switching lane.,100000.0,53.694144,3.04,False,None,0.0
14,14_scenario_2,A white SchoolBus is driving ahead (near) of the ego vehicle and switching lane.,15.314781,7.295256,11.48,False,None,0.0
14,14_scenario_3,A pink BoxTruck is driving ahead (near) of the ego vehicle and maintaining lane.,100000.0,5.322523,3.1,False,None,0.0
14,14_scenario_4_npc_vehicle,A skyblue BoxTruck is driving ahead (near) of the ego vehicle and switching lane.,0.0,7.776332,6.200000000000001,True,npc_vehicle,1.0363984928440733
15,15_scenario_0,A red BoxTruck is overtaking (near) the ego vehicle and maintaining lane.,100000.0,3.359789,5.74,False,None,0.0
15,15_scenario_1,A pink SchoolBus is driving from the opposite direction (far) and maintaining lane.,5.320024,7.89018,9.46,False,None,0.0
15,15_scenario_2,A black SchoolBus is overtaking (near) the ego vehicle and maintaining lane.,4.648346,9.081771,3.56,False,None,0.0
15,15_scenario_3,A skyblue Sedan is overtaking (far) the ego vehicle and switching lane.,3.329465,9.130369,0.6199999999999999,False,None,0.0
15,15_scenario_4,A red SUV is driving ahead (far) of the ego vehicle and maintaining lane.,6.982741,3.426136,11.38,False,None,0.0
15,15_scenario_5,A red BoxTruck is driving from the opposite direction (near) and maintaining lane.,1.095517,6.828527,7.46,False,None,0.0
15,15_scenario_6,A red Hatchback is crossing the road (far) and switching lane.,1.125748,12.700143,5.720000000000001,False,None,0.0
15,15_scenario_7,A black SUV is driving from the opposite direction (far) and switching lane.,4.270498,16.860148,5.34,False,None,0.0
15,15_scenario_8,A white BoxTruck is overtaking (far) the ego vehicle and switching lane.,7.564221,4.543853,5.48,False,None,0.0
15,15_scenario_9,A red BoxTruck is driving from the opposite direction (far) and maintaining lane.,2.063751,6.658235,4.62,False,None,0.0
15,15_scenario_10,A black Hatchback is overtaking (near) the ego vehicle and switching lane.,2.072754,6.452179,2.54,False,None,0.0
15,15_scenario_11,A white Hatchback is driving ahead (far) of the ego vehicle and switching lane.,1.838844,42.088645,1.18,False,None,0.0
15,15_scenario_12,A white BoxTruck is overtaking (far) the ego vehicle and switching lane.,1.098186,15.368773,7.18,False,None,0.0
15,15_scenario_13,A yellow Sedan is overtaking (near) the ego vehicle and switching lane.,1.610001,4.491709,7.0600000000000005,False,None,0.0
16,16_scenario_0,A black SchoolBus is driving ahead (near) of the ego vehicle and maintaining lane.,100000.0,15.27305,1.88,False,None,0.0
16,16_scenario_1,A white BoxTruck is overtaking (near) the ego vehicle and switching lane.,6.166155,11.17121,5.16,False,None,0.0
16,16_scenario_2,A red SchoolBus is overtaking (near) the ego vehicle and switching lane.,5.30278,11.968052,4.26,False,None,0.0
16,16_scenario_3,A red BoxTruck is driving ahead (far) of the ego vehicle and switching lane.,5.110896,3.6517,6.2,False,None,0.0
16,16_scenario_4,A white Jeep is driving ahead (near) of the ego vehicle and maintaining lane.,24.937604,4.968514,3.68,False,None,0.0
16,16_scenario_5,A white BoxTruck is overtaking (far) the ego vehicle and switching lane.,2.672043,20.710437,8.0,False,None,0.0
16,16_scenario_6,A pink Jeep is driving ahead (far) of the ego vehicle and maintaining lane.,2.480781,3.82351,2.3200000000000003,False,None,0.0
16,16_scenario_7,A red BoxTruck is driving ahead (far) of the ego vehicle and switching lane.,1.219685,8.509814,8.9,False,None,0.0
16,16_scenario_8,A white BoxTruck is overtaking (near) the ego vehicle and switching lane.,0.971415,7.969562,4.68,False,None,0.0
16,16_scenario_9,A white Jeep is driving ahead (near) of the ego vehicle and maintaining lane.,0.608727,6.974902,5.720000000000001,False,None,0.0
16,16_scenario_10,A red BoxTruck is driving from the opposite direction (far) and maintaining lane.,2.408879,8.145395,5.8,False,None,0.0
16,16_scenario_11,A red SchoolBus is driving from the opposite direction (near) and maintaining lane.,2.731044,9.033896,6.0,False,None,0.0
16,16_scenario_12,A white SchoolBus is driving ahead (far) of the ego vehicle and maintaining lane.,3.668389,27.672049,2.36,False,None,0.0
16,16_scenario_13,A skyblue Jeep is overtaking (far) the ego vehicle and switching lane.,5.442339,5.991359,0.4999999999999999,False,None,0.0
16,16_scenario_14,A yellow Hatchback is crossing the road (near) and maintaining lane.,1.856404,4.438248,6.64,False,None,0.0
17,17_scenario_0,A red SUV is crossing the road (near) and maintaining lane.,12.12113,11.355211,4.8,False,None,0.0
17,17_scenario_1,A pink Jeep is crossing the road (near) and switching lane.,14.578199,12.489709,2.48,False,None,0.0
17,17_scenario_2,A skyblue Hatchback is driving ahead (far) of the ego vehicle and maintaining lane.,100000.0,39.187381,0.5199999999999999,False,None,0.0
17,17_scenario_3,A black SchoolBus is overtaking (near) the ego vehicle and maintaining lane.,1.824946,18.464243,5.180000000000001,False,None,0.0
17,17_scenario_4,A black Sedan is driving ahead (far) of the ego vehicle and maintaining lane.,2.662434,15.886058,4.04,False,None,0.0
17,17_scenario_5,A white SUV is driving ahead (far) of the ego vehicle and switching lane.,2.245786,18.503757,9.3,False,None,0.0
17,17_scenario_6,A black Jeep is driving ahead (far) of the ego vehicle and switching lane.,0.782044,6.746314,6.72,False,None,0.0
17,17_scenario_7,A yellow Hatchback is overtaking (far) the ego vehicle and switching lane.,7.947932,28.18436,2.98,False,None,0.0
17,17_scenario_8,A black Jeep is overtaking (near) the ego vehicle and maintaining lane.,12.052009,5.141662,5.14,False,None,0.0
17,17_scenario_9,A white SchoolBus is crossing the road (far) and switching lane.,0.850828,12.422302,4.22,False,None,0.0
17,17_scenario_10,A yellow SUV is overtaking (near) the ego vehicle and switching lane.,7.850714,4.318791,2.92,False,None,0.0
17,17_scenario_11,A skyblue Hatchback is driving from the opposite direction (far) and maintaining lane.,1.641467,12.649545,1.06,False,None,0.0
17,17_scenario_12,A white SchoolBus is driving ahead (far) of the ego vehicle and maintaining lane.,4.78345,11.247237,6.22,False,None,0.0
18,18_scenario_0,A red SUV is overtaking (near) the ego vehicle and maintaining lane.,100000.0,3.822245,5.38,False,None,0.0
18,18_scenario_1,A white BoxTruck is overtaking (far) the ego vehicle and switching lane.,3.642176,23.961888,3.14,False,None,0.0
18,18_scenario_2,A red BoxTruck is driving from the opposite direction (near) and maintaining lane.,100000.0,9.277903,0.52,False,None,0.0
18,18_scenario_3,A black Hatchback is overtaking (near) the ego vehicle and switching lane.,2.867066,3.303043,5.76,False,None,0.0
18,18_scenario_4,A red SchoolBus is overtaking (far) the ego vehicle and switching lane.,2.694734,14.278884,6.62,False,None,0.0
18,18_scenario_5,A red BoxTruck is overtaking (near) the ego vehicle and maintaining lane.,2.513675,14.048936,6.46,False,None,0.0
18,18_scenario_6,A red SUV is overtaking (near) the ego vehicle and maintaining lane.,2.443759,19.531667,1.62,False,None,0.0
18,18_scenario_7,A black Jeep is overtaking (far) the ego vehicle and maintaining lane.,9.211319,41.852283,5.739999999999999,False,None,0.0
18,18_scenario_8,A black Sedan is driving ahead (near) of the ego vehicle and maintaining lane.,2.61528,11.858335,4.04,False,None,0.0
18,18_scenario_9,A red Hatchback is crossing the road (far) and switching lane.,3.288897,30.151073,2.5,False,None,0.0
18,18_scenario_10,A skyblue SchoolBus is driving ahead (far) of the ego vehicle and switching lane.,5.945606,50.292277,1.12,False,None,0.0
18,18_scenario_11,A yellow Hatchback is overtaking (near) the ego vehicle and maintaining lane.,8.864948,8.836413,4.34,False,None,0.0
19,19_scenario_0,A black SchoolBus is crossing the road (near) and maintaining lane.,100000.0,11.426659,4.64,False,None,0.0
19,19_scenario_1,A black Sedan is driving ahead (far) of the ego vehicle and maintaining lane.,3.111325,38.812232,2.28,False,None,0.0
19,19_scenario_2,A black Jeep is overtaking (far) the ego vehicle and maintaining lane.,1.234246,29.353295,2.12,False,None,0.0
19,19_scenario_3,A black Jeep is overtaking (far) the ego vehicle and maintaining lane.,2.580006,7.635905,4.16,False,None,0.0
19,19_scenario_4,A red BoxTruck is overtaking (near) the ego vehicle and maintaining lane.,1.288863,7.489129,5.42,False,None,0.0
19,19_scenario_5,A white Jeep is driving ahead (near) of the ego vehicle and maintaining lane.,2.789656,9.043892,1.82,False,None,0.0
19,19_scenario_6,A yellow BoxTruck is overtaking (far) the ego vehicle and maintaining lane.,0.805494,9.203075,5.319999999999999,False,None,0.0
19,19_scenario_7,A skyblue BoxTruck is driving ahead (near) of the ego vehicle and switching lane.,0.988306,9.003364,5.92,False,None,0.0
19,19_scenario_8,A red SchoolBus is driving from the opposite direction (near) and maintaining lane.,4.637068,8.354808,3.72,False,None,0.0
19,19_scenario_9,A pink Jeep is driving ahead (far) of the ego vehicle and maintaining lane.,5.216651,4.563776,4.0,False,None,0.0
19,19_scenario_10,A red Sedan is overtaking (near) the ego vehicle and maintaining lane.,1.980866,5.954036,3.5,False,None,0.0
19,19_scenario_11,A white Hatchback is driving ahead (far) of the ego vehicle and switching lane.,3.429389,3.712758,2.42,False,None,0.0
19,19_scenario_12,A white Jeep is driving ahead (near) of the ego vehicle and maintaining lane.,2.28945,4.895249,2.86,False,None,0.0
19,19_scenario_13,A red Hatchback is driving from the opposite direction (near) and switching lane.,2.323199,8.463146,7.18,False,None,0.0
