Execution,ScenarioID,Configuration_API_Description,Attribute[TTC],Attribute[DTO],Attribute[Jerk],Attribute[COL],Attribute[COLT],Attribute[SAC]
0,0_scenario_0,A white Jeep is driving ahead (near) of the ego vehicle and maintaining lane.,100000.0,100000.0,1.66,False,None,0.0
0,0_scenario_1,A black SUV is driving ahead (near) of the ego vehicle and maintaining lane.,0.766776,5.386042,2.1,False,None,0.0
0,0_scenario_2,A red BoxTruck is driving ahead (far) of the ego vehicle and switching lane.,100000.0,21.332426,3.26,False,None,0.0
0,0_scenario_3,A yellow SchoolBus is overtaking (far) the ego vehicle and maintaining lane.,20.559171,41.027838,3.3600000000000003,False,None,0.0
0,0_scenario_4,A pink Jeep is crossing the road (near) and switching lane.,1.306305,10.168305,10.54,False,None,0.0
0,0_scenario_5,A red BoxTruck is driving ahead (far) of the ego vehicle and switching lane.,12.044435,26.522108,4.02,False,None,0.0
0,0_scenario_6,A yellow Jeep is driving from the opposite direction (far) and switching lane.,1.819707,21.956823,5.4,False,None,0.0
0,0_scenario_7,A black SchoolBus is overtaking (near) the ego vehicle and maintaining lane.,6.031429,22.820386,1.12,False,None,0.0
0,0_scenario_8,A black Sedan is driving ahead (near) of the ego vehicle and maintaining lane.,1.385379,5.855103,10.44,False,None,0.0
0,0_scenario_9,A white BoxTruck is overtaking (far) the ego vehicle and switching lane.,3.128999,3.981901,5.2,False,None,0.0
0,0_scenario_10,A skyblue SchoolBus is driving ahead (far) of the ego vehicle and switching lane.,4.621055,6.016199,3.36,False,None,0.0
0,0_scenario_11,A white Hatchback is driving ahead (far) of the ego vehicle and switching lane.,7.072996,25.880969,1.96,False,None,0.0
0,0_scenario_12,A black SchoolBus is crossing the road (far) and maintaining lane.,6.623375,39.803702,5.18,False,None,0.0
0,0_scenario_13,A yellow SchoolBus is overtaking (far) the ego vehicle and maintaining lane.,100000.0,18.011207,4.24,False,None,0.0
0,0_scenario_14,A skyblue BoxTruck is driving ahead (near) of the ego vehicle and switching lane.,6.168308,8.086056,3.94,False,None,0.0
0,0_scenario_15,A red SchoolBus is overtaking (near) the ego vehicle and switching lane.,4.767875,4.341795,0.42,False,None,0.0
1,1_scenario_0,A black SchoolBus is overtaking (near) the ego vehicle and maintaining lane.,100000.0,8.529202,5.28,False,None,0.0
1,1_scenario_1,A yellow SchoolBus is overtaking (far) the ego vehicle and maintaining lane.,100000.0,8.447769,2.4,False,None,0.0
1,1_scenario_2,A white Sedan is driving ahead (far) of the ego vehicle and switching lane.,100000.0,10.297693,2.34,False,None,0.0
1,1_scenario_3,A black Sedan is driving ahead (far) of the ego vehicle and maintaining lane.,5.826005,13.130164,4.24,False,None,0.0
1,1_scenario_4,A pink Jeep is crossing the road (near) and switching lane.,1.378872,4.155944,6.82,False,None,0.0
1,1_scenario_5,A skyblue SUV is driving from the opposite direction (near) and maintaining lane.,9.755747,6.027132,4.12,False,None,0.0
1,1_scenario_6,A red BoxTruck is driving ahead (far) of the ego vehicle and switching lane.,5.108688,14.949399,4.42,False,None,0.0
1,1_scenario_7,A skyblue SUV is driving from the opposite direction (near) and maintaining lane.,2.627481,12.397546,2.1,False,None,0.0
1,1_scenario_8,A black SUV is driving ahead (near) of the ego vehicle and maintaining lane.,0.813852,6.758448,5.98,False,None,0.0
1,1_scenario_9,A pink Jeep is crossing the road (near) and switching lane.,1.355133,9.322854,6.539999999999999,False,None,0.0
1,1_scenario_10,A white SchoolBus is driving ahead (near) of the ego vehicle and switching lane.,3.350455,25.524824,3.04,False,None,0.0
1,1_scenario_11,A black SchoolBus is crossing the road (far) and maintaining lane.,2.783558,26.686509,5.46,False,None,0.0
1,1_scenario_12,A red Hatchback is crossing the road (far) and switching lane.,8.249699,43.703992,5.42,False,None,0.0
1,1_scenario_13,A yellow Hatchback is overtaking (near) the ego vehicle and maintaining lane.,6.997573,5.347289,3.2,False,None,0.0
1,1_scenario_14,A white Sedan is driving ahead (far) of the ego vehicle and switching lane.,100000.0,4.525277,4.64,False,None,0.0
2,2_scenario_0,A red BoxTruck is driving ahead (far) of the ego vehicle and switching lane.,12.121237,50.895245,3.48,False,None,0.0
2,2_scenario_1,A yellow Sedan is driving from the opposite direction (near) and switching lane.,20.069731,18.446245,7.2,False,None,0.0
2,2_scenario_2,A white Hatchback is driving ahead (far) of the ego vehicle and switching lane.,3.589583,39.240117,2.58,False,None,0.0
2,2_scenario_3,A white Jeep is crossing the road (far) and maintaining lane.,2.472737,25.392484,7.88,False,None,0.0
2,2_scenario_4,A red SUV is overtaking (near) the ego vehicle and maintaining lane.,3.646646,4.911515,2.68,False,None,0.0
2,2_scenario_5,A yellow Jeep is driving from the opposite direction (far) and switching lane.,43.663667,6.819148,0.3999999999999999,False,None,0.0
2,2_scenario_6,A skyblue SUV is crossing the road (far) and maintaining lane.,8.106989,8.309637,12.12,False,None,0.0
2,2_scenario_7,A yellow Hatchback is overtaking (near) the ego vehicle and maintaining lane.,3.009497,7.334622,3.32,False,None,0.0
2,2_scenario_8,A white SchoolBus is driving ahead (far) of the ego vehicle and maintaining lane.,4.350636,9.84115,3.3600000000000003,False,None,0.0
2,2_scenario_9,A yellow Hatchback is driving ahead (near) of the ego vehicle and maintaining lane.,2.778561,3.544686,6.3,False,None,0.0
2,2_scenario_10,A pink BoxTruck is driving ahead (near) of the ego vehicle and maintaining lane.,2.102964,15.642618,6.12,False,None,0.0
2,2_scenario_11,A pink Jeep is driving ahead (far) of the ego vehicle and maintaining lane.,9.227202,27.203132,7.119999999999999,False,None,0.0
2,2_scenario_12,A black Sedan is driving ahead (near) of the ego vehicle and maintaining lane.,3.959904,11.835224,4.16,False,None,0.0
2,2_scenario_13,A white SchoolBus is driving ahead (far) of the ego vehicle and maintaining lane.,2.885562,20.434504,1.92,False,None,0.0
2,2_scenario_14,A pink Jeep is driving ahead (far) of the ego vehicle and maintaining lane.,100000.0,35.843037,4.98,False,None,0.0
2,2_scenario_15,A pink SchoolBus is driving from the opposite direction (far) and maintaining lane.,100000.0,44.126862,6.04,False,None,0.0
3,3_scenario_0,A skyblue Jeep is overtaking (far) the ego vehicle and switching lane.,100000.0,30.586794,4.199999999999999,False,None,0.0
3,3_scenario_1,A red BoxTruck is overtaking (near) the ego vehicle and maintaining lane.,4.131397,23.212987,3.08,False,None,0.0
3,3_scenario_2,A pink SchoolBus is driving from the opposite direction (far) and maintaining lane.,5.567574,23.042249,0.74,False,None,0.0
3,3_scenario_3,A pedestrian is crossing the road from right to left.,6.989358,8.579601,9.48,False,None,0.0
3,3_scenario_4,A skyblue Hatchback is driving ahead (far) of the ego vehicle and maintaining lane.,2.478414,3.535829,5.58,False,None,0.0
3,3_scenario_5,A red BoxTruck is overtaking (near) the ego vehicle and maintaining lane.,4.114826,4.242647,2.22,False,None,0.0
3,3_scenario_6,A yellow Hatchback is overtaking (near) the ego vehicle and maintaining lane.,4.526408,10.151512,6.72,False,None,0.0
3,3_scenario_7,A yellow SchoolBus is overtaking (far) the ego vehicle and maintaining lane.,8.500876,8.565273,12.26,False,None,0.0
3,3_scenario_8,A white BoxTruck is driving from the opposite direction (far) and switching lane.,2.621232,3.96014,6.12,False,None,0.0
3,3_scenario_9,A white BoxTruck is overtaking (near) the ego vehicle and switching lane.,3.460264,10.693217,5.680000000000001,False,None,0.0
3,3_scenario_10,A yellow BoxTruck is overtaking (far) the ego vehicle and maintaining lane.,2.766233,9.584933,6.1000000000000005,False,None,0.0
3,3_scenario_11,A white SchoolBus is driving ahead (near) of the ego vehicle and switching lane.,5.064523,2.685365,5.52,False,None,0.0
3,3_scenario_12,A skyblue Hatchback is driving ahead (far) of the ego vehicle and maintaining lane.,2.093963,17.186949,4.28,False,None,0.0
3,3_scenario_13,A red BoxTruck is driving ahead (far) of the ego vehicle and switching lane.,100000.0,34.113738,1.02,False,None,0.0
3,3_scenario_14,A yellow Hatchback is driving ahead (near) of the ego vehicle and maintaining lane.,1.88783,11.778354,4.72,False,None,0.0
4,4_scenario_0,A pedestrian is crossing the road from left to right.,100000.0,20.80838,3.76,False,None,0.0
4,4_scenario_1,A pink Sedan is driving from the opposite direction (far) and maintaining lane.,3.736578,12.406788,4.74,False,None,0.0
4,4_scenario_2,A white Hatchback is driving ahead (far) of the ego vehicle and switching lane.,6.321443,6.047965,4.5,False,None,0.0
4,4_scenario_3,A white Jeep is driving ahead (near) of the ego vehicle and maintaining lane.,1.612278,4.184886,8.46,False,None,0.0
4,4_scenario_4,A black Sedan is driving ahead (near) of the ego vehicle and maintaining lane.,4.04766,14.164036,4.8,False,None,0.0
4,4_scenario_5,A pink Jeep is driving ahead (far) of the ego vehicle and maintaining lane.,31.781732,23.719925,1.5,False,None,0.0
4,4_scenario_6,A white Sedan is driving ahead (far) of the ego vehicle and switching lane.,7.169336,24.690837,5.2,False,None,0.0
4,4_scenario_7,A white BoxTruck is overtaking (far) the ego vehicle and switching lane.,9.672561,26.42809,2.22,False,None,0.0
4,4_scenario_8,A skyblue SUV is driving from the opposite direction (near) and maintaining lane.,2.755012,12.868685,11.14,False,None,0.0
4,4_scenario_9,A white SchoolBus is crossing the road (far) and switching lane.,4.902996,14.050579,10.76,False,None,0.0
4,4_scenario_10,A red SchoolBus is overtaking (near) the ego vehicle and switching lane.,16.526172,16.549633,9.48,False,None,0.0
4,4_scenario_11,A red SUV is driving ahead (far) of the ego vehicle and maintaining lane.,12.050047,22.156882,7.419999999999999,False,None,0.0
4,4_scenario_12,A yellow SchoolBus is overtaking (far) the ego vehicle and maintaining lane.,12.196343,22.887392,4.92,False,None,0.0
4,4_scenario_13,A black SchoolBus is crossing the road (near) and maintaining lane.,1.580686,4.011907,7.36,False,None,0.0
4,4_scenario_14,A pedestrian is crossing the road from left to right.,5.336891,35.439252,1.9,False,None,0.0
4,4_scenario_15,A yellow Sedan is crossing the road (far) and maintaining lane.,100000.0,36.047248,0.98,False,None,0.0
4,4_scenario_16,A red BoxTruck is driving ahead (far) of the ego vehicle and maintaining lane.,100000.0,36.010638,4.94,False,None,0.0
5,5_scenario_0,A white BoxTruck is overtaking (near) the ego vehicle and switching lane.,2.84113,12.650349,5.180000000000001,False,None,0.0
5,5_scenario_1,A yellow Sedan is overtaking (far) the ego vehicle and maintaining lane.,29.007115,15.760161,13.46,False,None,0.0
5,5_scenario_2,A white SUV is driving ahead (far) of the ego vehicle and switching lane.,46.496744,14.154168,1.34,False,None,0.0
5,5_scenario_3,A pink BoxTruck is driving ahead (near) of the ego vehicle and maintaining lane.,0.595658,8.298056,10.1,False,None,0.0
5,5_scenario_4,A black Hatchback is overtaking (near) the ego vehicle and switching lane.,3.460463,3.806725,8.02,False,None,0.0
5,5_scenario_5,A yellow BoxTruck is overtaking (far) the ego vehicle and maintaining lane.,10.06816,12.762977,4.36,False,None,0.0
5,5_scenario_6,A white Hatchback is overtaking (far) the ego vehicle and maintaining lane.,8.362727,11.42373,7.439999999999999,False,None,0.0
5,5_scenario_7,A white Sedan is driving ahead (far) of the ego vehicle and switching lane.,4.247638,4.488127,7.439999999999999,False,None,0.0
5,5_scenario_8,A yellow SUV is overtaking (far) the ego vehicle and switching lane.,7.072853,4.014676,7.640000000000001,False,None,0.0
5,5_scenario_9,A skyblue SchoolBus is driving ahead (far) of the ego vehicle and switching lane.,5.206191,4.15541,3.5,False,None,0.0
5,5_scenario_10,A red BoxTruck is overtaking (near) the ego vehicle and maintaining lane.,3.121185,8.177404,3.48,False,None,0.0
5,5_scenario_11,A yellow SUV is overtaking (far) the ego vehicle and switching lane.,3.442296,6.933783,4.62,False,None,0.0
5,5_scenario_12,A yellow Hatchback is overtaking (near) the ego vehicle and maintaining lane.,15.978858,5.508304,4.640000000000001,False,None,0.0
5,5_scenario_13,A red SUV is crossing the road (near) and maintaining lane.,1.933732,2.989674,4.12,False,None,0.0
5,5_scenario_14,A black Jeep is driving ahead (far) of the ego vehicle and switching lane.,100000.0,17.427304,2.74,False,None,0.0
5,5_scenario_15,A black Sedan is driving ahead (far) of the ego vehicle and maintaining lane.,100000.0,36.036911,2.76,False,None,0.0
5,5_scenario_16,A yellow Sedan is overtaking (far) the ego vehicle and maintaining lane.,1.041368,11.492997,5.9,False,None,0.0
6,6_scenario_0,A pink Hatchback is crossing the road (far) and maintaining lane.,100000.0,13.035708,8.32,False,None,0.0
6,6_scenario_1,A red SchoolBus is overtaking (far) the ego vehicle and switching lane.,0.750754,7.379551,6.700000000000001,False,None,0.0
6,6_scenario_2,A yellow SchoolBus is driving from the opposite direction (near) and switching lane.,7.868039,18.138979,3.06,False,None,0.0
6,6_scenario_3,A red SUV is overtaking (near) the ego vehicle and maintaining lane.,4.851803,6.083342,0.86,False,None,0.0
6,6_scenario_4,A red SchoolBus is overtaking (near) the ego vehicle and switching lane.,5.712757,19.665499,2.16,False,None,0.0
6,6_scenario_5,A white BoxTruck is driving from the opposite direction (far) and switching lane.,27.922345,18.02735,5.7,False,None,0.0
6,6_scenario_6,A skyblue SUV is driving from the opposite direction (near) and maintaining lane.,4.974503,17.333081,9.38,False,None,0.0
6,6_scenario_7,A black Jeep is driving ahead (near) of the ego vehicle and switching lane.,1.285891,4.247534,12.74,False,None,0.0
6,6_scenario_8,A black Jeep is driving ahead (far) of the ego vehicle and switching lane.,1.485432,6.624425,6.0200000000000005,False,None,0.0
6,6_scenario_9,A pink Hatchback is crossing the road (far) and maintaining lane.,3.359632,16.362613,8.7,False,None,0.0
6,6_scenario_10,A red Jeep is overtaking (near) the ego vehicle and switching lane.,5.016104,3.238928,3.36,False,None,0.0
6,6_scenario_11,A red BoxTruck is driving from the opposite direction (near) and maintaining lane.,5.072479,20.69007,4.739999999999999,False,None,0.0
6,6_scenario_12,A black SchoolBus is crossing the road (far) and maintaining lane.,56.18701,34.567777,4.16,False,None,0.0
6,6_scenario_13,A pink Jeep is crossing the road (near) and switching lane.,100000.0,14.248155,0.7000000000000001,False,None,0.0
6,6_scenario_14,A pink SchoolBus is crossing the road (near) and switching lane.,54.64675,14.576277,5.82,False,None,0.0
7,7_scenario_0,A skyblue Hatchback is driving ahead (far) of the ego vehicle and maintaining lane.,12.049774,50.458347,4.92,False,None,0.0
7,7_scenario_1,A skyblue SUV is driving from the opposite direction (near) and maintaining lane.,17.642478,17.807353,2.8200000000000003,False,None,0.0
7,7_scenario_2,A white SchoolBus is crossing the road (far) and switching lane.,1.978703,30.712729,13.26,False,None,0.0
7,7_scenario_3,A red BoxTruck is overtaking (near) the ego vehicle and maintaining lane.,5.136537,11.0445,0.3799999999999999,False,None,0.0
7,7_scenario_4,A red Hatchback is driving from the opposite direction (near) and switching lane.,10.598829,8.226539,1.0,False,None,0.0
7,7_scenario_5,A yellow Sedan is driving from the opposite direction (near) and switching lane.,2.601853,7.981044,11.24,False,None,0.0
7,7_scenario_6,A white BoxTruck is overtaking (far) the ego vehicle and switching lane.,9.747,9.555977,8.98,False,None,0.0
7,7_scenario_7,A red SUV is driving ahead (near) of the ego vehicle and switching lane.,7.822131,11.430896,5.4,False,None,0.0
7,7_scenario_8,A pedestrian is crossing the road from left to right.,4.17388,10.930298,4.339999999999999,False,None,0.0
7,7_scenario_9_pedestrian,A skyblue Jeep is driving from the opposite direction (far) and maintaining lane.,0.0,1.481688,6.28,True,pedestrian,4.157318027922332
8,8_scenario_0,A pink Sedan is driving from the opposite direction (far) and maintaining lane.,5.065211,51.422249,4.68,False,None,0.0
8,8_scenario_1,A white Jeep is driving ahead (near) of the ego vehicle and maintaining lane.,0.778595,5.750379,7.26,False,None,0.0
8,8_scenario_2,A pink Hatchback is driving ahead (near) of the ego vehicle and switching lane.,2.768531,5.599383,5.88,False,None,0.0
8,8_scenario_3,A red BoxTruck is driving ahead (far) of the ego vehicle and maintaining lane.,1.622291,7.201739,6.039999999999999,False,None,0.0
8,8_scenario_4,A black SUV is driving ahead (near) of the ego vehicle and maintaining lane.,5.294515,17.767369,5.14,False,None,0.0
8,8_scenario_5,A pink SUV is overtaking (far) the ego vehicle and maintaining lane.,8.65141,20.347741,6.380000000000001,False,None,0.0
8,8_scenario_6,A yellow SUV is overtaking (near) the ego vehicle and switching lane.,14.997845,4.886217,10.12,False,None,0.0
8,8_scenario_7,A white SchoolBus is driving ahead (near) of the ego vehicle and switching lane.,2.862376,10.571467,4.3,False,None,0.0
8,8_scenario_8,A black Sedan is driving ahead (near) of the ego vehicle and maintaining lane.,11.517914,17.618009,6.24,False,None,0.0
8,8_scenario_9,A red Jeep is overtaking (near) the ego vehicle and switching lane.,4.724128,8.512112,9.42,False,None,0.0
8,8_scenario_10,A black Sedan is driving ahead (far) of the ego vehicle and maintaining lane.,2.864249,6.401038,5.78,False,None,0.0
8,8_scenario_11,A red BoxTruck is driving from the opposite direction (far) and maintaining lane.,1.049883,4.483487,5.52,False,None,0.0
8,8_scenario_12,A black SchoolBus is overtaking (near) the ego vehicle and maintaining lane.,7.562336,9.88312,4.4,False,None,0.0
8,8_scenario_13,A pink SUV is driving from the opposite direction (far) and maintaining lane.,100000.0,2.906178,2.96,False,None,0.0
8,8_scenario_14,A white SchoolBus is driving ahead (far) of the ego vehicle and maintaining lane.,5.650544,24.931936,5.74,False,None,0.0
8,8_scenario_15,A pink Sedan is driving from the opposite direction (far) and maintaining lane.,100000.0,35.817609,7.0600000000000005,False,None,0.0
9,9_scenario_0,A yellow Sedan is crossing the road (far) and switching lane.,100000.0,13.561606,7.16,False,None,0.0
9,9_scenario_1,A black Jeep is overtaking (near) the ego vehicle and maintaining lane.,0.889435,11.160229,5.92,False,None,0.0
9,9_scenario_2,A white Jeep is driving ahead (near) of the ego vehicle and maintaining lane.,1.554003,4.464543,8.120000000000001,False,None,0.0
9,9_scenario_3,A pink SchoolBus is driving from the opposite direction (far) and maintaining lane.,2.922423,4.697625,5.28,False,None,0.0
9,9_scenario_4,A skyblue BoxTruck is driving ahead (near) of the ego vehicle and switching lane.,22.417284,15.794034,1.8400000000000003,False,None,0.0
9,9_scenario_5,A red SUV is overtaking (near) the ego vehicle and maintaining lane.,86.697348,7.085647,0.5,False,None,0.0
9,9_scenario_6,A white SchoolBus is crossing the road (far) and switching lane.,2.717465,5.385694,13.7,False,None,0.0
9,9_scenario_7,A skyblue Sedan is overtaking (far) the ego vehicle and switching lane.,24.957875,6.129764,1.38,False,None,0.0
9,9_scenario_8,A black Jeep is driving ahead (near) of the ego vehicle and switching lane.,7.221336,6.990294,3.38,False,None,0.0
9,9_scenario_9,A pink Jeep is driving ahead (far) of the ego vehicle and maintaining lane.,4.272193,3.01164,6.2,False,None,0.0
9,9_scenario_10,A white SUV is driving ahead (far) of the ego vehicle and switching lane.,3.720991,3.172873,5.42,False,None,0.0
9,9_scenario_11,A skyblue Jeep is overtaking (far) the ego vehicle and switching lane.,1.724935,3.718777,7.12,False,None,0.0
9,9_scenario_12,A pink Sedan is driving from the opposite direction (near) and maintaining lane.,4.575799,3.266021,3.3600000000000003,False,None,0.0
9,9_scenario_13,A pink SUV is crossing the road (far) and switching lane.,5.806358,4.787128,2.56,False,None,0.0
9,9_scenario_14,A skyblue Hatchback is driving ahead (far) of the ego vehicle and maintaining lane.,100000.0,24.555309,1.1800000000000002,False,None,0.0
9,9_scenario_15,A pink SUV is overtaking (far) the ego vehicle and maintaining lane.,100000.0,9.024604,2.98,False,None,0.0
9,9_scenario_16,A skyblue Hatchback is driving ahead (far) of the ego vehicle and maintaining lane.,105.388349,8.788308,4.96,False,None,0.0
10,10_scenario_0,A black Hatchback is overtaking (near) the ego vehicle and switching lane.,2.623905,8.732558,4.359999999999999,False,None,0.0
10,10_scenario_1,A white SchoolBus is crossing the road (far) and switching lane.,0.870348,12.483364,1.3999999999999997,False,None,0.0
10,10_scenario_2,A pink SUV is overtaking (far) the ego vehicle and maintaining lane.,1.959549,12.366773,0.56,False,None,0.0
10,10_scenario_3,A pink Hatchback is crossing the road (far) and maintaining lane.,2.379667,9.436549,10.74,False,None,0.0
10,10_scenario_4,A yellow Sedan is overtaking (far) the ego vehicle and maintaining lane.,4.083811,9.76367,3.08,False,None,0.0
10,10_scenario_5,A red BoxTruck is overtaking (near) the ego vehicle and maintaining lane.,28.697368,10.249095,5.84,False,None,0.0
10,10_scenario_6,A white Sedan is driving ahead (far) of the ego vehicle and switching lane.,2.590478,10.114847,12.78,False,None,0.0
10,10_scenario_7,A red BoxTruck is driving from the opposite direction (far) and maintaining lane.,2.264667,8.83522,19.38,False,None,0.0
10,10_scenario_8,A pink Jeep is driving ahead (far) of the ego vehicle and maintaining lane.,8.044156,4.103969,3.4400000000000004,False,None,0.0
10,10_scenario_9,A pink Hatchback is driving ahead (near) of the ego vehicle and switching lane.,3.228594,4.086507,2.82,False,None,0.0
10,10_scenario_10,A white Sedan is driving ahead (far) of the ego vehicle and switching lane.,3.958196,12.962611,5.92,False,None,0.0
10,10_scenario_11,A white BoxTruck is overtaking (far) the ego vehicle and switching lane.,6.436523,11.908149,2.74,False,None,0.0
10,10_scenario_12,A white Sedan is driving ahead (far) of the ego vehicle and switching lane.,14.826249,3.593373,3.9,False,None,0.0
10,10_scenario_13,A white SUV is driving ahead (far) of the ego vehicle and switching lane.,100000.0,6.484586,3.6,False,None,0.0
10,10_scenario_14,A pink SchoolBus is driving from the opposite direction (far) and maintaining lane.,100000.0,29.28593,4.98,False,None,0.0
10,10_scenario_15,A pink Jeep is driving ahead (far) of the ego vehicle and maintaining lane.,100000.0,41.211518,5.82,False,None,0.0
11,11_scenario_0,A yellow SchoolBus is overtaking (far) the ego vehicle and maintaining lane.,100000.0,27.175926,4.44,False,None,0.0
11,11_scenario_1,A red Sedan is overtaking (near) the ego vehicle and maintaining lane.,3.40588,12.530624,0.8800000000000001,False,None,0.0
11,11_scenario_2,A red Hatchback is crossing the road (near) and switching lane.,1.31917,6.006508,9.28,False,None,0.0
11,11_scenario_3,A white Hatchback is overtaking (far) the ego vehicle and maintaining lane.,3.703679,3.70471,8.52,False,None,0.0
11,11_scenario_4,A black Jeep is driving ahead (near) of the ego vehicle and switching lane.,4.591569,3.808415,9.4,False,None,0.0
11,11_scenario_5,A white SchoolBus is driving ahead (far) of the ego vehicle and maintaining lane.,6.685747,14.543647,11.86,False,None,0.0
11,11_scenario_6,A white BoxTruck is overtaking (near) the ego vehicle and switching lane.,55.950372,4.74305,5.68,False,None,0.0
11,11_scenario_7,A red BoxTruck is driving ahead (far) of the ego vehicle and switching lane.,6.845431,3.911726,12.02,False,None,0.0
11,11_scenario_8,A black SchoolBus is overtaking (near) the ego vehicle and maintaining lane.,7.405457,4.163139,5.859999999999999,False,None,0.0
11,11_scenario_9,A black SchoolBus is driving ahead (near) of the ego vehicle and maintaining lane.,5.064015,7.882053,7.720000000000001,False,None,0.0
11,11_scenario_10,A black Jeep is driving ahead (far) of the ego vehicle and switching lane.,3.605706,4.199278,5.06,False,None,0.0
11,11_scenario_11,A black Jeep is driving ahead (near) of the ego vehicle and switching lane.,4.408493,20.613414,3.44,False,None,0.0
11,11_scenario_12,A black Hatchback is overtaking (near) the ego vehicle and switching lane.,4.905496,5.241657,3.26,False,None,0.0
11,11_scenario_13,A white SUV is driving ahead (far) of the ego vehicle and switching lane.,1.033358,3.711727,4.3,False,None,0.0
11,11_scenario_14,A white SchoolBus is driving ahead (near) of the ego vehicle and switching lane.,8.302542,25.239696,4.2,False,None,0.0
11,11_scenario_15,A white Sedan is driving ahead (far) of the ego vehicle and switching lane.,8.154103,33.3478,1.3400000000000003,False,None,0.0
11,11_scenario_16,A red SUV is driving ahead (far) of the ego vehicle and maintaining lane.,100000.0,43.79733,5.86,False,None,0.0
11,11_scenario_17,A black Jeep is overtaking (near) the ego vehicle and maintaining lane.,100000.0,4.271399,6.3,False,None,0.0
12,12_scenario_0,A red SUV is overtaking (near) the ego vehicle and maintaining lane.,100000.0,4.262701,2.92,False,None,0.0
12,12_scenario_1,A pink Hatchback is driving from the opposite direction (far) and switching lane.,5.298314,3.86884,2.42,False,None,0.0
12,12_scenario_2,A white SchoolBus is crossing the road (far) and switching lane.,3.023261,4.417995,9.739999999999998,False,None,0.0
12,12_scenario_3,A yellow SchoolBus is overtaking (far) the ego vehicle and maintaining lane.,4.878336,14.177554,4.72,False,None,0.0
12,12_scenario_4,A white Jeep is driving ahead (near) of the ego vehicle and maintaining lane.,1.610114,5.77566,7.0200000000000005,False,None,0.0
12,12_scenario_5,A white SchoolBus is driving ahead (near) of the ego vehicle and switching lane.,1.854948,18.419256,13.16,False,None,0.0
12,12_scenario_6,A red Sedan is overtaking (near) the ego vehicle and maintaining lane.,1.247838,5.483002,5.739999999999999,False,None,0.0
12,12_scenario_7,A white SchoolBus is driving ahead (near) of the ego vehicle and switching lane.,1.165009,4.777972,11.04,False,None,0.0
12,12_scenario_8,A pink BoxTruck is crossing the road (near) and switching lane.,16.302417,9.510998,9.92,False,None,0.0
12,12_scenario_9,A black Jeep is driving ahead (far) of the ego vehicle and switching lane.,3.43372,4.307295,5.680000000000001,False,None,0.0
12,12_scenario_10,A red BoxTruck is driving ahead (far) of the ego vehicle and switching lane.,3.816724,7.388465,4.12,False,None,0.0
12,12_scenario_11,A black SUV is crossing the road (near) and switching lane.,1.473008,11.302298,6.779999999999999,False,None,0.0
12,12_scenario_12,A skyblue Jeep is overtaking (far) the ego vehicle and switching lane.,3.395195,4.370445,9.0,False,None,0.0
12,12_scenario_13,A pink SUV is overtaking (far) the ego vehicle and maintaining lane.,1.13138,3.435219,4.0,False,None,0.0
12,12_scenario_14,A black Jeep is overtaking (near) the ego vehicle and maintaining lane.,4.140543,4.881306,5.44,False,None,0.0
12,12_scenario_15,A white BoxTruck is overtaking (far) the ego vehicle and switching lane.,21.486241,4.3934,3.22,False,None,0.0
12,12_scenario_16,A yellow Hatchback is crossing the road (near) and maintaining lane.,16.600954,3.637103,0.0,False,None,0.0
12,12_scenario_17,A red SUV is driving ahead (far) of the ego vehicle and maintaining lane.,100000.0,4.855389,0.0,False,None,0.0
12,12_scenario_18,A white Sedan is driving ahead (far) of the ego vehicle and switching lane.,34.14758,4.855399,0.0,False,None,0.0
12,12_scenario_19,A skyblue SUV is driving from the opposite direction (near) and maintaining lane.,38.545604,4.855399,0.0,False,None,0.0
12,12_scenario_20,A red Hatchback is driving from the opposite direction (near) and switching lane.,40.505586,4.855399,0.0,False,None,0.0
12,12_scenario_21,A red BoxTruck is driving from the opposite direction (far) and maintaining lane.,100000.0,4.855399,0.0,False,None,0.0
13,13_scenario_0,A pink Jeep is driving ahead (far) of the ego vehicle and maintaining lane.,18.025726,50.260923,4.24,False,None,0.0
13,13_scenario_1,A black SchoolBus is overtaking (near) the ego vehicle and maintaining lane.,8.883875,23.210556,1.88,False,None,0.0
13,13_scenario_2,A pink Sedan is driving from the opposite direction (near) and maintaining lane.,6.281422,17.270546,0.44,False,None,0.0
13,13_scenario_3,A black Jeep is driving ahead (far) of the ego vehicle and switching lane.,100000.0,21.140079,1.5199999999999996,False,None,0.0
13,13_scenario_4,A yellow SUV is overtaking (far) the ego vehicle and switching lane.,25.169206,15.031755,7.9,False,None,0.0
13,13_scenario_5,A white BoxTruck is driving from the opposite direction (far) and switching lane.,4.474867,9.430317,12.08,False,None,0.0
13,13_scenario_6,A yellow SchoolBus is driving from the opposite direction (near) and switching lane.,6.072145,4.348602,12.64,False,None,0.0
13,13_scenario_7,A yellow BoxTruck is overtaking (far) the ego vehicle and maintaining lane.,2.909015,3.987039,3.22,False,None,0.0
13,13_scenario_8,A yellow Hatchback is overtaking (near) the ego vehicle and maintaining lane.,4.218211,11.723628,6.84,False,None,0.0
13,13_scenario_9,A pink Jeep is driving ahead (far) of the ego vehicle and maintaining lane.,4.145965,6.701943,1.58,False,None,0.0
13,13_scenario_10,A black Jeep is overtaking (near) the ego vehicle and maintaining lane.,3.977102,6.961878,8.16,False,None,0.0
13,13_scenario_11,A black SchoolBus is crossing the road (near) and maintaining lane.,1.375983,2.888118,6.859999999999999,False,None,0.0
13,13_scenario_12,A red SchoolBus is overtaking (near) the ego vehicle and switching lane.,3.031062,4.283444,2.58,False,None,0.0
13,13_scenario_13,A skyblue Hatchback is driving ahead (far) of the ego vehicle and maintaining lane.,2.931411,7.096722,4.739999999999999,False,None,0.0
13,13_scenario_14,A red BoxTruck is driving ahead (far) of the ego vehicle and maintaining lane.,100000.0,24.971659,1.64,False,None,0.0
13,13_scenario_15,A red Hatchback is driving from the opposite direction (near) and switching lane.,6.175699,20.819532,6.12,False,None,0.0
13,13_scenario_16,A white Hatchback is overtaking (far) the ego vehicle and maintaining lane.,0.883318,8.310828,7.12,False,None,0.0
14,14_scenario_0,A pink SUV is driving from the opposite direction (far) and maintaining lane.,5.168161,51.387856,4.14,False,None,0.0
14,14_scenario_1,A black Jeep is driving ahead (far) of the ego vehicle and switching lane.,7.971255,42.458911,6.040000000000001,False,None,0.0
14,14_scenario_2,A yellow SUV is overtaking (far) the ego vehicle and switching lane.,7.622268,35.747365,7.699999999999999,False,None,0.0
14,14_scenario_3,A yellow SchoolBus is overtaking (far) the ego vehicle and maintaining lane.,51.261762,29.712852,0.4199999999999999,False,None,0.0
14,14_scenario_4,A white Hatchback is driving ahead (far) of the ego vehicle and switching lane.,100.106139,27.011509,0.5200000000000001,False,None,0.0
14,14_scenario_5,A black Jeep is overtaking (far) the ego vehicle and maintaining lane.,13.12471,24.06253,13.48,False,None,0.0
14,14_scenario_6,A pink BoxTruck is crossing the road (near) and switching lane.,13.084741,13.091718,14.6,False,None,0.0
14,14_scenario_7,A black Jeep is overtaking (far) the ego vehicle and maintaining lane.,3.221769,10.269225,7.62,False,None,0.0
14,14_scenario_8,A black Sedan is driving ahead (near) of the ego vehicle and maintaining lane.,1.82495,2.648153,10.22,False,None,0.0
14,14_scenario_9,A skyblue Hatchback is driving ahead (far) of the ego vehicle and maintaining lane.,4.215625,4.616599,4.76,False,None,0.0
14,14_scenario_10_npc_vehicle,A yellow Hatchback is overtaking (near) the ego vehicle and maintaining lane.,0.0,2.038274,4.84,True,npc_vehicle,0.0008493457364901
15,15_scenario_0,A yellow Sedan is overtaking (far) the ego vehicle and maintaining lane.,100000.0,23.479018,4.34,False,None,0.0
15,15_scenario_1,A white Sedan is driving ahead (far) of the ego vehicle and switching lane.,15.014984,3.74995,2.88,False,None,0.0
15,15_scenario_2,A red BoxTruck is driving from the opposite direction (near) and maintaining lane.,8.464146,3.873499,1.3,False,None,0.0
15,15_scenario_3,A skyblue Jeep is overtaking (far) the ego vehicle and switching lane.,10.806341,6.66554,0.6399999999999999,False,None,0.0
15,15_scenario_4,A black Jeep is overtaking (far) the ego vehicle and maintaining lane.,7.369364,8.598101,2.62,False,None,0.0
15,15_scenario_5,A skyblue SUV is driving from the opposite direction (near) and maintaining lane.,8.093464,4.015473,15.02,False,None,0.0
15,15_scenario_6,A skyblue Hatchback is driving ahead (far) of the ego vehicle and maintaining lane.,24.780254,4.173782,12.24,False,None,0.0
15,15_scenario_7,A white BoxTruck is overtaking (far) the ego vehicle and switching lane.,5.049321,4.134873,8.1,False,None,0.0
15,15_scenario_8,A red BoxTruck is driving ahead (far) of the ego vehicle and switching lane.,4.402057,4.521954,4.300000000000001,False,None,0.0
15,15_scenario_9,A skyblue BoxTruck is driving ahead (near) of the ego vehicle and switching lane.,3.872227,25.792733,4.32,False,None,0.0
15,15_scenario_10,A white SchoolBus is driving ahead (far) of the ego vehicle and maintaining lane.,5.868379,43.661595,7.24,False,None,0.0
15,15_scenario_11,A black Jeep is driving ahead (far) of the ego vehicle and switching lane.,14.338413,39.553074,11.36,False,None,0.0
15,15_scenario_12,A black Jeep is driving ahead (far) of the ego vehicle and switching lane.,16.774579,39.884849,5.06,False,None,0.0
15,15_scenario_13,A pink Hatchback is driving ahead (near) of the ego vehicle and switching lane.,100000.0,11.980662,3.1,False,None,0.0
15,15_scenario_14,A pink Sedan is driving from the opposite direction (far) and maintaining lane.,6.130826,28.478254,5.04,False,None,0.0
15,15_scenario_15,A skyblue SUV is driving from the opposite direction (near) and maintaining lane.,100000.0,22.548323,6.0,False,None,0.0
15,15_scenario_16,A black SchoolBus is driving ahead (near) of the ego vehicle and maintaining lane.,100000.0,15.981237,6.9,False,None,0.0
16,16_scenario_0,A white SUV is driving ahead (far) of the ego vehicle and switching lane.,9.228904,51.194269,3.140000000000001,False,None,0.0
16,16_scenario_1,A yellow Hatchback is overtaking (far) the ego vehicle and switching lane.,27.020182,39.168831,1.0399999999999998,False,None,0.0
16,16_scenario_2,A white BoxTruck is driving from the opposite direction (far) and switching lane.,5.363899,30.011547,0.72,False,None,0.0
16,16_scenario_3,A black Jeep is overtaking (far) the ego vehicle and maintaining lane.,5.483946,27.723378,0.3600000000000001,False,None,0.0
16,16_scenario_4,A white SchoolBus is driving ahead (near) of the ego vehicle and switching lane.,4.470505,6.326643,11.7,False,None,0.0
16,16_scenario_5,A pink Jeep is driving ahead (far) of the ego vehicle and maintaining lane.,1.837503,11.428949,4.82,False,None,0.0
16,16_scenario_6,A red SchoolBus is driving from the opposite direction (near) and maintaining lane.,3.231918,11.329682,9.4,False,None,0.0
16,16_scenario_7,A white SchoolBus is driving ahead (near) of the ego vehicle and switching lane.,1.414387,11.239844,6.06,False,None,0.0
16,16_scenario_8,A pink SUV is overtaking (far) the ego vehicle and maintaining lane.,5.693857,15.121313,3.96,False,None,0.0
16,16_scenario_9,A red BoxTruck is driving from the opposite direction (near) and maintaining lane.,7.130036,17.195859,5.119999999999999,False,None,0.0
16,16_scenario_10,A pink Sedan is driving from the opposite direction (far) and maintaining lane.,4.63018,5.017696,6.48,False,None,0.0
16,16_scenario_11,A skyblue SUV is driving from the opposite direction (near) and maintaining lane.,24.190644,3.149953,10.24,False,None,0.0
16,16_scenario_12,A white SUV is driving ahead (far) of the ego vehicle and switching lane.,1.141822,3.087396,5.6,False,None,0.0
16,16_scenario_13,A red SUV is crossing the road (near) and maintaining lane.,2.963578,19.63231,2.68,False,None,0.0
16,16_scenario_14,A pink Sedan is driving from the opposite direction (near) and maintaining lane.,100000.0,21.912806,1.08,False,None,0.0
16,16_scenario_15,A red Hatchback is driving from the opposite direction (near) and switching lane.,7.565172,20.849234,7.1,False,None,0.0
16,16_scenario_16,A white SchoolBus is driving from the opposite direction (far) and switching lane.,100000.0,37.806882,5.98,False,None,0.0
17,17_scenario_0,A white Sedan is driving ahead (far) of the ego vehicle and switching lane.,13.132334,50.839652,1.8599999999999997,False,None,0.0
17,17_scenario_1,A yellow SUV is overtaking (near) the ego vehicle and switching lane.,2.43305,12.898001,15.72,False,None,0.0
17,17_scenario_2,A pink SUV is crossing the road (far) and switching lane.,2.010939,20.547746,0.3799999999999999,False,None,0.0
17,17_scenario_3,A black Sedan is driving ahead (far) of the ego vehicle and maintaining lane.,11.093452,17.079384,8.04,False,None,0.0
17,17_scenario_4,A skyblue Jeep is overtaking (far) the ego vehicle and switching lane.,9.965233,13.948616,6.54,False,None,0.0
17,17_scenario_5,A yellow SUV is overtaking (near) the ego vehicle and switching lane.,20.200335,15.663651,11.7,False,None,0.0
17,17_scenario_6,A pink Jeep is driving ahead (far) of the ego vehicle and maintaining lane.,5.237454,15.342989,13.38,False,None,0.0
17,17_scenario_7,A black SchoolBus is crossing the road (near) and maintaining lane.,1.502124,19.762901,0.76,False,None,0.0
17,17_scenario_8,A black Hatchback is overtaking (near) the ego vehicle and switching lane.,2.915482,3.458098,4.12,False,None,0.0
17,17_scenario_9,A skyblue Jeep is driving from the opposite direction (far) and maintaining lane.,1.654697,6.595134,4.88,False,None,0.0
17,17_scenario_10,A black Jeep is overtaking (near) the ego vehicle and maintaining lane.,100000.0,5.757393,5.3,False,None,0.0
17,17_scenario_11,A pink Jeep is crossing the road (near) and switching lane.,100000.0,14.317245,3.72,False,None,0.0
17,17_scenario_12,A skyblue Jeep is driving from the opposite direction (far) and maintaining lane.,100000.0,30.333669,1.06,False,None,0.0
18,18_scenario_0,A pedestrian is crossing the road from right to left.,100000.0,21.04284,5.94,False,None,0.0
18,18_scenario_1,A black Jeep is overtaking (far) the ego vehicle and maintaining lane.,59.114428,6.239819,4.78,False,None,0.0
18,18_scenario_2,A red SchoolBus is overtaking (near) the ego vehicle and switching lane.,14.174109,9.32467,1.6999999999999995,False,None,0.0
18,18_scenario_3,A red SUV is crossing the road (near) and maintaining lane.,0.574095,8.001267,8.74,False,None,0.0
18,18_scenario_4,A skyblue SUV is driving from the opposite direction (near) and maintaining lane.,3.400858,7.94224,3.46,False,None,0.0
18,18_scenario_5,A yellow SUV is driving from the opposite direction (near) and switching lane.,19.665993,7.977772,0.5,False,None,0.0
18,18_scenario_6,A black SchoolBus is overtaking (near) the ego vehicle and maintaining lane.,4.314032,8.689985,15.82,False,None,0.0
18,18_scenario_7,A black SchoolBus is overtaking (near) the ego vehicle and maintaining lane.,4.702742,3.91898,10.76,False,None,0.0
18,18_scenario_8,A red BoxTruck is driving ahead (far) of the ego vehicle and maintaining lane.,12.08097,4.500237,6.6,False,None,0.0
18,18_scenario_9,A white BoxTruck is overtaking (near) the ego vehicle and switching lane.,3.267793,3.971166,4.46,False,None,0.0
18,18_scenario_10,A black Sedan is driving ahead (far) of the ego vehicle and maintaining lane.,3.610473,15.149144,4.2,False,None,0.0
18,18_scenario_11,A yellow Hatchback is overtaking (far) the ego vehicle and switching lane.,24.604838,32.781177,4.74,False,None,0.0
18,18_scenario_12,A yellow SchoolBus is overtaking (far) the ego vehicle and maintaining lane.,25.756485,22.26957,4.12,False,None,0.0
18,18_scenario_13,A black Sedan is driving ahead (near) of the ego vehicle and maintaining lane.,4.546604,5.099725,3.98,False,None,0.0
18,18_scenario_14,A skyblue BoxTruck is driving ahead (near) of the ego vehicle and switching lane.,2.265691,22.41487,4.7,False,None,0.0
18,18_scenario_15,A red BoxTruck is driving from the opposite direction (far) and maintaining lane.,100000.0,37.652714,0.98,False,None,0.0
18,18_scenario_16,A black SUV is driving from the opposite direction (far) and switching lane.,100000.0,45.063961,0.56,False,None,0.0
19,19_scenario_0,A black Sedan is driving ahead (near) of the ego vehicle and maintaining lane.,100000.0,100000.0,4.279999999999999,False,None,0.0
19,19_scenario_1,A red BoxTruck is driving ahead (far) of the ego vehicle and maintaining lane.,48.074997,43.559136,2.58,False,None,0.0
19,19_scenario_2,A red SchoolBus is overtaking (near) the ego vehicle and switching lane.,2.913128,25.133982,0.6799999999999999,False,None,0.0
19,19_scenario_3,A yellow Sedan is crossing the road (far) and maintaining lane.,2.354351,24.964138,11.08,False,None,0.0
19,19_scenario_4,A red BoxTruck is driving ahead (far) of the ego vehicle and maintaining lane.,7.176349,49.744648,3.7,False,None,0.0
19,19_scenario_5,A skyblue Jeep is overtaking (far) the ego vehicle and switching lane.,55.829507,15.289274,5.6,False,None,0.0
19,19_scenario_6,A red SchoolBus is overtaking (near) the ego vehicle and switching lane.,4.097489,14.696294,12.8,False,None,0.0
19,19_scenario_7,A yellow BoxTruck is overtaking (far) the ego vehicle and maintaining lane.,10.479673,19.113709,3.08,False,None,0.0
19,19_scenario_8,A yellow Sedan is overtaking (far) the ego vehicle and maintaining lane.,12.722889,12.496769,11.62,False,None,0.0
19,19_scenario_9_npc_vehicle,A black Sedan is driving ahead (near) of the ego vehicle and maintaining lane.,0.0,4.082087,5.48,True,npc_vehicle,2.66981597503268
