Execution,ScenarioID,Configuration_API_Description,Attribute[TTC],Attribute[DTO],Attribute[Jerk],Attribute[COL],Attribute[COLT],Attribute[SAC]
0,0_scenario_0,A pink Hatchback is driving from the opposite direction (far) and switching lane.,100000.0,43.85366,1.7999999999999998,False,None,0.0
0,0_scenario_1,A red BoxTruck is driving ahead (far) of the ego vehicle and maintaining lane.,100000.0,28.663976,3.8,False,None,0.0
0,0_scenario_2,A red SUV is crossing the road (near) and maintaining lane.,3.434476,8.852122,7.66,False,None,0.0
0,0_scenario_3,A pink SchoolBus is driving from the opposite direction (far) and maintaining lane.,11.080217,9.413973,2.58,False,None,0.0
0,0_scenario_4,A white BoxTruck is overtaking (far) the ego vehicle and switching lane.,7.295929,8.846676,0.8800000000000001,False,None,0.0
0,0_scenario_5,A black Jeep is overtaking (near) the ego vehicle and maintaining lane.,2.594206,8.866841,9.72,False,None,0.0
0,0_scenario_6,A white Jeep is driving ahead (near) of the ego vehicle and maintaining lane.,3.039672,9.299197,7.6,False,None,0.0
0,0_scenario_7,A red BoxTruck is driving ahead (far) of the ego vehicle and maintaining lane.,4.461798,9.373436,3.98,False,None,0.0
0,0_scenario_8,A red SchoolBus is overtaking (far) the ego vehicle and switching lane.,13.363323,8.834593,5.6,False,None,0.0
0,0_scenario_9,A skyblue Sedan is overtaking (far) the ego vehicle and switching lane.,29.779927,8.912047,0.7000000000000001,False,None,0.0
0,0_scenario_10,A red SUV is crossing the road (near) and maintaining lane.,12.590215,8.87038,2.22,False,None,0.0
0,0_scenario_11,A pink SUV is overtaking (far) the ego vehicle and maintaining lane.,9.351861,3.742384,6.859999999999999,False,None,0.0
0,0_scenario_12,A red Jeep is overtaking (near) the ego vehicle and switching lane.,9.950829,4.921467,5.5,False,None,0.0
0,0_scenario_13,A white Jeep is driving ahead (near) of the ego vehicle and maintaining lane.,2.494762,4.192421,5.06,False,None,0.0
0,0_scenario_14,A red BoxTruck is driving ahead (far) of the ego vehicle and switching lane.,2.552632,8.851309,2.4800000000000004,False,None,0.0
0,0_scenario_15,A white SchoolBus is driving ahead (near) of the ego vehicle and switching lane.,2.633201,8.83639,0.8999999999999999,False,None,0.0
0,0_scenario_16,A white SchoolBus is driving ahead (near) of the ego vehicle and switching lane.,2.844806,8.782335,6.0,False,None,0.0
0,0_scenario_17,A white SchoolBus is driving from the opposite direction (far) and switching lane.,13.540939,8.762262,6.08,False,None,0.0
1,1_scenario_0,A yellow SUV is overtaking (far) the ego vehicle and switching lane.,100000.0,20.737691,2.58,False,None,0.0
1,1_scenario_1,A red BoxTruck is driving ahead (far) of the ego vehicle and maintaining lane.,100000.0,7.812452,3.36,False,None,0.0
1,1_scenario_2,A black Jeep is overtaking (near) the ego vehicle and maintaining lane.,1.187437,6.208574,6.32,False,None,0.0
1,1_scenario_3,A red SUV is driving ahead (far) of the ego vehicle and maintaining lane.,6.633922,9.2156,3.1000000000000005,False,None,0.0
1,1_scenario_4,A black SchoolBus is overtaking (near) the ego vehicle and maintaining lane.,29.676922,7.190765,1.28,False,None,0.0
1,1_scenario_5,A yellow SchoolBus is overtaking (far) the ego vehicle and maintaining lane.,2.1591,3.994587,12.64,False,None,0.0
1,1_scenario_6,A pink SchoolBus is driving from the opposite direction (far) and maintaining lane.,1.366969,5.230419,11.5,False,None,0.0
1,1_scenario_7,A black Jeep is overtaking (near) the ego vehicle and maintaining lane.,2.442246,8.622452,1.5399999999999998,False,None,0.0
1,1_scenario_8,A red BoxTruck is driving ahead (far) of the ego vehicle and switching lane.,2.620056,11.32842,0.7200000000000001,False,None,0.0
1,1_scenario_9,A white SchoolBus is driving ahead (far) of the ego vehicle and maintaining lane.,7.59612,13.222409,3.2000000000000006,False,None,0.0
1,1_scenario_10,A yellow Sedan is crossing the road (far) and switching lane.,21.053652,17.697664,0.6400000000000001,False,None,0.0
1,1_scenario_11,A white Jeep is driving ahead (near) of the ego vehicle and maintaining lane.,8.698365,5.965087,4.699999999999999,False,None,0.0
1,1_scenario_12,A yellow SchoolBus is overtaking (far) the ego vehicle and maintaining lane.,1.895692,8.315763,4.42,False,None,0.0
1,1_scenario_13,A pink Hatchback is driving ahead (near) of the ego vehicle and switching lane.,1.041246,4.158177,5.02,False,None,0.0
2,2_scenario_0,A yellow SUV is overtaking (far) the ego vehicle and switching lane.,100000.0,17.815541,5.5200000000000005,False,None,0.0
2,2_scenario_1,A black SchoolBus is overtaking (near) the ego vehicle and maintaining lane.,100000.0,8.258333,3.5,False,None,0.0
2,2_scenario_2,A black Jeep is overtaking (far) the ego vehicle and maintaining lane.,0.951766,8.490032,6.46,False,None,0.0
2,2_scenario_3,A skyblue Hatchback is driving ahead (far) of the ego vehicle and maintaining lane.,0.880615,7.64504,6.3,False,None,0.0
2,2_scenario_4,A white BoxTruck is overtaking (far) the ego vehicle and switching lane.,5.479255,8.337545,0.9399999999999996,False,None,0.0
2,2_scenario_5,A pink SchoolBus is crossing the road (near) and switching lane.,36.738243,8.473115,0.58,False,None,0.0
2,2_scenario_6,A skyblue Jeep is overtaking (far) the ego vehicle and switching lane.,4.081467,9.299267,5.4,False,None,0.0
2,2_scenario_7,A white SchoolBus is crossing the road (far) and switching lane.,7.516359,14.910297,10.8,False,None,0.0
2,2_scenario_8,A red SchoolBus is overtaking (near) the ego vehicle and switching lane.,3.378396,12.277263,0.3799999999999999,False,None,0.0
2,2_scenario_9,A yellow Sedan is overtaking (far) the ego vehicle and maintaining lane.,2.723409,12.269826,0.48,False,None,0.0
2,2_scenario_10,A skyblue Sedan is overtaking (far) the ego vehicle and switching lane.,0.768578,4.694625,4.66,False,None,0.0
2,2_scenario_11,A red SUV is driving ahead (far) of the ego vehicle and maintaining lane.,1.748747,12.623349,4.26,False,None,0.0
2,2_scenario_12,A yellow SUV is overtaking (far) the ego vehicle and switching lane.,6.965835,3.905185,5.199999999999999,False,None,0.0
2,2_scenario_13,A white Hatchback is driving ahead (far) of the ego vehicle and switching lane.,1.846991,5.818766,3.8,False,None,0.0
2,2_scenario_14,A pink Hatchback is crossing the road (far) and maintaining lane.,1.475718,12.390405,0.96,False,None,0.0
2,2_scenario_15,A yellow Sedan is overtaking (far) the ego vehicle and maintaining lane.,0.861864,4.458886,0.94,False,None,0.0
2,2_scenario_16,A white Jeep is driving ahead (near) of the ego vehicle and maintaining lane.,1.294605,3.527796,5.94,False,None,0.0
2,2_scenario_17,A black SchoolBus is overtaking (near) the ego vehicle and maintaining lane.,9.632415,11.057447,4.76,False,None,0.0
3,3_scenario_0,A red BoxTruck is driving ahead (far) of the ego vehicle and maintaining lane.,100000.0,26.236502,4.04,False,None,0.0
3,3_scenario_1,A black Hatchback is overtaking (near) the ego vehicle and switching lane.,2.988516,7.19711,3.2,False,None,0.0
3,3_scenario_2,A white SchoolBus is driving ahead (near) of the ego vehicle and switching lane.,2.803517,8.16978,7.26,False,None,0.0
3,3_scenario_3,A red SchoolBus is overtaking (far) the ego vehicle and switching lane.,11.66777,7.821473,11.42,False,None,0.0
3,3_scenario_4,A yellow Hatchback is overtaking (near) the ego vehicle and maintaining lane.,25.31842,8.982178,1.82,False,None,0.0
3,3_scenario_5,A skyblue SUV is driving from the opposite direction (near) and maintaining lane.,1.126594,8.438793,8.36,False,None,0.0
3,3_scenario_6,A red SchoolBus is overtaking (near) the ego vehicle and switching lane.,2.411314,8.065194,13.06,False,None,0.0
3,3_scenario_7,A black Jeep is driving ahead (far) of the ego vehicle and switching lane.,2.729256,8.558425,7.68,False,None,0.0
3,3_scenario_8,A white SUV is driving ahead (far) of the ego vehicle and switching lane.,15.109248,7.705962,1.5599999999999998,False,None,0.0
3,3_scenario_9,A red Hatchback is driving from the opposite direction (near) and switching lane.,2.553749,7.656925,10.34,False,None,0.0
3,3_scenario_10,A black Jeep is overtaking (near) the ego vehicle and maintaining lane.,1.664641,4.953112,6.24,False,None,0.0
3,3_scenario_11,A pink Sedan is driving from the opposite direction (near) and maintaining lane.,1.424926,19.054564,6.4,False,None,0.0
3,3_scenario_12,A yellow SchoolBus is driving from the opposite direction (near) and switching lane.,2.383196,18.098237,5.66,False,None,0.0
3,3_scenario_13,A pink Hatchback is crossing the road (far) and maintaining lane.,2.705981,17.973495,6.02,False,None,0.0
3,3_scenario_14,A white SchoolBus is crossing the road (far) and switching lane.,0.94755,3.810537,13.26,False,None,0.0
3,3_scenario_15,A skyblue SUV is crossing the road (far) and maintaining lane.,1.450414,9.730168,3.3199999999999994,False,None,0.0
3,3_scenario_16,A black SUV is driving from the opposite direction (far) and switching lane.,0.786719,3.824171,2.02,False,None,0.0
3,3_scenario_17,A yellow Jeep is driving from the opposite direction (far) and switching lane.,1.722205,32.039202,5.14,False,None,0.0
3,3_scenario_18,A black SchoolBus is overtaking (near) the ego vehicle and maintaining lane.,1.069129,4.213748,6.82,False,None,0.0
4,4_scenario_0,A yellow Jeep is driving from the opposite direction (far) and switching lane.,100000.0,44.048837,3.5,False,None,0.0
4,4_scenario_1,A yellow Hatchback is driving ahead (near) of the ego vehicle and maintaining lane.,1.096383,6.962741,3.82,False,None,0.0
4,4_scenario_2,A skyblue Hatchback is driving from the opposite direction (far) and maintaining lane.,1.112912,10.523372,8.54,False,None,0.0
4,4_scenario_3,A red Sedan is overtaking (near) the ego vehicle and maintaining lane.,1.505189,16.479867,4.24,False,None,0.0
4,4_scenario_4,A black SchoolBus is overtaking (near) the ego vehicle and maintaining lane.,2.494431,13.367545,1.7,False,None,0.0
4,4_scenario_5,A red Hatchback is crossing the road (near) and switching lane.,2.114347,12.854226,6.200000000000001,False,None,0.0
4,4_scenario_6,A yellow BoxTruck is overtaking (far) the ego vehicle and maintaining lane.,8.033534,16.351759,15.28,False,None,0.0
4,4_scenario_7,A skyblue SchoolBus is driving ahead (far) of the ego vehicle and switching lane.,7.141265,19.654057,3.06,False,None,0.0
4,4_scenario_8,A white Sedan is driving ahead (far) of the ego vehicle and switching lane.,10.923421,22.971927,1.3,False,None,0.0
4,4_scenario_9,A black Jeep is driving ahead (near) of the ego vehicle and switching lane.,1.348617,4.156765,6.6,False,None,0.0
4,4_scenario_10,A black SUV is driving from the opposite direction (far) and switching lane.,1.720832,6.364801,5.52,False,None,0.0
4,4_scenario_11,A pink Sedan is driving from the opposite direction (far) and maintaining lane.,3.337354,12.88878,7.7,False,None,0.0
4,4_scenario_12,A black SUV is crossing the road (near) and switching lane.,5.947368,8.260668,3.2200000000000006,False,None,0.0
4,4_scenario_13,A skyblue Hatchback is driving ahead (far) of the ego vehicle and maintaining lane.,1.900344,13.979309,2.4,False,None,0.0
4,4_scenario_14,A red SchoolBus is overtaking (far) the ego vehicle and switching lane.,5.125862,14.266988,5.84,False,None,0.0
4,4_scenario_15,A black SchoolBus is overtaking (near) the ego vehicle and maintaining lane.,28.834302,4.279202,3.88,False,None,0.0
4,4_scenario_16,A skyblue SUV is crossing the road (far) and maintaining lane.,1.086051,12.556268,2.96,False,None,0.0
4,4_scenario_17,A red BoxTruck is driving ahead (far) of the ego vehicle and maintaining lane.,0.867757,4.372398,2.46,False,None,0.0
4,4_scenario_18,A red BoxTruck is driving ahead (far) of the ego vehicle and switching lane.,1.292115,11.620789,6.02,False,None,0.0
4,4_scenario_19,A pink Hatchback is crossing the road (far) and maintaining lane.,1.067015,9.785441,6.6,False,None,0.0
5,5_scenario_0,A yellow Hatchback is overtaking (near) the ego vehicle and maintaining lane.,100000.0,5.501458,3.44,False,None,0.0
5,5_scenario_1,A yellow SchoolBus is driving from the opposite direction (near) and switching lane.,1.644512,12.383416,4.0,False,None,0.0
5,5_scenario_2,A red Hatchback is driving from the opposite direction (near) and switching lane.,3.3886,21.90626,4.88,False,None,0.0
5,5_scenario_3,A black Jeep is overtaking (far) the ego vehicle and maintaining lane.,4.408477,29.584987,1.94,False,None,0.0
5,5_scenario_4,A black Jeep is driving ahead (far) of the ego vehicle and switching lane.,2.322025,26.612184,0.5,False,None,0.0
5,5_scenario_5,A skyblue Sedan is overtaking (far) the ego vehicle and switching lane.,2.197775,23.475253,5.180000000000001,False,None,0.0
5,5_scenario_6,A white SchoolBus is driving from the opposite direction (far) and switching lane.,3.976497,11.131822,11.24,False,None,0.0
5,5_scenario_7,A white SchoolBus is driving ahead (near) of the ego vehicle and switching lane.,1.920438,10.43582,4.4,False,None,0.0
5,5_scenario_8,A pink Sedan is driving from the opposite direction (far) and switching lane.,6.742987,10.165474,0.7399999999999999,False,None,0.0
5,5_scenario_9,A yellow Sedan is driving from the opposite direction (near) and switching lane.,3.516059,8.98784,6.020000000000001,False,None,0.0
5,5_scenario_10,A red BoxTruck is overtaking (near) the ego vehicle and maintaining lane.,2.204742,7.276573,4.9,False,None,0.0
5,5_scenario_11,A red SchoolBus is overtaking (far) the ego vehicle and switching lane.,1.232016,5.040706,8.68,False,None,0.0
5,5_scenario_12,A white SchoolBus is driving ahead (far) of the ego vehicle and maintaining lane.,2.377526,11.910896,5.48,False,None,0.0
5,5_scenario_13,A pink SUV is overtaking (far) the ego vehicle and maintaining lane.,6.601407,11.568904,4.66,False,None,0.0
5,5_scenario_14,A yellow Sedan is crossing the road (far) and maintaining lane.,0.479456,3.796054,3.72,False,None,0.0
5,5_scenario_15,A red SchoolBus is overtaking (far) the ego vehicle and switching lane.,0.771319,4.906142,1.6800000000000002,False,None,0.0
5,5_scenario_16,A yellow SUV is overtaking (far) the ego vehicle and switching lane.,1.478406,4.159069,0.86,False,None,0.0
6,6_scenario_0,A yellow Hatchback is overtaking (near) the ego vehicle and maintaining lane.,100000.0,5.028485,4.380000000000001,False,None,0.0
6,6_scenario_1,A pink SUV is crossing the road (far) and switching lane.,1.784543,15.073743,3.98,False,None,0.0
6,6_scenario_2,A skyblue Jeep is overtaking (far) the ego vehicle and switching lane.,4.473365,15.567656,13.58,False,None,0.0
6,6_scenario_3,A red BoxTruck is overtaking (near) the ego vehicle and maintaining lane.,5.120774,10.000358,8.42,False,None,0.0
6,6_scenario_4,A yellow Hatchback is overtaking (near) the ego vehicle and maintaining lane.,19.17931,10.693639,0.48,False,None,0.0
6,6_scenario_5,A red BoxTruck is overtaking (near) the ego vehicle and maintaining lane.,2.912976,7.769935,0.74,False,None,0.0
6,6_scenario_6,A pink SUV is driving from the opposite direction (far) and maintaining lane.,1.615135,4.046986,10.62,False,None,0.0
6,6_scenario_7,A white SchoolBus is driving ahead (far) of the ego vehicle and maintaining lane.,1.984269,4.286043,10.94,False,None,0.0
6,6_scenario_8,A pink SUV is overtaking (far) the ego vehicle and maintaining lane.,3.607522,17.161545,5.42,False,None,0.0
6,6_scenario_9,A red Hatchback is crossing the road (far) and switching lane.,6.198844,11.517545,1.26,False,None,0.0
6,6_scenario_10,A red SchoolBus is overtaking (far) the ego vehicle and switching lane.,8.157052,7.675358,0.88,False,None,0.0
6,6_scenario_11,A black Hatchback is overtaking (near) the ego vehicle and switching lane.,3.302692,5.286575,4.88,False,None,0.0
6,6_scenario_12,A skyblue Hatchback is driving ahead (far) of the ego vehicle and maintaining lane.,0.977636,3.268766,6.66,False,None,0.0
6,6_scenario_13,A pink Hatchback is crossing the road (far) and maintaining lane.,1.277418,18.62721,5.32,False,None,0.0
6,6_scenario_14,A pink Sedan is driving from the opposite direction (far) and switching lane.,0.788104,4.328705,4.02,False,None,0.0
6,6_scenario_15,A red Sedan is overtaking (near) the ego vehicle and maintaining lane.,1.707166,6.971915,2.1,False,None,0.0
6,6_scenario_16,A skyblue Jeep is overtaking (far) the ego vehicle and switching lane.,6.366258,5.410532,5.0,False,None,0.0
7,7_scenario_0,A red BoxTruck is driving ahead (far) of the ego vehicle and maintaining lane.,100000.0,43.53042,2.6,False,None,0.0
7,7_scenario_1,A black Sedan is driving ahead (near) of the ego vehicle and maintaining lane.,1.270222,8.409795,4.42,False,None,0.0
7,7_scenario_2,A black Sedan is driving ahead (far) of the ego vehicle and maintaining lane.,1.051411,11.469813,8.78,False,None,0.0
7,7_scenario_3,A red BoxTruck is overtaking (near) the ego vehicle and maintaining lane.,1.908184,19.638147,7.86,False,None,0.0
7,7_scenario_4,A red SchoolBus is overtaking (near) the ego vehicle and switching lane.,2.638653,13.138878,0.26,False,None,0.0
7,7_scenario_5,A skyblue SUV is driving from the opposite direction (near) and maintaining lane.,1.120738,12.906624,14.84,False,None,0.0
7,7_scenario_6,A white Jeep is driving ahead (near) of the ego vehicle and maintaining lane.,1.177861,12.220662,5.360000000000001,False,None,0.0
7,7_scenario_7,A pink Sedan is driving from the opposite direction (near) and maintaining lane.,2.540758,18.531818,1.02,False,None,0.0
7,7_scenario_8,A yellow SchoolBus is overtaking (far) the ego vehicle and maintaining lane.,4.551879,19.78933,0.78,False,None,0.0
7,7_scenario_9,A yellow SUV is overtaking (far) the ego vehicle and switching lane.,7.889088,15.967153,5.54,False,None,0.0
7,7_scenario_10,A skyblue SchoolBus is driving ahead (far) of the ego vehicle and switching lane.,25.065992,7.711273,2.22,False,None,0.0
7,7_scenario_11,A black Jeep is driving ahead (far) of the ego vehicle and switching lane.,1.855426,7.874686,3.1,False,None,0.0
7,7_scenario_12,A red SchoolBus is overtaking (near) the ego vehicle and switching lane.,4.300238,3.997775,4.459999999999999,False,None,0.0
7,7_scenario_13,A pink SUV is overtaking (far) the ego vehicle and maintaining lane.,1.641605,4.242076,0.9000000000000001,False,None,0.0
7,7_scenario_14,A red SchoolBus is overtaking (far) the ego vehicle and switching lane.,0.569226,4.848815,6.8,False,None,0.0
8,8_scenario_0,A skyblue Sedan is overtaking (far) the ego vehicle and switching lane.,100000.0,18.55873,4.08,False,None,0.0
8,8_scenario_1,A black SchoolBus is crossing the road (near) and maintaining lane.,3.262075,7.80832,3.62,False,None,0.0
8,8_scenario_2,A white Jeep is driving ahead (near) of the ego vehicle and maintaining lane.,1.224191,7.767105,7.56,False,None,0.0
8,8_scenario_3,A red BoxTruck is driving ahead (far) of the ego vehicle and maintaining lane.,6.531402,7.955522,15.739999999999998,False,None,0.0
8,8_scenario_4,A pink Sedan is driving from the opposite direction (far) and maintaining lane.,21.465333,7.565143,1.82,False,None,0.0
8,8_scenario_5,A red BoxTruck is overtaking (near) the ego vehicle and maintaining lane.,2.348981,5.290913,0.5,False,None,0.0
8,8_scenario_6,A skyblue BoxTruck is driving ahead (near) of the ego vehicle and switching lane.,1.076217,3.905781,9.44,False,None,0.0
8,8_scenario_7,A yellow BoxTruck is overtaking (far) the ego vehicle and maintaining lane.,2.407806,8.653793,1.38,False,None,0.0
8,8_scenario_8,A pink Hatchback is crossing the road (far) and maintaining lane.,3.723273,8.912726,0.7600000000000001,False,None,0.0
8,8_scenario_9,A pedestrian is crossing the road from left to right.,6.5414,3.198785,3.28,False,None,0.0
8,8_scenario_10,A red Sedan is overtaking (near) the ego vehicle and maintaining lane.,66.163376,5.886915,0.78,False,None,0.0
8,8_scenario_11,A yellow SUV is driving from the opposite direction (near) and switching lane.,2.489694,8.313124,6.86,False,None,0.0
8,8_scenario_12,A pedestrian is crossing the road from left to right.,2.475528,7.769778,4.66,False,None,0.0
8,8_scenario_13,A yellow SchoolBus is overtaking (far) the ego vehicle and maintaining lane.,3.256429,13.130709,4.36,False,None,0.0
8,8_scenario_14,A pink SUV is overtaking (far) the ego vehicle and maintaining lane.,1.668136,4.148705,5.94,False,None,0.0
8,8_scenario_15,A pink Sedan is driving from the opposite direction (near) and maintaining lane.,1.897358,3.886086,2.28,False,None,0.0
8,8_scenario_16,A pink Jeep is driving ahead (far) of the ego vehicle and maintaining lane.,10.871884,2.904781,1.54,False,None,0.0
8,8_scenario_17,A pink BoxTruck is driving ahead (near) of the ego vehicle and maintaining lane.,2.656153,2.172563,5.82,False,None,0.0
9,9_scenario_0,A black Sedan is driving ahead (near) of the ego vehicle and maintaining lane.,2.299035,12.278396,2.84,False,None,0.0
9,9_scenario_1,A yellow Sedan is overtaking (far) the ego vehicle and maintaining lane.,2.288637,20.260428,3.54,False,None,0.0
9,9_scenario_2,A pink SchoolBus is crossing the road (near) and switching lane.,2.300673,3.569481,4.92,False,None,0.0
9,9_scenario_3,A black SchoolBus is overtaking (near) the ego vehicle and maintaining lane.,1.164361,7.418982,12.98,False,None,0.0
9,9_scenario_4,A skyblue Sedan is overtaking (far) the ego vehicle and switching lane.,1.066117,8.167394,3.52,False,None,0.0
9,9_scenario_5,A yellow Hatchback is overtaking (near) the ego vehicle and maintaining lane.,3.42862,19.466861,0.5,False,None,0.0
9,9_scenario_6,A yellow Jeep is driving from the opposite direction (far) and switching lane.,2.28613,23.788228,13.9,False,None,0.0
9,9_scenario_7,A pink Hatchback is driving from the opposite direction (far) and switching lane.,4.323084,21.11112,12.74,False,None,0.0
9,9_scenario_8,A yellow SUV is overtaking (far) the ego vehicle and switching lane.,7.111087,22.780891,6.46,False,None,0.0
9,9_scenario_9,A red BoxTruck is overtaking (near) the ego vehicle and maintaining lane.,4.156913,17.111306,0.86,False,None,0.0
9,9_scenario_10,A white SchoolBus is crossing the road (far) and switching lane.,13.04106,18.595914,0.56,False,None,0.0
9,9_scenario_11,A red BoxTruck is overtaking (near) the ego vehicle and maintaining lane.,45.343558,18.392512,4.24,False,None,0.0
9,9_scenario_12,A black Jeep is driving ahead (far) of the ego vehicle and switching lane.,33.893273,18.39486,2.44,False,None,0.0
9,9_scenario_13,A skyblue Sedan is overtaking (far) the ego vehicle and switching lane.,5.13944,12.077344,4.94,False,None,0.0
9,9_scenario_14,A red BoxTruck is driving ahead (far) of the ego vehicle and switching lane.,1.482318,3.541976,1.36,False,None,0.0
10,10_scenario_0,A white SchoolBus is driving from the opposite direction (far) and switching lane.,100000.0,44.095377,2.54,False,None,0.0
10,10_scenario_1,A skyblue Sedan is overtaking (far) the ego vehicle and switching lane.,100000.0,25.862563,3.66,False,None,0.0
10,10_scenario_2,A yellow Hatchback is crossing the road (near) and maintaining lane.,1.539855,7.969223,7.840000000000001,False,None,0.0
10,10_scenario_3,A skyblue Sedan is driving ahead (near) of the ego vehicle and switching lane.,1.770313,8.817928,6.96,False,None,0.0
10,10_scenario_4,A black Jeep is overtaking (far) the ego vehicle and maintaining lane.,5.304673,8.595708,3.64,False,None,0.0
10,10_scenario_5,A yellow Hatchback is overtaking (near) the ego vehicle and maintaining lane.,16.179146,8.521857,0.4599999999999999,False,None,0.0
10,10_scenario_6,A red Jeep is overtaking (near) the ego vehicle and switching lane.,1.640582,6.402856,13.74,False,None,0.0
10,10_scenario_7,A black SchoolBus is overtaking (near) the ego vehicle and maintaining lane.,5.896891,3.997682,1.38,False,None,0.0
10,10_scenario_8,A skyblue Hatchback is driving ahead (far) of the ego vehicle and maintaining lane.,7.84713,4.833438,10.62,False,None,0.0
10,10_scenario_9,A black Jeep is overtaking (far) the ego vehicle and maintaining lane.,4.86949,8.522337,2.16,False,None,0.0
10,10_scenario_10,A black Sedan is driving ahead (near) of the ego vehicle and maintaining lane.,17.833767,8.543784,0.5800000000000001,False,None,0.0
10,10_scenario_11_npc_vehicle,A yellow Hatchback is driving ahead (near) of the ego vehicle and maintaining lane.,0.0,4.557036,12.32,True,npc_vehicle,1.5699969371185536
11,11_scenario_0,A black SchoolBus is overtaking (near) the ego vehicle and maintaining lane.,100000.0,4.273312,1.84,False,None,0.0
11,11_scenario_1,A yellow Jeep is driving from the opposite direction (far) and switching lane.,3.322993,4.720691,3.9,False,None,0.0
11,11_scenario_2,A red SUV is overtaking (near) the ego vehicle and maintaining lane.,1.017792,8.539622,8.66,False,None,0.0
11,11_scenario_3,A yellow BoxTruck is overtaking (far) the ego vehicle and maintaining lane.,0.822651,11.485833,2.3,False,None,0.0
11,11_scenario_4,A yellow Hatchback is overtaking (far) the ego vehicle and switching lane.,6.480591,8.995636,5.46,False,None,0.0
11,11_scenario_5,A pink SUV is crossing the road (far) and switching lane.,2.242299,8.846262,14.68,False,None,0.0
11,11_scenario_6,A white SchoolBus is driving ahead (far) of the ego vehicle and maintaining lane.,1.609411,8.161956,5.22,False,None,0.0
11,11_scenario_7,A white BoxTruck is driving from the opposite direction (far) and switching lane.,2.029359,9.95162,4.46,False,None,0.0
11,11_scenario_8,A white Hatchback is overtaking (far) the ego vehicle and maintaining lane.,12.073906,8.858935,0.64,False,None,0.0
11,11_scenario_9,A skyblue SchoolBus is driving ahead (far) of the ego vehicle and switching lane.,15.020416,8.848926,3.16,False,None,0.0
11,11_scenario_10,A pink Jeep is driving ahead (far) of the ego vehicle and maintaining lane.,12.581549,8.854073,0.5,False,None,0.0
11,11_scenario_11,A black SchoolBus is overtaking (near) the ego vehicle and maintaining lane.,8.862909,6.111854,1.72,False,None,0.0
11,11_scenario_12,A pink SUV is overtaking (far) the ego vehicle and maintaining lane.,0.660958,4.41625,5.2,False,None,0.0
11,11_scenario_13,A black SchoolBus is overtaking (near) the ego vehicle and maintaining lane.,0.63517,4.807104,6.26,False,None,0.0
11,11_scenario_14,A white Hatchback is overtaking (far) the ego vehicle and maintaining lane.,2.025854,8.786415,4.96,False,None,0.0
12,12_scenario_0,A pink SUV is overtaking (far) the ego vehicle and maintaining lane.,100000.0,17.943075,2.74,False,None,0.0
12,12_scenario_1,A yellow Sedan is overtaking (far) the ego vehicle and maintaining lane.,10.809607,9.6394,2.7,False,None,0.0
12,12_scenario_2,A pink SUV is driving from the opposite direction (far) and maintaining lane.,0.9131,7.517476,5.48,False,None,0.0
12,12_scenario_3,A yellow Sedan is crossing the road (far) and maintaining lane.,0.82246,7.24204,10.76,False,None,0.0
12,12_scenario_4,A white Hatchback is driving ahead (far) of the ego vehicle and switching lane.,2.28532,17.199906,0.6000000000000001,False,None,0.0
12,12_scenario_5,A skyblue SchoolBus is driving ahead (far) of the ego vehicle and switching lane.,3.890363,16.561647,12.46,False,None,0.0
12,12_scenario_6,A white SchoolBus is driving ahead (far) of the ego vehicle and maintaining lane.,9.610614,18.036046,10.58,False,None,0.0
12,12_scenario_7,A black SchoolBus is overtaking (near) the ego vehicle and maintaining lane.,7.32251,14.893349,3.12,False,None,0.0
12,12_scenario_8,A yellow Sedan is crossing the road (far) and switching lane.,11.682238,12.078391,0.52,False,None,0.0
12,12_scenario_9,A pink BoxTruck is crossing the road (near) and switching lane.,38.972587,9.711182,3.46,False,None,0.0
12,12_scenario_10,A yellow Sedan is overtaking (far) the ego vehicle and maintaining lane.,41.356689,4.571307,0.7,False,None,0.0
12,12_scenario_11,A yellow SUV is overtaking (near) the ego vehicle and switching lane.,1.628424,3.76328,3.12,False,None,0.0
12,12_scenario_12,A red BoxTruck is driving ahead (far) of the ego vehicle and switching lane.,6.382999,3.907536,3.92,False,None,0.0
12,12_scenario_13,A pedestrian is crossing the road from left to right.,1.308604,4.054914,5.82,False,None,0.0
13,13_scenario_0,A black Jeep is overtaking (far) the ego vehicle and maintaining lane.,100000.0,17.25973,4.380000000000001,False,None,0.0
13,13_scenario_1,A red BoxTruck is driving ahead (far) of the ego vehicle and switching lane.,1.46499,4.418845,5.299999999999999,False,None,0.0
13,13_scenario_2,A yellow Sedan is overtaking (near) the ego vehicle and switching lane.,1.068381,8.883687,5.04,False,None,0.0
13,13_scenario_3,A pink Hatchback is crossing the road (far) and maintaining lane.,3.450302,8.944479,2.9000000000000004,False,None,0.0
13,13_scenario_4,A white Sedan is driving ahead (far) of the ego vehicle and switching lane.,2.446016,6.298969,1.3,False,None,0.0
13,13_scenario_5,A pink Hatchback is crossing the road (far) and maintaining lane.,2.329984,4.046606,7.1,False,None,0.0
13,13_scenario_6,A yellow Jeep is driving from the opposite direction (far) and switching lane.,1.948445,5.220845,5.960000000000001,False,None,0.0
13,13_scenario_7,A white BoxTruck is overtaking (far) the ego vehicle and switching lane.,2.904134,3.98179,9.68,False,None,0.0
13,13_scenario_8,A red SchoolBus is overtaking (far) the ego vehicle and switching lane.,9.33202,5.527832,0.6799999999999999,False,None,0.0
13,13_scenario_9,A red SUV is driving ahead (far) of the ego vehicle and maintaining lane.,13.833267,4.347894,2.74,False,None,0.0
13,13_scenario_10,A black Jeep is driving ahead (far) of the ego vehicle and switching lane.,5.728497,3.712999,5.0200000000000005,False,None,0.0
13,13_scenario_11,A skyblue SUV is crossing the road (far) and maintaining lane.,6.193306,4.712336,1.96,False,None,0.0
13,13_scenario_12,A black Sedan is driving ahead (far) of the ego vehicle and maintaining lane.,2.677892,3.723179,2.98,False,None,0.0
13,13_scenario_13,A red SUV is crossing the road (near) and maintaining lane.,1.810178,3.911957,3.58,False,None,0.0
13,13_scenario_14,A yellow Sedan is overtaking (near) the ego vehicle and switching lane.,1.809922,3.809419,1.86,False,None,0.0
13,13_scenario_15,A red SUV is driving ahead (far) of the ego vehicle and maintaining lane.,5.216593,12.036849,1.0,False,None,0.0
13,13_scenario_16,A white SUV is driving ahead (far) of the ego vehicle and switching lane.,7.947427,11.692811,0.7999999999999999,False,None,0.0
13,13_scenario_17,A yellow Hatchback is overtaking (near) the ego vehicle and maintaining lane.,7.206261,11.29676,7.18,False,None,0.0
14,14_scenario_0,A red BoxTruck is overtaking (near) the ego vehicle and maintaining lane.,100000.0,3.993237,1.82,False,None,0.0
14,14_scenario_1,A red BoxTruck is driving from the opposite direction (near) and maintaining lane.,3.857829,5.039241,11.5,False,None,0.0
14,14_scenario_2,A yellow SUV is overtaking (far) the ego vehicle and switching lane.,2.067683,16.782456,2.08,False,None,0.0
14,14_scenario_3,A red SUV is driving ahead (near) of the ego vehicle and switching lane.,7.842303,13.097089,6.82,False,None,0.0
14,14_scenario_4,A skyblue Hatchback is driving ahead (far) of the ego vehicle and maintaining lane.,4.851349,18.25849,1.5,False,None,0.0
14,14_scenario_5,A black SchoolBus is crossing the road (near) and maintaining lane.,2.369989,15.325419,1.08,False,None,0.0
14,14_scenario_6,A yellow SchoolBus is overtaking (far) the ego vehicle and maintaining lane.,5.268692,4.136202,15.32,False,None,0.0
14,14_scenario_7,A pink SUV is overtaking (far) the ego vehicle and maintaining lane.,2.136836,7.206438,9.14,False,None,0.0
14,14_scenario_8,A black Jeep is driving ahead (far) of the ego vehicle and switching lane.,4.474083,3.930207,3.3000000000000003,False,None,0.0
14,14_scenario_9,A yellow Hatchback is driving ahead (near) of the ego vehicle and maintaining lane.,14.747798,7.920911,0.7200000000000001,False,None,0.0
14,14_scenario_10,A red Hatchback is crossing the road (near) and switching lane.,8.544615,7.940045,1.0,False,None,0.0
14,14_scenario_11,A yellow BoxTruck is overtaking (far) the ego vehicle and maintaining lane.,2.685026,8.478163,2.14,False,None,0.0
14,14_scenario_12,A red BoxTruck is driving ahead (far) of the ego vehicle and switching lane.,3.301168,9.933257,3.94,False,None,0.0
14,14_scenario_13,A yellow Hatchback is driving ahead (near) of the ego vehicle and maintaining lane.,0.740741,5.089526,2.8600000000000003,False,None,0.0
14,14_scenario_14,A white BoxTruck is overtaking (far) the ego vehicle and switching lane.,3.37203,14.609756,4.2,False,None,0.0
14,14_scenario_15,A yellow SUV is driving from the opposite direction (near) and switching lane.,1.720743,8.809337,1.28,False,None,0.0
14,14_scenario_16,A pink Jeep is crossing the road (near) and switching lane.,1.557515,7.879331,0.6399999999999999,False,None,0.0
14,14_scenario_17,A yellow SchoolBus is overtaking (far) the ego vehicle and maintaining lane.,1.998598,20.31283,6.6,False,None,0.0
15,15_scenario_0,A red BoxTruck is driving ahead (far) of the ego vehicle and switching lane.,100000.0,43.60942,2.58,False,None,0.0
15,15_scenario_1,A white SchoolBus is driving ahead (near) of the ego vehicle and switching lane.,5.030477,51.036275,4.04,False,None,0.0
15,15_scenario_2,A white SUV is driving ahead (far) of the ego vehicle and switching lane.,6.018982,20.101503,8.94,False,None,0.0
15,15_scenario_3,A skyblue Sedan is driving ahead (near) of the ego vehicle and switching lane.,1.910043,9.702563,7.34,False,None,0.0
15,15_scenario_4,A pink Jeep is crossing the road (near) and switching lane.,8.162441,8.269636,3.38,False,None,0.0
15,15_scenario_5,A pedestrian is crossing the road from left to right.,10.190138,2.727026,8.34,False,None,0.0
15,15_scenario_6,A red BoxTruck is driving ahead (far) of the ego vehicle and switching lane.,6.47255,2.051558,6.5200000000000005,False,None,0.0
15,15_scenario_7,A white Jeep is crossing the road (far) and maintaining lane.,8.388446,25.892528,5.739999999999999,False,None,0.0
15,15_scenario_8,A yellow Jeep is driving from the opposite direction (far) and switching lane.,14.304855,23.917595,9.8,False,None,0.0
15,15_scenario_9,A yellow Sedan is crossing the road (far) and switching lane.,413.711086,21.241985,1.14,False,None,0.0
15,15_scenario_10,A red BoxTruck is driving from the opposite direction (near) and maintaining lane.,2.747962,17.837774,3.72,False,None,0.0
15,15_scenario_11,A pink Jeep is driving ahead (far) of the ego vehicle and maintaining lane.,3.463042,8.334111,6.5,False,None,0.0
15,15_scenario_12,A white BoxTruck is overtaking (far) the ego vehicle and switching lane.,10.531676,3.816618,5.319999999999999,False,None,0.0
15,15_scenario_13,A white Jeep is driving ahead (near) of the ego vehicle and maintaining lane.,2.057431,8.062241,5.42,False,None,0.0
15,15_scenario_14,A yellow SUV is overtaking (near) the ego vehicle and switching lane.,1.802553,9.03728,4.18,False,None,0.0
15,15_scenario_15,A red SUV is overtaking (near) the ego vehicle and maintaining lane.,0.657665,4.295326,1.56,False,None,0.0
15,15_scenario_16,A white SchoolBus is driving ahead (far) of the ego vehicle and maintaining lane.,8.362507,43.154982,5.24,False,None,0.0
16,16_scenario_0,A red SchoolBus is overtaking (near) the ego vehicle and switching lane.,34.448192,11.901249,2.04,False,None,0.0
16,16_scenario_1,A red SchoolBus is overtaking (far) the ego vehicle and switching lane.,12.726215,11.912207,4.02,False,None,0.0
16,16_scenario_2,A red Hatchback is crossing the road (far) and switching lane.,0.929078,9.502838,5.779999999999999,False,None,0.0
16,16_scenario_3,A white BoxTruck is overtaking (near) the ego vehicle and switching lane.,0.905019,8.069626,2.96,False,None,0.0
16,16_scenario_4,A pink SUV is overtaking (far) the ego vehicle and maintaining lane.,5.875224,7.809969,0.8599999999999999,False,None,0.0
16,16_scenario_5,A yellow SUV is overtaking (near) the ego vehicle and switching lane.,4.198341,8.217166,10.36,False,None,0.0
16,16_scenario_6,A pink Hatchback is driving ahead (near) of the ego vehicle and switching lane.,4.23568,8.03154,8.42,False,None,0.0
16,16_scenario_7,A black Jeep is driving ahead (far) of the ego vehicle and switching lane.,2.962723,7.88446,0.5399999999999999,False,None,0.0
16,16_scenario_8,A red BoxTruck is driving ahead (far) of the ego vehicle and maintaining lane.,11.86553,8.845704,4.76,False,None,0.0
16,16_scenario_9,A skyblue Sedan is overtaking (far) the ego vehicle and switching lane.,8.936544,10.94677,5.52,False,None,0.0
16,16_scenario_10,A pedestrian is crossing the road from right to left.,0.972368,3.539248,7.280000000000001,False,None,0.0
16,16_scenario_11,A white Jeep is driving ahead (near) of the ego vehicle and maintaining lane.,1.306357,10.748434,3.18,False,None,0.0
16,16_scenario_12,A yellow Hatchback is overtaking (far) the ego vehicle and switching lane.,3.544602,20.875957,4.08,False,None,0.0
16,16_scenario_13,A black SchoolBus is overtaking (near) the ego vehicle and maintaining lane.,5.12321,8.653712,3.88,False,None,0.0
16,16_scenario_14,A yellow SchoolBus is overtaking (far) the ego vehicle and maintaining lane.,12.995803,8.745328,1.1,False,None,0.0
16,16_scenario_15,A skyblue SchoolBus is driving ahead (far) of the ego vehicle and switching lane.,1.224427,5.316153,6.28,False,None,0.0
16,16_scenario_16,A yellow Sedan is overtaking (far) the ego vehicle and maintaining lane.,1.040271,8.506146,5.7,False,None,0.0
17,17_scenario_0,A red SchoolBus is overtaking (far) the ego vehicle and switching lane.,100000.0,31.434574,2.34,False,None,0.0
17,17_scenario_1,A red BoxTruck is overtaking (near) the ego vehicle and maintaining lane.,28.326266,8.068432,3.46,False,None,0.0
17,17_scenario_2,A pink SUV is driving from the opposite direction (far) and maintaining lane.,1.503398,8.042994,5.199999999999999,False,None,0.0
17,17_scenario_3,A yellow Sedan is overtaking (far) the ego vehicle and maintaining lane.,1.224304,10.470603,3.34,False,None,0.0
17,17_scenario_4,A black Jeep is overtaking (near) the ego vehicle and maintaining lane.,6.599742,16.609121,0.5800000000000001,False,None,0.0
17,17_scenario_5,A black Jeep is overtaking (far) the ego vehicle and maintaining lane.,4.090458,18.388374,6.119999999999999,False,None,0.0
17,17_scenario_6,A red BoxTruck is driving ahead (far) of the ego vehicle and switching lane.,5.52785,11.746734,9.52,False,None,0.0
17,17_scenario_7,A pedestrian is crossing the road from right to left.,4.904756,7.916061,10.12,False,None,0.0
17,17_scenario_8_pedestrian,A yellow SUV is overtaking (far) the ego vehicle and switching lane.,0.0,2.650927,6.220000000000001,True,pedestrian,3.7781394585482
18,18_scenario_0,A black SUV is driving ahead (near) of the ego vehicle and maintaining lane.,13.524485,13.043348,2.5,False,None,0.0
18,18_scenario_1,A white SchoolBus is driving ahead (near) of the ego vehicle and switching lane.,100000.0,19.580597,2.6000000000000005,False,None,0.0
18,18_scenario_2,A skyblue Jeep is driving from the opposite direction (far) and maintaining lane.,3.293435,27.417027,2.7,False,None,0.0
18,18_scenario_3,A red SchoolBus is overtaking (far) the ego vehicle and switching lane.,2.162305,29.677242,2.44,False,None,0.0
18,18_scenario_4,A black Jeep is overtaking (far) the ego vehicle and maintaining lane.,2.013838,21.478891,10.44,False,None,0.0
18,18_scenario_5,A red SUV is driving ahead (far) of the ego vehicle and maintaining lane.,8.336344,29.983613,1.34,False,None,0.0
18,18_scenario_6,A white BoxTruck is overtaking (far) the ego vehicle and switching lane.,2.603047,27.17859,3.08,False,None,0.0
18,18_scenario_7,A yellow Sedan is crossing the road (far) and maintaining lane.,2.080345,24.44248,14.14,False,None,0.0
18,18_scenario_8,A yellow BoxTruck is overtaking (far) the ego vehicle and maintaining lane.,7.535792,21.990454,1.7600000000000002,False,None,0.0
18,18_scenario_9,A black Jeep is overtaking (near) the ego vehicle and maintaining lane.,2.287217,4.12544,0.4199999999999999,False,None,0.0
18,18_scenario_10,A pink Hatchback is crossing the road (far) and maintaining lane.,1.21479,9.143679,2.6,False,None,0.0
18,18_scenario_11,A red BoxTruck is overtaking (near) the ego vehicle and maintaining lane.,2.421439,10.362513,8.940000000000001,False,None,0.0
18,18_scenario_12,A pink Jeep is driving ahead (far) of the ego vehicle and maintaining lane.,100000.0,6.755815,2.12,False,None,0.0
18,18_scenario_13,A skyblue Jeep is overtaking (far) the ego vehicle and switching lane.,6.825115,3.823914,3.8,False,None,0.0
18,18_scenario_14,A white Jeep is crossing the road (far) and maintaining lane.,1.552967,3.913257,5.16,False,None,0.0
18,18_scenario_15,A black Hatchback is overtaking (near) the ego vehicle and switching lane.,1.561109,7.153462,6.98,False,None,0.0
19,19_scenario_0,A red SUV is driving ahead (far) of the ego vehicle and maintaining lane.,100000.0,25.405242,3.0,False,None,0.0
19,19_scenario_1,A red BoxTruck is driving from the opposite direction (far) and maintaining lane.,2.763133,22.356188,4.5,False,None,0.0
19,19_scenario_2,A skyblue Sedan is overtaking (far) the ego vehicle and switching lane.,2.652825,17.532308,5.66,False,None,0.0
19,19_scenario_3,A white BoxTruck is overtaking (near) the ego vehicle and switching lane.,13.37313,20.026966,3.58,False,None,0.0
19,19_scenario_4,A yellow Sedan is overtaking (far) the ego vehicle and maintaining lane.,7.484826,34.502101,0.6600000000000001,False,None,0.0
19,19_scenario_5,A white SchoolBus is driving ahead (near) of the ego vehicle and switching lane.,0.559497,7.907428,11.36,False,None,0.0
19,19_scenario_6,A white Sedan is driving ahead (far) of the ego vehicle and switching lane.,2.901621,15.230101,3.68,False,None,0.0
19,19_scenario_7,A pedestrian is crossing the road from right to left.,8.253017,12.100349,4.08,False,None,0.0
19,19_scenario_8,A red Hatchback is crossing the road (far) and switching lane.,9.920405,9.672169,0.6000000000000001,False,None,0.0
19,19_scenario_9_npc_vehicle,A black SUV is driving ahead (near) of the ego vehicle and maintaining lane.,0.0,2.046968,1.6800000000000002,True,npc_vehicle,10.565053874079686
