Execution,ScenarioID,Configuration_API_Description,Attribute[TTC],Attribute[DTO],Attribute[Jerk],Attribute[COL],Attribute[COLT],Attribute[SAC]
0,0_scenario_0,A red BoxTruck is overtaking (near) the ego vehicle and maintaining lane.,100000.0,4.726593,2.64,False,None,0.0
0,0_scenario_1_npc_vehicle,A white SchoolBus is driving ahead (near) of the ego vehicle and switching lane.,0.0,3.522674,6.74,True,npc_vehicle,0.0424375973976964
1,1_scenario_0,A pink SUV is overtaking (far) the ego vehicle and maintaining lane.,100000.0,27.01597,2.5400000000000005,False,None,0.0
1,1_scenario_1,A skyblue SUV is driving from the opposite direction (near) and maintaining lane.,100000.0,10.153004,2.92,False,None,0.0
1,1_scenario_2,A black Jeep is driving ahead (far) of the ego vehicle and switching lane.,241.079816,7.064057,2.48,False,None,0.0
1,1_scenario_3,A black Hatchback is overtaking (near) the ego vehicle and switching lane.,60.425328,5.172314,1.2,False,None,0.0
1,1_scenario_4,A pink SchoolBus is crossing the road (near) and switching lane.,1.435759,4.022189,6.0200000000000005,False,None,0.0
1,1_scenario_5,A red BoxTruck is driving ahead (far) of the ego vehicle and switching lane.,2.084976,14.589219,5.0,False,None,0.0
1,1_scenario_6,A yellow Sedan is crossing the road (far) and maintaining lane.,1.849684,24.492799,10.94,False,None,0.0
1,1_scenario_7,A red BoxTruck is driving ahead (far) of the ego vehicle and maintaining lane.,8.504601,31.53304,2.88,False,None,0.0
1,1_scenario_8,A white SchoolBus is driving ahead (far) of the ego vehicle and maintaining lane.,22.344435,29.097187,0.7399999999999998,False,None,0.0
1,1_scenario_9,A red Hatchback is crossing the road (far) and switching lane.,9.619105,31.990679,4.38,False,None,0.0
1,1_scenario_10,A red BoxTruck is driving ahead (far) of the ego vehicle and switching lane.,19.31616,37.722143,5.22,False,None,0.0
1,1_scenario_11,A black Sedan is driving ahead (near) of the ego vehicle and maintaining lane.,3.553915,12.423882,4.8,False,None,0.0
1,1_scenario_12,A white BoxTruck is overtaking (near) the ego vehicle and switching lane.,8.774446,8.395962,0.7000000000000001,False,None,0.0
1,1_scenario_13,A pink Jeep is crossing the road (near) and switching lane.,100000.0,14.201335,4.9,False,None,0.0
2,2_scenario_0,A pink Jeep is driving ahead (far) of the ego vehicle and maintaining lane.,11.930585,50.586875,2.14,False,None,0.0
2,2_scenario_1,A pink Sedan is driving from the opposite direction (far) and maintaining lane.,5.593862,46.707494,2.14,False,None,0.0
2,2_scenario_2,A red SchoolBus is overtaking (far) the ego vehicle and switching lane.,7.992317,50.835959,0.6200000000000001,False,None,0.0
2,2_scenario_3,A skyblue BoxTruck is driving ahead (near) of the ego vehicle and switching lane.,1.979007,8.043248,11.34,False,None,0.0
2,2_scenario_4,A red BoxTruck is driving ahead (far) of the ego vehicle and switching lane.,1.806933,17.515499,13.24,False,None,0.0
2,2_scenario_5,A black SchoolBus is overtaking (near) the ego vehicle and maintaining lane.,11.815702,13.364701,13.78,False,None,0.0
2,2_scenario_6,A red SUV is crossing the road (near) and maintaining lane.,0.499352,8.42262,9.74,False,None,0.0
2,2_scenario_7,A yellow BoxTruck is overtaking (far) the ego vehicle and maintaining lane.,3.054694,11.362922,14.44,False,None,0.0
2,2_scenario_8,A red Hatchback is driving from the opposite direction (near) and switching lane.,20.762115,16.882464,2.84,False,None,0.0
2,2_scenario_9,A skyblue Sedan is overtaking (far) the ego vehicle and switching lane.,3.600762,7.556479,6.42,False,None,0.0
2,2_scenario_10,A red BoxTruck is driving ahead (far) of the ego vehicle and maintaining lane.,4.762183,8.289373,0.44,False,None,0.0
2,2_scenario_11,A pink Jeep is driving ahead (far) of the ego vehicle and maintaining lane.,2.661182,8.746307,6.08,False,None,0.0
2,2_scenario_12,A pink SchoolBus is driving from the opposite direction (far) and maintaining lane.,2.756948,7.43728,9.86,False,None,0.0
2,2_scenario_13,A pink Jeep is driving ahead (far) of the ego vehicle and maintaining lane.,20.826034,2.924818,5.02,False,None,0.0
2,2_scenario_14,A black Sedan is driving ahead (far) of the ego vehicle and maintaining lane.,2.490143,5.966535,2.9,False,None,0.0
2,2_scenario_15,A yellow Hatchback is overtaking (near) the ego vehicle and maintaining lane.,3.237303,4.997343,0.56,False,None,0.0
2,2_scenario_16,A yellow SchoolBus is overtaking (far) the ego vehicle and maintaining lane.,2.037729,16.05119,5.86,False,None,0.0
2,2_scenario_17,A skyblue Jeep is overtaking (far) the ego vehicle and switching lane.,7.988237,7.037557,7.12,False,None,0.0
2,2_scenario_18,A white SUV is driving ahead (far) of the ego vehicle and switching lane.,1.496332,5.695579,6.9,False,None,0.0
3,3_scenario_0,A pink BoxTruck is driving ahead (near) of the ego vehicle and maintaining lane.,100000.0,100000.0,3.0,False,None,0.0
3,3_scenario_1,A pink BoxTruck is driving ahead (near) of the ego vehicle and maintaining lane.,7.516379,16.579101,9.96,False,None,0.0
3,3_scenario_2,A red Hatchback is crossing the road (near) and switching lane.,100000.0,18.896735,0.5199999999999999,False,None,0.0
3,3_scenario_3,A red SUV is driving ahead (far) of the ego vehicle and maintaining lane.,42.240606,16.778868,3.3,False,None,0.0
3,3_scenario_4,A red SUV is driving ahead (far) of the ego vehicle and maintaining lane.,19.504005,17.629537,3.08,False,None,0.0
3,3_scenario_5,A pedestrian is crossing the road from left to right.,47.912785,19.21388,5.819999999999999,False,None,0.0
3,3_scenario_6,A yellow SchoolBus is driving from the opposite direction (near) and switching lane.,2.010333,4.893035,10.66,False,None,0.0
3,3_scenario_7,A red Hatchback is crossing the road (far) and switching lane.,16.695309,5.559699,9.66,False,None,0.0
3,3_scenario_8,A black SUV is driving from the opposite direction (far) and switching lane.,4.118409,3.784013,5.119999999999999,False,None,0.0
3,3_scenario_9,A pink Jeep is driving ahead (far) of the ego vehicle and maintaining lane.,2.643893,17.117762,3.42,False,None,0.0
3,3_scenario_10,A skyblue Jeep is overtaking (far) the ego vehicle and switching lane.,10.323107,19.323624,3.26,False,None,0.0
3,3_scenario_11,A red SUV is driving ahead (far) of the ego vehicle and maintaining lane.,6.611158,21.217103,3.98,False,None,0.0
3,3_scenario_12,A black Jeep is driving ahead (far) of the ego vehicle and switching lane.,7.312328,26.910674,4.36,False,None,0.0
3,3_scenario_13,A pink BoxTruck is crossing the road (near) and switching lane.,100000.0,13.665664,0.98,False,None,0.0
3,3_scenario_14,A white SUV is driving ahead (far) of the ego vehicle and switching lane.,100000.0,34.916809,5.1,False,None,0.0
3,3_scenario_15,A black Jeep is overtaking (near) the ego vehicle and maintaining lane.,100000.0,3.9418,7.12,False,None,0.0
4,4_scenario_0,A skyblue SchoolBus is driving ahead (far) of the ego vehicle and switching lane.,11.402928,50.59047,5.2,False,None,0.0
4,4_scenario_1,A yellow Sedan is overtaking (near) the ego vehicle and switching lane.,2.500252,12.727533,2.3599999999999994,False,None,0.0
4,4_scenario_2,A yellow Sedan is crossing the road (far) and switching lane.,1.883333,20.709724,0.6199999999999999,False,None,0.0
4,4_scenario_3,A black Jeep is driving ahead (far) of the ego vehicle and switching lane.,9.529666,20.532447,1.0599999999999998,False,None,0.0
4,4_scenario_4,A black Hatchback is overtaking (near) the ego vehicle and switching lane.,2.873761,13.187873,3.92,False,None,0.0
4,4_scenario_5,A skyblue Hatchback is driving ahead (far) of the ego vehicle and maintaining lane.,18.772376,14.178163,13.0,False,None,0.0
4,4_scenario_6,A skyblue SUV is crossing the road (far) and maintaining lane.,3.442533,14.71193,11.68,False,None,0.0
4,4_scenario_7,A pink Hatchback is driving ahead (near) of the ego vehicle and switching lane.,11.269218,6.108471,6.340000000000001,False,None,0.0
4,4_scenario_8,A yellow Hatchback is driving ahead (near) of the ego vehicle and maintaining lane.,2.031211,11.557149,4.16,False,None,0.0
4,4_scenario_9,A red SUV is overtaking (near) the ego vehicle and maintaining lane.,7.219914,5.193609,6.42,False,None,0.0
4,4_scenario_10,A white SchoolBus is driving ahead (far) of the ego vehicle and maintaining lane.,5.008568,3.65785,5.28,False,None,0.0
4,4_scenario_11,A white Jeep is driving ahead (near) of the ego vehicle and maintaining lane.,3.16472,4.194541,4.26,False,None,0.0
4,4_scenario_12,A red BoxTruck is driving ahead (far) of the ego vehicle and maintaining lane.,100000.0,18.418516,2.36,False,None,0.0
4,4_scenario_13,A skyblue SUV is crossing the road (far) and maintaining lane.,100000.0,28.548716,0.76,False,None,0.0
4,4_scenario_14,A black Jeep is driving ahead (far) of the ego vehicle and switching lane.,100000.0,34.632807,6.72,False,None,0.0
5,5_scenario_0,A red BoxTruck is driving ahead (far) of the ego vehicle and switching lane.,12.461459,50.97973,4.239999999999999,False,None,0.0
5,5_scenario_1,A skyblue Hatchback is driving ahead (far) of the ego vehicle and maintaining lane.,18.847747,44.027367,6.260000000000001,False,None,0.0
5,5_scenario_2,A pink BoxTruck is crossing the road (near) and switching lane.,1.455241,10.241487,8.68,False,None,0.0
5,5_scenario_3,A yellow SchoolBus is overtaking (far) the ego vehicle and maintaining lane.,3.373588,39.939868,7.140000000000001,False,None,0.0
5,5_scenario_4,A pink Hatchback is driving ahead (near) of the ego vehicle and switching lane.,4.574542,5.43633,10.8,False,None,0.0
5,5_scenario_5,A pink Hatchback is crossing the road (far) and maintaining lane.,1.839606,8.025562,5.779999999999999,False,None,0.0
5,5_scenario_6,A black Jeep is overtaking (far) the ego vehicle and maintaining lane.,9.854385,22.604876,6.66,False,None,0.0
5,5_scenario_7_npc_vehicle,A black Sedan is driving ahead (near) of the ego vehicle and maintaining lane.,0.0,3.890541,5.62,True,npc_vehicle,1.4335769508709406
6,6_scenario_0,A red BoxTruck is driving ahead (far) of the ego vehicle and maintaining lane.,14.36451,50.255183,2.04,False,None,0.0
6,6_scenario_1,A skyblue Hatchback is driving from the opposite direction (far) and maintaining lane.,5.370917,46.718328,6.54,False,None,0.0
6,6_scenario_2,A white Jeep is crossing the road (far) and maintaining lane.,5.518095,27.452175,6.459999999999999,False,None,0.0
6,6_scenario_3,A white Sedan is driving ahead (far) of the ego vehicle and switching lane.,4.57304,43.097512,6.08,False,None,0.0
6,6_scenario_4,A yellow Hatchback is overtaking (near) the ego vehicle and maintaining lane.,4.904274,5.143461,13.86,False,None,0.0
6,6_scenario_5,A red BoxTruck is overtaking (near) the ego vehicle and maintaining lane.,4.725664,11.294822,5.880000000000001,False,None,0.0
6,6_scenario_6,A white SchoolBus is driving from the opposite direction (far) and switching lane.,4.286991,4.680333,15.88,False,None,0.0
6,6_scenario_7,A black SchoolBus is overtaking (near) the ego vehicle and maintaining lane.,8.226316,3.954335,7.12,False,None,0.0
6,6_scenario_8,A yellow SUV is overtaking (far) the ego vehicle and switching lane.,7.253755,7.326606,6.04,False,None,0.0
6,6_scenario_9,A red BoxTruck is driving ahead (far) of the ego vehicle and switching lane.,3.172238,4.134614,3.9,False,None,0.0
6,6_scenario_10,A white Hatchback is driving ahead (far) of the ego vehicle and switching lane.,3.479051,9.312085,4.5,False,None,0.0
6,6_scenario_11,A skyblue Hatchback is driving from the opposite direction (far) and maintaining lane.,9.68325,7.07294,3.4000000000000004,False,None,0.0
6,6_scenario_12,A yellow BoxTruck is overtaking (far) the ego vehicle and maintaining lane.,11.346688,5.202737,12.32,False,None,0.0
6,6_scenario_13_npc_vehicle,A red SchoolBus is driving from the opposite direction (near) and maintaining lane.,0.0,3.328966,6.3,True,npc_vehicle,1.899482039676812
7,7_scenario_0,A white SchoolBus is driving ahead (far) of the ego vehicle and maintaining lane.,12.329458,50.549844,6.34,False,None,0.0
7,7_scenario_1,A yellow Hatchback is overtaking (far) the ego vehicle and switching lane.,21.036761,21.374087,10.06,False,None,0.0
7,7_scenario_2,A pink SchoolBus is crossing the road (near) and switching lane.,1.753689,10.610255,10.94,False,None,0.0
7,7_scenario_3,A red SUV is overtaking (near) the ego vehicle and maintaining lane.,2.887075,4.992695,4.340000000000001,False,None,0.0
7,7_scenario_4,A black Sedan is driving ahead (near) of the ego vehicle and maintaining lane.,1.073957,8.151198,3.88,False,None,0.0
7,7_scenario_5,A pink Sedan is driving from the opposite direction (far) and maintaining lane.,3.10006,8.435191,0.5,False,None,0.0
7,7_scenario_6,A red Hatchback is driving from the opposite direction (near) and switching lane.,1.782362,8.282893,14.48,False,None,0.0
7,7_scenario_7,A red SUV is crossing the road (near) and maintaining lane.,4.117471,7.90187,3.12,False,None,0.0
7,7_scenario_8,A yellow SchoolBus is overtaking (far) the ego vehicle and maintaining lane.,10.250885,8.135458,6.220000000000001,False,None,0.0
7,7_scenario_9,A yellow Jeep is driving from the opposite direction (far) and switching lane.,4.652784,12.156587,5.92,False,None,0.0
7,7_scenario_10,A yellow SchoolBus is driving from the opposite direction (near) and switching lane.,3.927391,15.267928,6.04,False,None,0.0
7,7_scenario_11,A black Jeep is overtaking (near) the ego vehicle and maintaining lane.,5.005688,5.219158,5.44,False,None,0.0
7,7_scenario_12,A pink SUV is overtaking (far) the ego vehicle and maintaining lane.,2.879649,7.580999,6.42,False,None,0.0
7,7_scenario_13,A red SUV is driving ahead (far) of the ego vehicle and maintaining lane.,7.83304,8.062106,1.7199999999999998,False,None,0.0
7,7_scenario_14,A pink Hatchback is driving ahead (near) of the ego vehicle and switching lane.,30.765033,8.692026,5.12,False,None,0.0
7,7_scenario_15,A black Jeep is overtaking (far) the ego vehicle and maintaining lane.,1.302909,8.635546,6.16,False,None,0.0
8,8_scenario_0,A red SchoolBus is driving from the opposite direction (near) and maintaining lane.,1.843312,25.208377,4.98,False,None,0.0
8,8_scenario_1,A red SchoolBus is overtaking (far) the ego vehicle and switching lane.,100000.0,43.439208,12.2,False,None,0.0
8,8_scenario_2,A white Hatchback is overtaking (far) the ego vehicle and maintaining lane.,100000.0,34.373684,0.4199999999999999,False,None,0.0
8,8_scenario_3,A white SchoolBus is driving ahead (far) of the ego vehicle and maintaining lane.,15.397777,28.210641,3.58,False,None,0.0
8,8_scenario_4,A red SUV is overtaking (near) the ego vehicle and maintaining lane.,10.908315,6.289324,6.0600000000000005,False,None,0.0
8,8_scenario_5,A skyblue Hatchback is driving ahead (far) of the ego vehicle and maintaining lane.,8.979201,12.003028,5.62,False,None,0.0
8,8_scenario_6,A yellow SUV is overtaking (near) the ego vehicle and switching lane.,7.622812,17.486252,13.1,False,None,0.0
8,8_scenario_7,A yellow Hatchback is driving ahead (near) of the ego vehicle and maintaining lane.,1.654851,6.278352,9.12,False,None,0.0
8,8_scenario_8,A red SchoolBus is overtaking (far) the ego vehicle and switching lane.,3.192527,18.471307,4.74,False,None,0.0
8,8_scenario_9,A white Hatchback is driving ahead (far) of the ego vehicle and switching lane.,4.29382,32.030043,3.42,False,None,0.0
8,8_scenario_10,A pink Jeep is driving ahead (far) of the ego vehicle and maintaining lane.,11.872601,40.800835,4.58,False,None,0.0
8,8_scenario_11,A black SchoolBus is crossing the road (far) and maintaining lane.,20.337045,47.75379,4.44,False,None,0.0
8,8_scenario_12,A yellow Sedan is driving from the opposite direction (near) and switching lane.,8.669621,19.501933,5.04,False,None,0.0
8,8_scenario_13,A black SUV is driving ahead (near) of the ego vehicle and maintaining lane.,4.802742,12.191941,0.3799999999999999,False,None,0.0
8,8_scenario_14,A white SchoolBus is driving ahead (far) of the ego vehicle and maintaining lane.,4.185404,29.700852,6.62,False,None,0.0
9,9_scenario_0,A white BoxTruck is overtaking (far) the ego vehicle and switching lane.,100000.0,13.971909,3.26,False,None,0.0
9,9_scenario_1,A skyblue SchoolBus is driving ahead (far) of the ego vehicle and switching lane.,4.096537,14.293067,3.5600000000000005,False,None,0.0
9,9_scenario_2,A pink Hatchback is driving ahead (near) of the ego vehicle and switching lane.,9.612095,8.794041,7.18,False,None,0.0
9,9_scenario_3,A black Jeep is driving ahead (far) of the ego vehicle and switching lane.,2.85738,12.272562,2.16,False,None,0.0
9,9_scenario_4,A pink Hatchback is driving from the opposite direction (far) and switching lane.,4.096961,12.497445,5.68,False,None,0.0
9,9_scenario_5,A red Hatchback is crossing the road (far) and switching lane.,9.948192,12.851558,2.44,False,None,0.0
9,9_scenario_6,A yellow Sedan is crossing the road (far) and maintaining lane.,3.279909,13.065202,0.96,False,None,0.0
9,9_scenario_7,A skyblue SchoolBus is driving ahead (far) of the ego vehicle and switching lane.,4.072243,13.204973,5.88,False,None,0.0
9,9_scenario_8,A black Jeep is driving ahead (near) of the ego vehicle and switching lane.,10.730534,8.795786,10.94,False,None,0.0
9,9_scenario_9,A yellow SUV is driving from the opposite direction (near) and switching lane.,2.495492,10.447656,8.16,False,None,0.0
9,9_scenario_10,A red Sedan is overtaking (near) the ego vehicle and maintaining lane.,4.393781,11.261211,12.74,False,None,0.0
9,9_scenario_11,A yellow SUV is overtaking (near) the ego vehicle and switching lane.,7.1453,3.198673,6.220000000000001,False,None,0.0
9,9_scenario_12,A skyblue Sedan is overtaking (far) the ego vehicle and switching lane.,1.624547,7.1353,4.4,False,None,0.0
9,9_scenario_13,A red BoxTruck is driving from the opposite direction (far) and maintaining lane.,2.537059,5.193398,2.48,False,None,0.0
9,9_scenario_14,A black Sedan is driving ahead (far) of the ego vehicle and maintaining lane.,100000.0,39.131012,0.54,False,None,0.0
9,9_scenario_15,A skyblue BoxTruck is driving ahead (near) of the ego vehicle and switching lane.,100000.0,15.282612,4.58,False,None,0.0
10,10_scenario_0,A pink Hatchback is crossing the road (far) and maintaining lane.,0.932911,10.736222,6.16,False,None,0.0
10,10_scenario_1_npc_vehicle,A white SUV is driving ahead (far) of the ego vehicle and switching lane.,0.0,3.730298,8.18,True,npc_vehicle,1.6796515370217542
11,11_scenario_0,A black Jeep is driving ahead (near) of the ego vehicle and switching lane.,7.225744,8.468279,7.3,False,None,0.0
11,11_scenario_1,A red SchoolBus is overtaking (far) the ego vehicle and switching lane.,2.218183,13.625308,2.68,False,None,0.0
11,11_scenario_2,A skyblue SchoolBus is driving ahead (far) of the ego vehicle and switching lane.,7.453195,19.855456,4.16,False,None,0.0
11,11_scenario_3,A red BoxTruck is driving from the opposite direction (near) and maintaining lane.,9.290286,18.445571,5.34,False,None,0.0
11,11_scenario_4,A yellow Sedan is overtaking (near) the ego vehicle and switching lane.,2.811988,12.481191,1.4800000000000002,False,None,0.0
11,11_scenario_5,A yellow Hatchback is driving ahead (near) of the ego vehicle and maintaining lane.,1.412989,5.27063,10.62,False,None,0.0
11,11_scenario_6,A white BoxTruck is overtaking (far) the ego vehicle and switching lane.,2.033994,10.274171,5.44,False,None,0.0
11,11_scenario_7,A pink Jeep is driving ahead (far) of the ego vehicle and maintaining lane.,2.527895,14.254258,6.139999999999999,False,None,0.0
11,11_scenario_8,A yellow BoxTruck is overtaking (far) the ego vehicle and maintaining lane.,2.826938,14.886229,6.16,False,None,0.0
11,11_scenario_9,A skyblue Sedan is overtaking (far) the ego vehicle and switching lane.,8.267587,19.892354,5.92,False,None,0.0
11,11_scenario_10,A pink SUV is overtaking (far) the ego vehicle and maintaining lane.,18.333303,13.461201,7.04,False,None,0.0
11,11_scenario_11,A yellow Hatchback is overtaking (near) the ego vehicle and maintaining lane.,10.276482,5.548844,4.52,False,None,0.0
11,11_scenario_12,A skyblue SchoolBus is driving ahead (far) of the ego vehicle and switching lane.,100000.0,8.609924,5.64,False,None,0.0
11,11_scenario_13,A black SchoolBus is crossing the road (far) and maintaining lane.,100000.0,7.009895,4.36,False,None,0.0
11,11_scenario_14,A white BoxTruck is driving from the opposite direction (far) and switching lane.,100000.0,16.585828,4.98,False,None,0.0
12,12_scenario_0,A pink Hatchback is driving from the opposite direction (far) and switching lane.,4.70213,51.76895,6.12,False,None,0.0
12,12_scenario_1,A skyblue Hatchback is driving from the opposite direction (far) and maintaining lane.,5.617909,47.22387,2.5,False,None,0.0
12,12_scenario_2,A red SUV is driving ahead (far) of the ego vehicle and maintaining lane.,2.854731,34.686354,0.4199999999999999,False,None,0.0
12,12_scenario_3,A red Sedan is overtaking (near) the ego vehicle and maintaining lane.,3.469664,4.805983,0.7000000000000001,False,None,0.0
12,12_scenario_4,A pink SUV is driving from the opposite direction (far) and maintaining lane.,1.477148,9.663683,10.7,False,None,0.0
12,12_scenario_5,A white Hatchback is overtaking (far) the ego vehicle and maintaining lane.,10.21789,30.182281,16.58,False,None,0.0
12,12_scenario_6,A red BoxTruck is driving from the opposite direction (far) and maintaining lane.,9.670343,8.449567,12.7,False,None,0.0
12,12_scenario_7,A white Sedan is driving ahead (far) of the ego vehicle and switching lane.,9.642752,4.325292,4.380000000000001,False,None,0.0
12,12_scenario_8,A black Jeep is overtaking (far) the ego vehicle and maintaining lane.,7.763559,4.279534,3.7,False,None,0.0
12,12_scenario_9,A red SUV is crossing the road (near) and maintaining lane.,1.603283,9.875503,7.979999999999999,False,None,0.0
12,12_scenario_10,A yellow SUV is overtaking (far) the ego vehicle and switching lane.,2.986107,6.69949,5.22,False,None,0.0
12,12_scenario_11,A skyblue SUV is driving from the opposite direction (near) and maintaining lane.,11.857636,5.867519,6.58,False,None,0.0
12,12_scenario_12,A black SchoolBus is overtaking (near) the ego vehicle and maintaining lane.,3.745148,7.888989,2.68,False,None,0.0
12,12_scenario_13,A red SchoolBus is overtaking (near) the ego vehicle and switching lane.,1.351714,4.044286,4.46,False,None,0.0
12,12_scenario_14,A yellow BoxTruck is overtaking (far) the ego vehicle and maintaining lane.,6.771202,18.950528,4.28,False,None,0.0
12,12_scenario_15,A black Sedan is driving ahead (near) of the ego vehicle and maintaining lane.,2.204297,5.150609,5.4,False,None,0.0
12,12_scenario_16,A black Sedan is driving ahead (near) of the ego vehicle and maintaining lane.,4.829925,13.628284,5.18,False,None,0.0
12,12_scenario_17,A skyblue SUV is crossing the road (far) and maintaining lane.,4.552769,30.045377,7.0,False,None,0.0
13,13_scenario_0,A red BoxTruck is driving ahead (far) of the ego vehicle and switching lane.,10.685055,51.130015,4.44,False,None,0.0
13,13_scenario_1,A pink Jeep is crossing the road (near) and switching lane.,0.662829,4.529037,1.62,False,None,0.0
13,13_scenario_2,A black Jeep is driving ahead (near) of the ego vehicle and switching lane.,0.751533,5.21373,3.64,False,None,0.0
13,13_scenario_3,A red Sedan is overtaking (near) the ego vehicle and maintaining lane.,1.453396,4.673099,13.36,False,None,0.0
13,13_scenario_4,A red SchoolBus is overtaking (far) the ego vehicle and switching lane.,1.850739,4.502566,2.54,False,None,0.0
13,13_scenario_5,A pink Jeep is crossing the road (near) and switching lane.,1.214115,8.068957,10.579999999999998,False,None,0.0
13,13_scenario_6,A skyblue Jeep is overtaking (far) the ego vehicle and switching lane.,4.37593,11.137048,5.82,False,None,0.0
13,13_scenario_7,A black Jeep is driving ahead (far) of the ego vehicle and switching lane.,2.869875,11.224102,6.26,False,None,0.0
13,13_scenario_8,A pink Sedan is driving from the opposite direction (near) and maintaining lane.,1.951549,13.382938,2.3599999999999994,False,None,0.0
13,13_scenario_9,A red SchoolBus is driving from the opposite direction (near) and maintaining lane.,6.355456,16.551483,14.02,False,None,0.0
13,13_scenario_10,A white SchoolBus is driving ahead (near) of the ego vehicle and switching lane.,5.295802,8.282801,10.72,False,None,0.0
13,13_scenario_11,A red SchoolBus is overtaking (far) the ego vehicle and switching lane.,2.156988,11.149567,13.3,False,None,0.0
13,13_scenario_12,A pink SchoolBus is crossing the road (near) and switching lane.,1.339321,12.336853,6.3,False,None,0.0
13,13_scenario_13,A black SchoolBus is crossing the road (near) and maintaining lane.,0.495421,7.76809,9.88,False,None,0.0
13,13_scenario_14,A red BoxTruck is overtaking (near) the ego vehicle and maintaining lane.,1.782736,8.945458,2.48,False,None,0.0
13,13_scenario_15,A white BoxTruck is overtaking (near) the ego vehicle and switching lane.,16.690109,3.619283,5.06,False,None,0.0
13,13_scenario_16,A red Jeep is overtaking (near) the ego vehicle and switching lane.,100000.0,4.639251,2.96,False,None,0.0
13,13_scenario_17,A black Jeep is overtaking (near) the ego vehicle and maintaining lane.,100000.0,5.346027,2.36,False,None,0.0
13,13_scenario_18,A skyblue Hatchback is driving from the opposite direction (far) and maintaining lane.,100000.0,4.211153,6.2,False,None,0.0
13,13_scenario_19,A pink Sedan is driving from the opposite direction (far) and maintaining lane.,5.868567,24.434453,7.0,False,None,0.0
14,14_scenario_0,A black SchoolBus is overtaking (near) the ego vehicle and maintaining lane.,100000.0,6.981997,4.68,False,None,0.0
14,14_scenario_1,A black Jeep is driving ahead (far) of the ego vehicle and switching lane.,11.404503,3.927475,5.16,False,None,0.0
14,14_scenario_2,A white SchoolBus is driving ahead (far) of the ego vehicle and maintaining lane.,13.863955,10.478516,1.9,False,None,0.0
14,14_scenario_3,A red SUV is overtaking (near) the ego vehicle and maintaining lane.,1.350263,5.803277,0.4400000000000001,False,None,0.0
14,14_scenario_4,A skyblue BoxTruck is driving ahead (near) of the ego vehicle and switching lane.,21.834457,4.611841,0.6799999999999999,False,None,0.0
14,14_scenario_5,A black Jeep is overtaking (far) the ego vehicle and maintaining lane.,13.067344,14.910248,6.84,False,None,0.0
14,14_scenario_6,A yellow Sedan is overtaking (far) the ego vehicle and maintaining lane.,7.187133,9.271152,5.88,False,None,0.0
14,14_scenario_7,A red BoxTruck is driving ahead (far) of the ego vehicle and switching lane.,2.998654,7.917251,7.46,False,None,0.0
14,14_scenario_8,A black Jeep is overtaking (far) the ego vehicle and maintaining lane.,3.06886,3.865485,5.32,False,None,0.0
14,14_scenario_9,A skyblue Hatchback is driving ahead (far) of the ego vehicle and maintaining lane.,3.61384,18.278669,3.82,False,None,0.0
14,14_scenario_10,A pink Hatchback is driving ahead (near) of the ego vehicle and switching lane.,2.820547,8.850077,6.28,False,None,0.0
14,14_scenario_11,A white BoxTruck is driving from the opposite direction (far) and switching lane.,2.005292,7.583451,5.38,False,None,0.0
14,14_scenario_12,A red SchoolBus is overtaking (near) the ego vehicle and switching lane.,3.854494,5.183033,4.34,False,None,0.0
14,14_scenario_13,A yellow SUV is overtaking (near) the ego vehicle and switching lane.,100000.0,3.363913,6.0,False,None,0.0
14,14_scenario_14,A red SUV is driving ahead (far) of the ego vehicle and maintaining lane.,3.023704,9.310503,6.36,False,None,0.0
15,15_scenario_0,A red Hatchback is crossing the road (far) and switching lane.,100000.0,16.361144,5.2,False,None,0.0
15,15_scenario_1,A yellow Sedan is driving from the opposite direction (near) and switching lane.,2.162787,14.749228,5.6,False,None,0.0
15,15_scenario_2,A white SchoolBus is driving from the opposite direction (far) and switching lane.,4.233016,31.62518,1.0,False,None,0.0
15,15_scenario_3_npc_vehicle,A pink Hatchback is driving ahead (near) of the ego vehicle and switching lane.,0.0,1.936524,2.62,True,npc_vehicle,10.002487113196173
16,16_scenario_0,A skyblue BoxTruck is driving ahead (near) of the ego vehicle and switching lane.,100000.0,13.563595,4.02,False,None,0.0
16,16_scenario_1_npc_vehicle,A black Sedan is driving ahead (near) of the ego vehicle and maintaining lane.,0.0,3.71083,4.779999999999999,True,npc_vehicle,1.1971546773329356
17,17_scenario_0,A skyblue BoxTruck is driving ahead (near) of the ego vehicle and switching lane.,100000.0,100000.0,2.4,False,None,0.0
17,17_scenario_1,A skyblue SchoolBus is driving ahead (far) of the ego vehicle and switching lane.,36.148215,43.129904,6.08,False,None,0.0
17,17_scenario_2,A black Sedan is driving ahead (far) of the ego vehicle and maintaining lane.,31.758089,39.144998,1.38,False,None,0.0
17,17_scenario_3,A red BoxTruck is driving ahead (far) of the ego vehicle and switching lane.,7.04239,29.33652,5.32,False,None,0.0
17,17_scenario_4,A yellow SUV is overtaking (far) the ego vehicle and switching lane.,1.57298,8.450882,6.68,False,None,0.0
17,17_scenario_5,A yellow Hatchback is overtaking (near) the ego vehicle and maintaining lane.,8.026738,8.619329,5.18,False,None,0.0
17,17_scenario_6,A yellow Sedan is driving from the opposite direction (near) and switching lane.,3.825466,8.843905,8.040000000000001,False,None,0.0
17,17_scenario_7,A skyblue Sedan is overtaking (far) the ego vehicle and switching lane.,3.609238,10.028379,6.16,False,None,0.0
17,17_scenario_8,A skyblue SchoolBus is driving ahead (far) of the ego vehicle and switching lane.,4.906122,20.021912,4.38,False,None,0.0
17,17_scenario_9,A pink Jeep is driving ahead (far) of the ego vehicle and maintaining lane.,9.750086,11.975529,2.84,False,None,0.0
17,17_scenario_10,A pink Hatchback is driving from the opposite direction (far) and switching lane.,10.48612,5.000476,5.6,False,None,0.0
17,17_scenario_11,A yellow Sedan is driving from the opposite direction (near) and switching lane.,2.493466,6.86311,5.380000000000001,False,None,0.0
17,17_scenario_12,A white BoxTruck is overtaking (far) the ego vehicle and switching lane.,3.236732,12.880834,2.4,False,None,0.0
17,17_scenario_13,A red BoxTruck is overtaking (near) the ego vehicle and maintaining lane.,100000.0,5.912993,1.4199999999999997,False,None,0.0
17,17_scenario_14,A red SUV is driving ahead (far) of the ego vehicle and maintaining lane.,5.64047,27.168961,4.92,False,None,0.0
18,18_scenario_0,A red BoxTruck is driving ahead (far) of the ego vehicle and maintaining lane.,11.290912,50.653939,4.66,False,None,0.0
18,18_scenario_1,A pink Sedan is driving from the opposite direction (far) and maintaining lane.,5.517461,48.584218,6.14,False,None,0.0
18,18_scenario_2,A white Hatchback is driving ahead (far) of the ego vehicle and switching lane.,8.23238,44.819814,0.98,False,None,0.0
18,18_scenario_3,A white SchoolBus is driving ahead (near) of the ego vehicle and switching lane.,1.626878,6.677549,10.62,False,None,0.0
18,18_scenario_4,A yellow Hatchback is overtaking (near) the ego vehicle and maintaining lane.,2.115541,4.726812,8.12,False,None,0.0
18,18_scenario_5,A skyblue Sedan is overtaking (far) the ego vehicle and switching lane.,2.145112,11.356543,2.04,False,None,0.0
18,18_scenario_6,A yellow SchoolBus is overtaking (far) the ego vehicle and maintaining lane.,7.749921,9.625685,6.76,False,None,0.0
18,18_scenario_7,A yellow Jeep is driving from the opposite direction (far) and switching lane.,4.539518,4.352591,5.12,False,None,0.0
18,18_scenario_8,A skyblue Jeep is overtaking (far) the ego vehicle and switching lane.,2.318691,3.928997,11.22,False,None,0.0
18,18_scenario_9,A pink Jeep is driving ahead (far) of the ego vehicle and maintaining lane.,24.72048,7.959735,3.96,False,None,0.0
18,18_scenario_10,A white SchoolBus is driving ahead (near) of the ego vehicle and switching lane.,5.049827,13.942207,5.359999999999999,False,None,0.0
18,18_scenario_11,A black Sedan is driving ahead (far) of the ego vehicle and maintaining lane.,5.814337,4.61544,7.120000000000001,False,None,0.0
18,18_scenario_12,A skyblue SchoolBus is driving ahead (far) of the ego vehicle and switching lane.,6.073369,3.249588,4.78,False,None,0.0
18,18_scenario_13,A black Jeep is overtaking (far) the ego vehicle and maintaining lane.,3.604719,7.360761,4.66,False,None,0.0
18,18_scenario_14,A yellow BoxTruck is overtaking (far) the ego vehicle and maintaining lane.,7.514712,7.882856,3.74,False,None,0.0
18,18_scenario_15,A white Sedan is driving ahead (far) of the ego vehicle and switching lane.,176.147848,6.222753,6.38,False,None,0.0
18,18_scenario_16,A white SUV is driving ahead (far) of the ego vehicle and switching lane.,33.542758,3.666363,6.8,False,None,0.0
19,19_scenario_0,A black Jeep is overtaking (far) the ego vehicle and maintaining lane.,100000.0,28.346247,3.3400000000000003,False,None,0.0
19,19_scenario_1,A white BoxTruck is driving from the opposite direction (far) and switching lane.,5.599788,10.744282,1.1,False,None,0.0
19,19_scenario_2,A white BoxTruck is overtaking (near) the ego vehicle and switching lane.,2.692988,7.989551,0.6599999999999999,False,None,0.0
19,19_scenario_3,A black Jeep is overtaking (far) the ego vehicle and maintaining lane.,46.98317,6.504583,2.42,False,None,0.0
19,19_scenario_4,A black Jeep is overtaking (far) the ego vehicle and maintaining lane.,22.285748,3.937185,2.6,False,None,0.0
19,19_scenario_5,A yellow Hatchback is overtaking (far) the ego vehicle and switching lane.,17.628135,4.201231,14.32,False,None,0.0
19,19_scenario_6,A skyblue Hatchback is driving ahead (far) of the ego vehicle and maintaining lane.,8.363015,9.083545,16.0,False,None,0.0
19,19_scenario_7,A red BoxTruck is driving ahead (far) of the ego vehicle and switching lane.,3.09698,5.808765,5.639999999999999,False,None,0.0
19,19_scenario_8,A pink Hatchback is driving ahead (near) of the ego vehicle and switching lane.,2.279925,3.405298,4.12,False,None,0.0
19,19_scenario_9,A white BoxTruck is overtaking (near) the ego vehicle and switching lane.,2.909562,12.281643,5.82,False,None,0.0
19,19_scenario_10,A black Sedan is driving ahead (near) of the ego vehicle and maintaining lane.,2.045586,8.313815,5.239999999999999,False,None,0.0
19,19_scenario_11,A skyblue BoxTruck is driving ahead (near) of the ego vehicle and switching lane.,1.861174,4.444105,6.04,False,None,0.0
19,19_scenario_12,A yellow Hatchback is overtaking (near) the ego vehicle and maintaining lane.,1.979258,4.89002,4.14,False,None,0.0
19,19_scenario_13,A yellow Sedan is overtaking (far) the ego vehicle and maintaining lane.,1.871043,6.188171,5.26,False,None,0.0
19,19_scenario_14,A skyblue Jeep is overtaking (far) the ego vehicle and switching lane.,100000.0,3.373281,1.74,False,None,0.0
19,19_scenario_15,A white Jeep is driving ahead (near) of the ego vehicle and maintaining lane.,100000.0,15.211972,4.94,False,None,0.0
