Execution,ScenarioID,Configuration_API_Description,Attribute[TTC],Attribute[DTO],Attribute[Jerk],Attribute[COL],Attribute[COLT],Attribute[SAC]
0,0_scenario_0,A black Hatchback is overtaking (near) the ego vehicle and switching lane.,3.899213,9.631553,5.12,False,None,0.0
0,0_scenario_1,A black Sedan is driving ahead (far) of the ego vehicle and maintaining lane.,100000.0,5.323507,4.8,False,None,0.0
0,0_scenario_2,A white BoxTruck is overtaking (far) the ego vehicle and switching lane.,19.683167,3.060639,0.4400000000000001,False,None,0.0
0,0_scenario_3,A red Jeep is overtaking (near) the ego vehicle and switching lane.,100000.0,3.810375,0.6799999999999999,False,None,0.0
0,0_scenario_4,A white SchoolBus is driving ahead (far) of the ego vehicle and maintaining lane.,3.036495,8.092429,8.1,False,None,0.0
0,0_scenario_5,A black Sedan is driving ahead (near) of the ego vehicle and maintaining lane.,1.796707,20.093526,7.219999999999999,False,None,0.0
0,0_scenario_6,A yellow BoxTruck is overtaking (far) the ego vehicle and maintaining lane.,1.751004,22.678927,3.42,False,None,0.0
0,0_scenario_7,A black Sedan is driving ahead (far) of the ego vehicle and maintaining lane.,8.278671,28.801797,3.54,False,None,0.0
0,0_scenario_8,A red SchoolBus is overtaking (far) the ego vehicle and switching lane.,7.622263,13.799008,4.28,False,None,0.0
0,0_scenario_9,A red SUV is overtaking (near) the ego vehicle and maintaining lane.,7.770764,10.959379,2.6,False,None,0.0
0,0_scenario_10,A white BoxTruck is overtaking (far) the ego vehicle and switching lane.,10.868505,11.581569,0.6,False,None,0.0
0,0_scenario_11,A pink BoxTruck is driving ahead (near) of the ego vehicle and maintaining lane.,1.069962,4.310234,5.18,False,None,0.0
1,1_scenario_0,A pink Jeep is driving ahead (far) of the ego vehicle and maintaining lane.,100000.0,51.178952,5.540000000000001,False,None,0.0
1,1_scenario_1,A pink SUV is crossing the road (far) and switching lane.,3.255861,60.081906,3.24,False,None,0.0
1,1_scenario_2,A black Jeep is driving ahead (far) of the ego vehicle and switching lane.,3.140893,9.112942,0.62,False,None,0.0
1,1_scenario_3,A black SUV is driving from the opposite direction (far) and switching lane.,100000.0,9.426127,5.84,False,None,0.0
1,1_scenario_4,A white Hatchback is overtaking (far) the ego vehicle and maintaining lane.,0.531667,19.75441,10.88,False,None,0.0
1,1_scenario_5,A pink Jeep is driving ahead (far) of the ego vehicle and maintaining lane.,100000.0,20.182661,9.48,False,None,0.0
1,1_scenario_6,A skyblue Hatchback is driving ahead (far) of the ego vehicle and maintaining lane.,1.999293,19.089862,3.3000000000000003,False,None,0.0
1,1_scenario_7,A red SchoolBus is overtaking (far) the ego vehicle and switching lane.,11.548442,40.192897,5.7,False,None,0.0
1,1_scenario_8,A pink SUV is driving from the opposite direction (far) and maintaining lane.,9.206572,39.227699,4.720000000000001,False,None,0.0
1,1_scenario_9,A pink BoxTruck is driving ahead (near) of the ego vehicle and maintaining lane.,3.059717,15.579206,2.44,False,None,0.0
1,1_scenario_10,A black Jeep is driving ahead (far) of the ego vehicle and switching lane.,4.231155,7.838314,1.7400000000000002,False,None,0.0
1,1_scenario_11,A skyblue Hatchback is driving ahead (far) of the ego vehicle and maintaining lane.,0.842353,4.889312,6.92,False,None,0.0
1,1_scenario_12,A yellow SchoolBus is overtaking (far) the ego vehicle and maintaining lane.,0.928608,4.65451,7.08,False,None,0.0
2,2_scenario_0,A red BoxTruck is driving from the opposite direction (far) and maintaining lane.,100000.0,9.61488,4.4,False,None,0.0
2,2_scenario_1,A yellow Sedan is crossing the road (far) and switching lane.,17.433715,22.933181,1.72,False,None,0.0
2,2_scenario_2,A yellow Sedan is crossing the road (far) and switching lane.,100000.0,70.473974,2.54,False,None,0.0
2,2_scenario_3,A skyblue SUV is driving from the opposite direction (near) and maintaining lane.,2.024289,8.494843,0.4600000000000002,False,None,0.0
2,2_scenario_4,A white SUV is driving ahead (far) of the ego vehicle and switching lane.,100000.0,51.625535,4.859999999999999,False,None,0.0
2,2_scenario_5,A red SUV is overtaking (near) the ego vehicle and maintaining lane.,100000.0,23.976685,10.36,False,None,0.0
2,2_scenario_6,A white BoxTruck is overtaking (far) the ego vehicle and switching lane.,6.621628,51.426888,4.2,False,None,0.0
2,2_scenario_7,A yellow BoxTruck is overtaking (far) the ego vehicle and maintaining lane.,8.897572,38.251052,4.96,False,None,0.0
2,2_scenario_8,A pedestrian is crossing the road from left to right.,17.857562,18.900402,3.58,False,None,0.0
2,2_scenario_9,A black Sedan is driving ahead (near) of the ego vehicle and maintaining lane.,2.594614,4.08648,2.98,False,None,0.0
2,2_scenario_10,A yellow Hatchback is overtaking (far) the ego vehicle and switching lane.,1.535687,5.322202,0.6000000000000001,False,None,0.0
2,2_scenario_11,A black Hatchback is overtaking (near) the ego vehicle and switching lane.,1.94132,3.835118,4.8,False,None,0.0
3,3_scenario_0,A pink BoxTruck is driving ahead (near) of the ego vehicle and maintaining lane.,100000.0,15.434939,4.44,False,None,0.0
3,3_scenario_1,A white SchoolBus is driving ahead (near) of the ego vehicle and switching lane.,100000.0,25.20497,6.94,False,None,0.0
3,3_scenario_2,A red SchoolBus is overtaking (near) the ego vehicle and switching lane.,8.377596,12.248853,8.379999999999999,False,None,0.0
3,3_scenario_3,A red Hatchback is crossing the road (near) and switching lane.,6.741416,12.089557,6.040000000000001,False,None,0.0
3,3_scenario_4,A red SUV is driving ahead (far) of the ego vehicle and maintaining lane.,100000.0,3.860547,5.52,False,None,0.0
3,3_scenario_5,A black SchoolBus is crossing the road (near) and maintaining lane.,100000.0,9.141416,3.06,False,None,0.0
3,3_scenario_6_npc_vehicle,A red BoxTruck is driving ahead (far) of the ego vehicle and switching lane.,0.0,7.607789,1.54,True,npc_vehicle,0.6831506159687355
4,4_scenario_0,A red SUV is crossing the road (near) and maintaining lane.,100000.0,11.396895,1.94,False,None,0.0
4,4_scenario_1,A black Hatchback is overtaking (near) the ego vehicle and switching lane.,100000.0,5.626459,3.1,False,None,0.0
4,4_scenario_2,A red Hatchback is driving from the opposite direction (near) and switching lane.,40.973522,2.847068,0.3399999999999998,False,None,0.0
4,4_scenario_3,A black SchoolBus is overtaking (near) the ego vehicle and maintaining lane.,4.903329,28.057483,5.7,False,None,0.0
4,4_scenario_4,A black Jeep is driving ahead (far) of the ego vehicle and switching lane.,9.968424,42.309604,8.1,False,None,0.0
4,4_scenario_5,A white Sedan is driving ahead (far) of the ego vehicle and switching lane.,100000.0,14.669901,8.1,False,None,0.0
4,4_scenario_6,A pink BoxTruck is crossing the road (near) and switching lane.,1.017004,10.325331,10.38,False,None,0.0
4,4_scenario_7,A white SchoolBus is driving ahead (near) of the ego vehicle and switching lane.,2.832477,14.866534,5.76,False,None,0.0
4,4_scenario_8,A yellow BoxTruck is overtaking (far) the ego vehicle and maintaining lane.,4.577627,19.136346,4.24,False,None,0.0
4,4_scenario_9,A red Jeep is overtaking (near) the ego vehicle and switching lane.,3.048975,9.020883,3.88,False,None,0.0
4,4_scenario_10,A red Hatchback is driving from the opposite direction (near) and switching lane.,1.842198,13.625945,2.24,False,None,0.0
4,4_scenario_11,A skyblue SUV is crossing the road (far) and maintaining lane.,6.803604,58.351947,0.74,False,None,0.0
4,4_scenario_12,A yellow Hatchback is overtaking (far) the ego vehicle and switching lane.,1.257199,6.085226,6.98,False,None,0.0
5,5_scenario_0,A yellow Sedan is crossing the road (far) and switching lane.,100000.0,42.992977,3.3,False,None,0.0
5,5_scenario_1,A black Sedan is driving ahead (near) of the ego vehicle and maintaining lane.,100000.0,8.688837,14.16,False,None,0.0
5,5_scenario_2,A black Sedan is driving ahead (near) of the ego vehicle and maintaining lane.,100000.0,19.394519,2.42,False,None,0.0
5,5_scenario_3,A white Sedan is driving ahead (far) of the ego vehicle and switching lane.,10.155436,35.261582,8.440000000000001,False,None,0.0
5,5_scenario_4,A red BoxTruck is driving from the opposite direction (far) and maintaining lane.,14.088855,22.532537,5.74,False,None,0.0
5,5_scenario_5,A black Jeep is driving ahead (near) of the ego vehicle and switching lane.,1.946647,7.783104,4.0200000000000005,False,None,0.0
5,5_scenario_6,A pink SchoolBus is driving from the opposite direction (far) and maintaining lane.,3.118419,3.468569,4.18,False,None,0.0
5,5_scenario_7,A skyblue SchoolBus is driving ahead (far) of the ego vehicle and switching lane.,1.926584,4.395218,5.859999999999999,False,None,0.0
5,5_scenario_8_npc_vehicle,A white SUV is driving ahead (far) of the ego vehicle and switching lane.,0.0,3.379658,3.98,True,npc_vehicle,2.5273472620907502
6,6_scenario_0,A yellow Hatchback is overtaking (far) the ego vehicle and switching lane.,100000.0,50.859484,2.04,False,None,0.0
6,6_scenario_1,A black Jeep is overtaking (near) the ego vehicle and maintaining lane.,2.025949,6.163832,5.84,False,None,0.0
6,6_scenario_2,A black Hatchback is overtaking (near) the ego vehicle and switching lane.,8.288636,10.876156,11.48,False,None,0.0
6,6_scenario_3,A black Sedan is driving ahead (far) of the ego vehicle and maintaining lane.,16.210765,12.419208,5.08,False,None,0.0
6,6_scenario_4,A pink Sedan is driving from the opposite direction (far) and maintaining lane.,2.632805,5.114752,4.54,False,None,0.0
6,6_scenario_5,A white BoxTruck is overtaking (far) the ego vehicle and switching lane.,2.938718,3.323252,3.12,False,None,0.0
6,6_scenario_6,A red BoxTruck is driving ahead (far) of the ego vehicle and switching lane.,0.921653,9.947004,11.34,False,None,0.0
6,6_scenario_7,A red BoxTruck is overtaking (near) the ego vehicle and maintaining lane.,17.935156,9.876883,3.74,False,None,0.0
6,6_scenario_8,A skyblue Sedan is driving ahead (near) of the ego vehicle and switching lane.,0.615903,5.637638,5.539999999999999,False,None,0.0
6,6_scenario_9,A white BoxTruck is overtaking (near) the ego vehicle and switching lane.,1.83009,7.2329,4.0600000000000005,False,None,0.0
6,6_scenario_10,A pink Sedan is driving from the opposite direction (far) and switching lane.,1.071722,3.368372,1.98,False,None,0.0
6,6_scenario_11,A yellow SUV is overtaking (near) the ego vehicle and switching lane.,2.15212,6.804107,3.3,False,None,0.0
6,6_scenario_12,A skyblue BoxTruck is driving ahead (near) of the ego vehicle and switching lane.,1.872231,14.888149,0.74,False,None,0.0
6,6_scenario_13,A red SUV is overtaking (near) the ego vehicle and maintaining lane.,0.584357,4.398404,1.16,False,None,0.0
6,6_scenario_14,A yellow Jeep is driving from the opposite direction (far) and switching lane.,5.735267,59.888689,4.94,False,None,0.0
7,7_scenario_0,A pink BoxTruck is driving ahead (near) of the ego vehicle and maintaining lane.,16.865649,15.182721,5.300000000000001,False,None,0.0
7,7_scenario_1,A red BoxTruck is overtaking (near) the ego vehicle and maintaining lane.,20.964441,4.25384,8.02,False,None,0.0
7,7_scenario_2,A red Hatchback is crossing the road (near) and switching lane.,100000.0,9.249488,3.92,False,None,0.0
7,7_scenario_3,A red SchoolBus is overtaking (far) the ego vehicle and switching lane.,2.374221,24.243377,3.22,False,None,0.0
7,7_scenario_4,A white BoxTruck is overtaking (far) the ego vehicle and switching lane.,3.472003,20.206954,5.68,False,None,0.0
7,7_scenario_5,A black SchoolBus is overtaking (near) the ego vehicle and maintaining lane.,100000.0,9.953301,4.88,False,None,0.0
7,7_scenario_6,A yellow Hatchback is driving ahead (near) of the ego vehicle and maintaining lane.,2.882803,10.358403,8.16,False,None,0.0
7,7_scenario_7,A yellow Jeep is driving from the opposite direction (far) and switching lane.,7.417736,11.309253,18.7,False,None,0.0
7,7_scenario_8_npc_vehicle,A red SUV is overtaking (near) the ego vehicle and maintaining lane.,0.0,4.559506,6.18,True,npc_vehicle,0.5549904027688848
8,8_scenario_0,A red BoxTruck is overtaking (near) the ego vehicle and maintaining lane.,100000.0,3.625808,5.98,False,None,0.0
8,8_scenario_1,A yellow SUV is overtaking (near) the ego vehicle and switching lane.,100000.0,4.119797,9.8,False,None,0.0
8,8_scenario_2,A pink BoxTruck is driving ahead (near) of the ego vehicle and maintaining lane.,1.597746,7.683254,8.34,False,None,0.0
8,8_scenario_3,A white Hatchback is driving ahead (far) of the ego vehicle and switching lane.,4.506297,7.122415,4.9,False,None,0.0
8,8_scenario_4,A yellow Hatchback is crossing the road (near) and maintaining lane.,3.039128,7.747751,11.12,False,None,0.0
8,8_scenario_5,A white SchoolBus is driving ahead (near) of the ego vehicle and switching lane.,0.766681,5.94559,6.6,False,None,0.0
8,8_scenario_6,A white Jeep is driving ahead (near) of the ego vehicle and maintaining lane.,3.091299,3.503623,13.94,False,None,0.0
8,8_scenario_7,A yellow Hatchback is crossing the road (near) and maintaining lane.,3.326879,8.709057,2.32,False,None,0.0
8,8_scenario_8,A yellow SUV is overtaking (far) the ego vehicle and switching lane.,1.777167,21.566593,3.96,False,None,0.0
8,8_scenario_9,A pink Jeep is driving ahead (far) of the ego vehicle and maintaining lane.,13.442206,9.10749,9.64,False,None,0.0
8,8_scenario_10,A yellow BoxTruck is overtaking (far) the ego vehicle and maintaining lane.,2.03207,13.508709,3.18,False,None,0.0
8,8_scenario_11,A red BoxTruck is driving ahead (far) of the ego vehicle and switching lane.,6.505552,24.54453,4.22,False,None,0.0
8,8_scenario_12,A skyblue Sedan is overtaking (far) the ego vehicle and switching lane.,6.560966,37.207128,5.739999999999999,False,None,0.0
8,8_scenario_13,A red SUV is overtaking (near) the ego vehicle and maintaining lane.,0.512106,3.684182,5.36,False,None,0.0
8,8_scenario_14,A black Sedan is driving ahead (near) of the ego vehicle and maintaining lane.,2.41999,12.893681,1.26,False,None,0.0
8,8_scenario_15,A red BoxTruck is driving from the opposite direction (near) and maintaining lane.,2.792114,21.561875,6.14,False,None,0.0
8,8_scenario_16,A white Jeep is driving ahead (near) of the ego vehicle and maintaining lane.,1.964457,12.935642,7.14,False,None,0.0
9,9_scenario_0,A red Sedan is overtaking (near) the ego vehicle and maintaining lane.,100000.0,3.790914,3.82,False,None,0.0
9,9_scenario_1,A skyblue Hatchback is driving from the opposite direction (far) and maintaining lane.,2.055858,7.064837,3.1800000000000006,False,None,0.0
9,9_scenario_2,A red SchoolBus is overtaking (near) the ego vehicle and switching lane.,2.293902,8.258363,13.48,False,None,0.0
9,9_scenario_3,A white SchoolBus is driving ahead (far) of the ego vehicle and maintaining lane.,21.104767,5.635463,15.5,False,None,0.0
9,9_scenario_4,A skyblue SchoolBus is driving ahead (far) of the ego vehicle and switching lane.,4.175644,8.060534,6.3,False,None,0.0
9,9_scenario_5,A white BoxTruck is overtaking (near) the ego vehicle and switching lane.,2.078798,14.956014,2.28,False,None,0.0
9,9_scenario_6,A black SUV is driving ahead (near) of the ego vehicle and maintaining lane.,10.507566,11.072096,11.48,False,None,0.0
9,9_scenario_7,A white SchoolBus is driving ahead (near) of the ego vehicle and switching lane.,3.816836,9.586903,10.84,False,None,0.0
9,9_scenario_8,A black Sedan is driving ahead (near) of the ego vehicle and maintaining lane.,4.442703,17.334204,3.9,False,None,0.0
9,9_scenario_9,A black Jeep is overtaking (far) the ego vehicle and maintaining lane.,5.835725,30.055092,2.72,False,None,0.0
9,9_scenario_10,A red BoxTruck is driving ahead (far) of the ego vehicle and maintaining lane.,6.837031,47.212791,4.539999999999999,False,None,0.0
9,9_scenario_11,A white SchoolBus is driving ahead (near) of the ego vehicle and switching lane.,2.969725,14.961382,3.3800000000000003,False,None,0.0
9,9_scenario_12,A red Sedan is overtaking (near) the ego vehicle and maintaining lane.,3.800224,8.424357,5.6,False,None,0.0
9,9_scenario_13,A skyblue Jeep is overtaking (far) the ego vehicle and switching lane.,0.96972,8.655186,5.16,False,None,0.0
10,10_scenario_0,A white SchoolBus is driving ahead (near) of the ego vehicle and switching lane.,3.024314,15.709305,4.42,False,None,0.0
10,10_scenario_1,A black Sedan is driving ahead (near) of the ego vehicle and maintaining lane.,0.745854,9.377926,7.08,False,None,0.0
10,10_scenario_2,A white BoxTruck is overtaking (near) the ego vehicle and switching lane.,7.27885,10.722157,4.86,False,None,0.0
10,10_scenario_3_npc_vehicle,A skyblue Hatchback is driving from the opposite direction (far) and maintaining lane.,0.0,3.013708,4.279999999999999,True,npc_vehicle,0.0900735996873362
11,11_scenario_0,A skyblue SchoolBus is driving ahead (far) of the ego vehicle and switching lane.,2.836956,50.180281,1.7600000000000002,False,None,0.0
11,11_scenario_1,A black Jeep is driving ahead (far) of the ego vehicle and switching lane.,100000.0,50.028065,3.24,False,None,0.0
11,11_scenario_2,A white BoxTruck is overtaking (far) the ego vehicle and switching lane.,100000.0,29.694226,8.3,False,None,0.0
11,11_scenario_3,A yellow Hatchback is overtaking (far) the ego vehicle and switching lane.,100000.0,3.204836,5.68,False,None,0.0
11,11_scenario_4,A white Jeep is driving ahead (near) of the ego vehicle and maintaining lane.,18.194213,4.931187,4.6000000000000005,False,None,0.0
11,11_scenario_5,A pink Jeep is driving ahead (far) of the ego vehicle and maintaining lane.,3.590502,21.919084,4.739999999999999,False,None,0.0
11,11_scenario_6,A pink SchoolBus is driving from the opposite direction (far) and maintaining lane.,5.040102,41.931276,14.56,False,None,0.0
11,11_scenario_7,A black SchoolBus is overtaking (near) the ego vehicle and maintaining lane.,2.341757,41.51562,1.9,False,None,0.0
11,11_scenario_8,A red SUV is overtaking (near) the ego vehicle and maintaining lane.,0.559955,4.093869,5.32,False,None,0.0
11,11_scenario_9,A red BoxTruck is driving ahead (far) of the ego vehicle and switching lane.,2.608083,55.1277,1.08,False,None,0.0
11,11_scenario_10,A skyblue Jeep is overtaking (far) the ego vehicle and switching lane.,1.332405,6.868998,5.3,False,None,0.0
12,12_scenario_0,A black Sedan is driving ahead (far) of the ego vehicle and maintaining lane.,100000.0,51.334852,7.56,False,None,0.0
12,12_scenario_1,A skyblue SUV is driving from the opposite direction (near) and maintaining lane.,100000.0,8.023394,7.6,False,None,0.0
12,12_scenario_2,A white Hatchback is driving ahead (far) of the ego vehicle and switching lane.,3.546535,44.282735,10.64,False,None,0.0
12,12_scenario_3,A red SchoolBus is overtaking (far) the ego vehicle and switching lane.,100000.0,43.208535,1.3,False,None,0.0
12,12_scenario_4,A black Sedan is driving ahead (near) of the ego vehicle and maintaining lane.,100000.0,5.218058,5.239999999999999,False,None,0.0
12,12_scenario_5,A black Sedan is driving ahead (near) of the ego vehicle and maintaining lane.,0.698652,9.806056,5.959999999999999,False,None,0.0
12,12_scenario_6,A skyblue Hatchback is driving ahead (far) of the ego vehicle and maintaining lane.,0.711378,7.938475,9.82,False,None,0.0
12,12_scenario_7,A yellow Hatchback is driving ahead (near) of the ego vehicle and maintaining lane.,1.990272,10.252672,1.82,False,None,0.0
12,12_scenario_8,A white Jeep is driving ahead (near) of the ego vehicle and maintaining lane.,2.740021,9.072694,5.1000000000000005,False,None,0.0
12,12_scenario_9,A black Jeep is driving ahead (far) of the ego vehicle and switching lane.,2.868165,18.503581,3.54,False,None,0.0
12,12_scenario_10,A pink Hatchback is driving from the opposite direction (far) and switching lane.,4.860663,40.016342,1.86,False,None,0.0
12,12_scenario_11,A black Jeep is overtaking (far) the ego vehicle and maintaining lane.,0.471109,4.152324,0.7799999999999999,False,None,0.0
12,12_scenario_12,A white SchoolBus is driving from the opposite direction (far) and switching lane.,0.940709,27.18597,4.76,False,None,0.0
13,13_scenario_0,A white SUV is driving ahead (far) of the ego vehicle and switching lane.,100000.0,50.774245,5.0200000000000005,False,None,0.0
13,13_scenario_1,A black Jeep is driving ahead (far) of the ego vehicle and switching lane.,100000.0,57.968128,2.52,False,None,0.0
13,13_scenario_2,A yellow Sedan is overtaking (near) the ego vehicle and switching lane.,0.827133,3.967621,7.460000000000001,False,None,0.0
13,13_scenario_3,A pink Jeep is crossing the road (near) and switching lane.,100000.0,10.686115,4.0,False,None,0.0
13,13_scenario_4,A red BoxTruck is driving ahead (far) of the ego vehicle and switching lane.,8.999406,32.722052,3.56,False,None,0.0
13,13_scenario_5,A pink SUV is driving from the opposite direction (far) and maintaining lane.,3.494158,15.847542,4.4,False,None,0.0
13,13_scenario_6,A yellow Sedan is overtaking (near) the ego vehicle and switching lane.,0.829577,7.501418,3.26,False,None,0.0
13,13_scenario_7,A black SchoolBus is crossing the road (near) and maintaining lane.,2.222746,13.794812,3.08,False,None,0.0
13,13_scenario_8,A black Jeep is overtaking (near) the ego vehicle and maintaining lane.,3.106858,8.675897,5.5600000000000005,False,None,0.0
13,13_scenario_9,A skyblue SUV is crossing the road (far) and maintaining lane.,7.177323,8.23266,4.48,False,None,0.0
14,14_scenario_0,A yellow SchoolBus is driving from the opposite direction (near) and switching lane.,100000.0,11.741433,3.94,False,None,0.0
14,14_scenario_1,A white BoxTruck is overtaking (near) the ego vehicle and switching lane.,1.276161,13.046456,3.54,False,None,0.0
14,14_scenario_2,A yellow SUV is overtaking (near) the ego vehicle and switching lane.,100000.0,3.515969,0.3199999999999998,False,None,0.0
14,14_scenario_3,A skyblue BoxTruck is driving ahead (near) of the ego vehicle and switching lane.,115.647627,3.488832,10.82,False,None,0.0
14,14_scenario_4,A pink SUV is overtaking (far) the ego vehicle and maintaining lane.,1.842655,3.28848,12.52,False,None,0.0
14,14_scenario_5,A white Hatchback is driving ahead (far) of the ego vehicle and switching lane.,0.718563,9.079026,6.42,False,None,0.0
14,14_scenario_6,A white SchoolBus is driving ahead (far) of the ego vehicle and maintaining lane.,1.024621,9.745484,3.78,False,None,0.0
14,14_scenario_7,A black SUV is driving from the opposite direction (far) and switching lane.,4.259748,29.772611,5.56,False,None,0.0
14,14_scenario_8,A red BoxTruck is driving ahead (far) of the ego vehicle and switching lane.,9.326752,52.521065,5.96,False,None,0.0
14,14_scenario_9,A red BoxTruck is driving from the opposite direction (far) and maintaining lane.,4.051267,44.628168,4.02,False,None,0.0
14,14_scenario_10,A white SchoolBus is crossing the road (far) and switching lane.,3.481579,25.562152,2.62,False,None,0.0
14,14_scenario_11,A black Jeep is overtaking (far) the ego vehicle and maintaining lane.,6.690915,3.832303,0.4800000000000001,False,None,0.0
14,14_scenario_12,A red SUV is driving ahead (far) of the ego vehicle and maintaining lane.,1.016371,4.098695,4.9,False,None,0.0
15,15_scenario_0,A skyblue BoxTruck is driving ahead (near) of the ego vehicle and switching lane.,5.651751,15.728554,5.98,False,None,0.0
15,15_scenario_1,A white SUV is driving ahead (far) of the ego vehicle and switching lane.,6.674634,12.649595,3.88,False,None,0.0
15,15_scenario_2,A pink SUV is overtaking (far) the ego vehicle and maintaining lane.,1.836529,9.171203,0.4399999999999999,False,None,0.0
15,15_scenario_3,A yellow SchoolBus is overtaking (far) the ego vehicle and maintaining lane.,3.351804,17.47532,5.62,False,None,0.0
15,15_scenario_4,A pink SUV is crossing the road (far) and switching lane.,3.588143,4.931432,9.34,False,None,0.0
15,15_scenario_5,A yellow Hatchback is overtaking (near) the ego vehicle and maintaining lane.,1.798022,10.367011,11.12,False,None,0.0
15,15_scenario_6,A black Jeep is overtaking (near) the ego vehicle and maintaining lane.,1.393056,10.79404,5.42,False,None,0.0
15,15_scenario_7,A pedestrian is crossing the road from left to right.,2.275265,15.415019,6.199999999999999,False,None,0.0
15,15_scenario_8,A white Jeep is driving ahead (near) of the ego vehicle and maintaining lane.,11.622466,8.412905,5.24,False,None,0.0
15,15_scenario_9,A black SchoolBus is overtaking (near) the ego vehicle and maintaining lane.,8.451897,4.607337,4.08,False,None,0.0
15,15_scenario_10,A pedestrian is crossing the road from right to left.,16.060981,2.115668,7.0600000000000005,False,None,0.0
15,15_scenario_11_pedestrian,A black Jeep is driving ahead (far) of the ego vehicle and switching lane.,0.0,1.347453,0.7000000000000002,True,pedestrian,1.3254350978141802
16,16_scenario_0,A black SchoolBus is crossing the road (far) and maintaining lane.,5.943504,39.334592,4.18,False,None,0.0
16,16_scenario_1,A pink BoxTruck is driving ahead (near) of the ego vehicle and maintaining lane.,5.750087,11.438835,9.02,False,None,0.0
16,16_scenario_2,A red BoxTruck is overtaking (near) the ego vehicle and maintaining lane.,100000.0,10.005463,4.300000000000001,False,None,0.0
16,16_scenario_3,A white Jeep is driving ahead (near) of the ego vehicle and maintaining lane.,100000.0,3.203253,8.58,False,None,0.0
16,16_scenario_4,A black Hatchback is overtaking (near) the ego vehicle and switching lane.,0.721718,2.7088,4.9,False,None,0.0
16,16_scenario_5,A red BoxTruck is driving ahead (far) of the ego vehicle and maintaining lane.,2.396149,6.314738,8.62,False,None,0.0
16,16_scenario_6,A red SUV is driving ahead (near) of the ego vehicle and switching lane.,4.557254,5.95868,4.04,False,None,0.0
16,16_scenario_7,A white Sedan is driving ahead (far) of the ego vehicle and switching lane.,3.699526,15.46937,2.02,False,None,0.0
16,16_scenario_8,A red SUV is driving ahead (far) of the ego vehicle and maintaining lane.,15.077245,18.805344,7.8,False,None,0.0
16,16_scenario_9,A red BoxTruck is driving ahead (far) of the ego vehicle and maintaining lane.,1.846859,17.871908,2.72,False,None,0.0
16,16_scenario_10,A skyblue Hatchback is driving ahead (far) of the ego vehicle and maintaining lane.,10.116906,40.856223,5.220000000000001,False,None,0.0
16,16_scenario_11,A pink SUV is crossing the road (far) and switching lane.,3.467974,39.136663,5.0200000000000005,False,None,0.0
16,16_scenario_12,A pedestrian is crossing the road from right to left.,8.629269,23.932742,4.1,False,None,0.0
16,16_scenario_13,A red SUV is driving ahead (near) of the ego vehicle and switching lane.,2.270514,12.542589,0.6200000000000001,False,None,0.0
16,16_scenario_14,A black SchoolBus is overtaking (near) the ego vehicle and maintaining lane.,0.957993,3.301154,6.78,False,None,0.0
16,16_scenario_15,A pink SUV is overtaking (far) the ego vehicle and maintaining lane.,1.534198,9.721683,4.3,False,None,0.0
17,17_scenario_0,A red SUV is driving ahead (far) of the ego vehicle and maintaining lane.,100000.0,51.158183,5.34,False,None,0.0
17,17_scenario_1,A skyblue Sedan is overtaking (far) the ego vehicle and switching lane.,3.404862,60.804043,2.2,False,None,0.0
17,17_scenario_2,A black Sedan is driving ahead (near) of the ego vehicle and maintaining lane.,3.422346,5.564172,0.6799999999999999,False,None,0.0
17,17_scenario_3,A pink Hatchback is driving from the opposite direction (far) and switching lane.,5.516428,8.933228,0.7,False,None,0.0
17,17_scenario_4,A skyblue Jeep is overtaking (far) the ego vehicle and switching lane.,3.554109,33.396916,8.26,False,None,0.0
17,17_scenario_5,A skyblue Sedan is overtaking (far) the ego vehicle and switching lane.,1.777263,14.737861,7.1000000000000005,False,None,0.0
17,17_scenario_6,A white SchoolBus is driving ahead (far) of the ego vehicle and maintaining lane.,2.847487,19.544109,4.42,False,None,0.0
17,17_scenario_7,A skyblue Hatchback is driving ahead (far) of the ego vehicle and maintaining lane.,11.589604,38.000007,2.3000000000000003,False,None,0.0
17,17_scenario_8,A skyblue Hatchback is driving ahead (far) of the ego vehicle and maintaining lane.,8.421018,49.392643,5.44,False,None,0.0
17,17_scenario_9,A red SUV is crossing the road (near) and maintaining lane.,1.83224,17.164582,3.54,False,None,0.0
17,17_scenario_10,A skyblue Hatchback is driving ahead (far) of the ego vehicle and maintaining lane.,5.622154,61.544799,0.98,False,None,0.0
17,17_scenario_11,A yellow Sedan is overtaking (near) the ego vehicle and switching lane.,8.633884,5.588577,0.9,False,None,0.0
17,17_scenario_12,A red SchoolBus is overtaking (far) the ego vehicle and switching lane.,2.512439,4.06338,4.82,False,None,0.0
18,18_scenario_0,A white SchoolBus is driving from the opposite direction (far) and switching lane.,100000.0,11.669087,3.14,False,None,0.0
18,18_scenario_1,A black SchoolBus is overtaking (near) the ego vehicle and maintaining lane.,3.8136,12.497682,1.36,False,None,0.0
18,18_scenario_2,A red SUV is driving ahead (near) of the ego vehicle and switching lane.,14.772916,4.356697,0.8199999999999998,False,None,0.0
18,18_scenario_3,A black Sedan is driving ahead (far) of the ego vehicle and maintaining lane.,2.179076,3.446594,2.780000000000001,False,None,0.0
18,18_scenario_4,A skyblue Sedan is overtaking (far) the ego vehicle and switching lane.,1.837805,4.412605,11.42,False,None,0.0
18,18_scenario_5,A yellow SchoolBus is driving from the opposite direction (near) and switching lane.,1.341397,7.503401,8.719999999999999,False,None,0.0
18,18_scenario_6,A red BoxTruck is driving ahead (far) of the ego vehicle and maintaining lane.,1.222954,15.410098,3.76,False,None,0.0
18,18_scenario_7,A skyblue Jeep is overtaking (far) the ego vehicle and switching lane.,7.321651,21.704254,5.300000000000001,False,None,0.0
18,18_scenario_8,A black SchoolBus is overtaking (near) the ego vehicle and maintaining lane.,13.060445,13.827786,4.880000000000001,False,None,0.0
18,18_scenario_9,A skyblue Jeep is overtaking (far) the ego vehicle and switching lane.,10.416858,12.550686,4.64,False,None,0.0
18,18_scenario_10,A red SUV is overtaking (near) the ego vehicle and maintaining lane.,15.395511,11.852795,0.8200000000000001,False,None,0.0
18,18_scenario_11,A red BoxTruck is driving ahead (far) of the ego vehicle and switching lane.,6.319756,11.184287,6.12,False,None,0.0
19,19_scenario_0,A black Jeep is driving ahead (near) of the ego vehicle and switching lane.,100000.0,11.986517,4.56,False,None,0.0
19,19_scenario_1,A red BoxTruck is driving from the opposite direction (near) and maintaining lane.,100000.0,19.210061,4.28,False,None,0.0
19,19_scenario_2,A red BoxTruck is overtaking (near) the ego vehicle and maintaining lane.,2.968988,12.985797,3.72,False,None,0.0
19,19_scenario_3,A red SchoolBus is overtaking (far) the ego vehicle and switching lane.,100000.0,13.1544,0.5,False,None,0.0
19,19_scenario_4,A red BoxTruck is overtaking (near) the ego vehicle and maintaining lane.,9.113665,18.467394,7.32,False,None,0.0
19,19_scenario_5,A yellow Sedan is overtaking (far) the ego vehicle and maintaining lane.,1.103136,13.82601,7.26,False,None,0.0
19,19_scenario_6,A yellow Sedan is crossing the road (far) and switching lane.,2.576338,12.232385,2.78,False,None,0.0
19,19_scenario_7,A black Jeep is overtaking (far) the ego vehicle and maintaining lane.,3.381311,34.053893,3.1800000000000006,False,None,0.0
19,19_scenario_8,A pedestrian is crossing the road from left to right.,10.079754,19.084297,4.6,False,None,0.0
19,19_scenario_9,A yellow Hatchback is driving ahead (near) of the ego vehicle and maintaining lane.,10.182935,14.713538,0.9,False,None,0.0
19,19_scenario_10,A pink SUV is overtaking (far) the ego vehicle and maintaining lane.,1.230499,4.328561,5.0600000000000005,False,None,0.0
